pickup,dropoff,trips,distance,fare,passengers
1,1,263,157.55,23369.91,463
1,6,1,22.33,75.0,1
1,48,1,0.0,124.0,1
1,68,1,19.59,147.2,1
1,138,1,25.87,96.8,2
1,144,1,15.8,86.0,1
1,230,1,17.66,146.5,2
2,70,1,9.6,36.6,1
2,216,1,9.98,39.25,0
2,263,1,18.69,70.0,1
3,3,12,3.17,415.0,12
3,4,1,15.9,44.5,1
3,7,1,9.7,40.5,1
3,10,1,14.1,43.5,1
3,18,1,2.5,20.5,1
3,21,2,26.2,147.0,2
3,32,1,0.0,15.5,1
3,42,3,22.9,94.5,3
3,45,1,15.0,51.5,1
3,48,1,13.3,48.5,1
3,51,1,1.0,17.5,1
3,60,1,4.84,37.75,0
3,71,2,2.3,111.0,2
3,72,1,17.3,51.5,1
3,74,3,26.7,121.5,3
3,75,1,0.0,34.0,1
3,81,3,7.76,46.65,1
3,82,1,16.5,42.5,1
3,88,3,37.7,160.5,3
3,100,2,33.0,94.0,2
3,107,3,28.7,135.5,3
3,116,2,18.3,73.0,2
3,119,1,4.7,25.5,1
3,127,1,4.74,28.79,0
3,136,1,0.0,28.67,0
3,137,4,46.9,176.0,4
3,140,2,21.7,84.0,2
3,142,2,27.3,95.0,2
3,144,1,0.0,53.0,1
3,159,1,5.2,35.5,1
3,166,2,9.3,78.53,1
3,167,1,6.9,27.5,1
3,168,1,9.66,35.27,0
3,169,2,8.0,44.0,2
3,183,1,0.0,11.94,0
3,185,1,1.8,17.5,1
3,186,1,0.0,46.5,1
3,218,1,22.3,52.5,1
3,222,1,18.5,50.5,1
3,223,2,9.9,79.36,1
3,227,1,0.2,65.5,1
3,231,7,104.1,358.5,7
3,233,1,10.5,42.5,1
3,234,1,13.2,42.5,1
3,235,2,11.4,60.58,1
3,236,1,11.02,58.87,0
3,238,1,11.88,37.42,0
3,239,2,14.2,78.87,1
3,241,1,2.7,20.5,1
3,242,2,5.5,41.7,3
3,244,3,17.6,98.5,3
3,246,1,12.8,41.5,1
3,248,1,3.11,21.27,0
3,250,1,0.0,14.91,0
3,254,2,5.26,37.99,1
3,258,1,0.0,47.5,1
3,259,2,2.6,41.68,1
4,1,1,13.01,74.03,0
4,4,110,30.47,1929.7,121
4,7,4,24.61,109.95,6
4,12,1,3.63,24.0,1
4,13,31,97915.4,610.76,28
4,14,1,11.05,52.0,1
4,16,1,8.6,40.5,1
4,17,5,19.95,115.78,4
4,24,7,33.75,189.47,3
4,25,11,51.61,240.42,14
4,26,1,12.1,54.8,1
4,33,11,47.17,230.01,10
4,34,2,8.33,51.5,2
4,36,12,68.73,362.9,13
4,37,10,48.37,287.36,9
4,40,3,18.63,83.2,4
4,41,12,82.07,404.97,8
4,42,15,97.07,497.33,14
4,43,5,25.34,140.57,3
4,45,35,65.16,461.6,28
4,48,61,220.27,1443.69,44
4,49,12,54.78,305.3,15
4,50,19,78.21,489.54,12
4,51,2,29.6,89.0,2
4,52,4,18.48,95.3,5
4,55,1,13.07,54.8,1
4,56,1,7.6,30.5,1
4,61,7,49.83,238.68,8
4,62,4,25.69,125.3,5
4,65,8,28.01,162.75,8
4,66,9,32.13,180.41,6
4,68,91,211.54,1592.2,78
4,69,1,10.22,41.5,1
4,74,20,83.85,598.42,13
4,75,25,114.88,625.63,12
4,78,3,33.53,129.9,3
4,79,266,192.56,2440.74,295
4,80,21,76.45,453.65,19
4,81,1,16.8,62.5,1
4,87,74,211.27,1164.55,61
4,88,20,56.52,300.96,17
4,89,2,14.99,79.27,1
4,90,87,169.08,1217.28,86
4,95,1,9.17,42.9,1
4,97,12,57.86,287.8,14
4,100,29,92.73,635.89,23
4,106,1,5.93,28.2,1
4,107,190,234.74,1988.96,207
4,112,10,48.02,244.17,15
4,113,77,95.78,832.65,86
4,114,170,198.43,1811.16,189
4,116,5,48.59,201.58,2
4,120,1,11.8,28.5,1
4,125,20,36.09,267.66,26
4,126,1,10.1,45.0,1
4,127,4,10.38,111.49,1
4,129,1,7.93,33.8,1
4,130,1,12.5,23.5,1
4,132,8,122.94,538.26,6
4,133,2,10.05,70.4,2
4,134,1,11.96,47.1,1
4,136,2,21.2,75.0,2
4,137,96,146.07,1119.36,97
4,138,16,162.65,669.64,4
4,140,45,153.2,910.69,32
4,141,42,153.12,771.5,40
4,142,24,96.96,587.88,27
4,143,22,107.81,560.21,18
4,144,101,127.97,1070.06,119
4,145,8,37.62,225.08,9
4,146,2,10.1,47.3,2
4,148,175,156.52,1533.87,208
4,151,15,103.21,470.27,19
4,152,2,18.98,87.8,1
4,155,1,10.6,58.5,1
4,158,36,76.24,562.34,41
4,161,32,95.65,618.81,31
4,162,55,136.61,873.81,34
4,163,27,97.96,632.42,32
4,164,50,107.96,781.24,48
4,165,1,11.36,38.96,0
4,166,14,100.07,453.05,9
4,167,1,10.65,45.0,1
4,168,3,15.5,89.5,3
4,170,117,235.82,1658.98,126
4,179,2,15.67,68.3,2
4,180,1,11.3,39.5,1
4,181,11,66.96,330.53,12
4,182,2,25.3,0.0,4
4,186,54,127.26,1012.27,34
4,188,1,7.59,37.3,2
4,189,1,5.07,31.7,1
4,191,3,19.9,148.5,3
4,192,1,11.34,47.1,2
4,195,2,10.96,58.22,1
4,196,1,7.3,30.5,1
4,198,2,13.06,77.5,3
4,202,1,7.04,34.5,1
4,209,26,67.51,405.77,22
4,211,91,127.56,1112.32,64
4,216,2,23.87,106.24,1
4,217,1,3.1,16.3,1
4,223,3,26.42,109.45,3
4,224,49,35.53,395.84,53
4,225,6,29.71,173.65,6
4,226,1,6.09,28.9,2
4,227,2,18.34,74.88,1
4,228,1,8.0,32.4,2
4,229,36,100.37,588.18,32
4,230,23,85.67,516.45,34
4,231,86,229.85,1430.74,86
4,232,88,96.56,861.41,103
4,233,46,97.05,636.76,47
4,234,96,160.75,1337.59,93
4,235,1,11.49,51.51,0
4,236,37,175.99,901.09,32
4,237,26,99.46,557.98,23
4,238,20,125.96,605.09,17
4,239,30,157.98,757.37,33
4,241,1,11.2,41.5,1
4,243,3,33.17,78.25,2
4,244,9,83.47,338.41,2
4,246,45,120.52,883.68,48
4,247,2,16.8,65.0,2
4,249,132,221.47,1806.55,150
4,254,2,29.4,93.0,2
4,255,27,99.96,567.22,33
4,256,23,70.65,417.8,28
4,257,3,27.31,115.4,5
4,260,2,14.61,70.4,2
4,261,22,70.67,414.28,18
4,262,33,139.84,804.84,28
4,263,60,259.95,1299.07,53
6,1,1,15.42,76.9,3
6,6,12,4.01,275.97,21
6,14,1,3.24,14.97,0
6,17,1,13.69,42.23,0
6,132,1,1.9,10.0,1
6,172,1,0.31,3.7,1
6,221,1,0.32,3.7,2
6,228,1,6.0,20.51,0
7,1,2,49.53,190.91,0
7,4,1,0.0,26.7,0
7,7,336,359.94,4259.41,372
7,9,2,22.72,95.6,2
7,11,3,28.68,128.73,2
7,13,2,19.76,94.9,3
7,14,3,42.85,179.81,1
7,15,2,28.95,73.76,0
7,16,2,24.29,85.69,1
7,17,1,9.07,39.4,1
7,21,2,39.2,93.0,2
7,24,2,8.23,57.15,0
7,25,2,18.08,80.12,0
7,26,1,16.98,70.08,0
7,28,5,44.34,169.33,1
7,31,1,0.0,43.75,0
7,33,4,24.58,124.46,1
7,34,1,6.78,2.89,0
7,36,5,31.54,159.49,2
7,37,9,48.1,304.56,0
7,39,5,66.3,242.5,5
7,40,1,13.0,52.0,1
7,41,4,22.32,109.04,1
7,42,4,25.82,110.64,2
7,43,5,18.65,112.2,5
7,45,1,8.38,39.4,1
7,47,2,6.4,56.08,1
7,48,7,28.14,187.73,2
7,50,5,25.03,144.69,2
7,53,5,32.76,157.87,2
7,56,6,22.73,151.52,2
7,57,4,15.11,106.64,2
7,61,4,35.41,154.72,0
7,63,3,39.47,142.43,0
7,64,2,24.65,96.86,1
7,65,4,33.07,78.9,3
7,67,5,62.2,235.1,5
7,68,9,52.52,303.33,7
7,69,2,28.03,87.7,1
7,70,6,18.55,147.38,4
7,72,1,13.6,31.5,1
7,73,1,7.88,32.88,0
7,74,7,23.57,184.65,5
7,75,7,39.41,152.42,4
7,76,3,0.0,139.97,1
7,77,1,13.79,43.09,0
7,78,1,23.09,-2.0,0
7,79,8,45.01,219.56,6
7,80,10,43.43,244.72,7
7,82,11,28.49,229.56,6
7,83,14,35.53,213.86,12
7,85,1,11.1,37.5,1
7,86,2,36.63,112.17,1
7,87,1,0.0,37.46,0
7,88,3,48.36,114.0,2
7,89,1,0.0,45.5,1
7,90,4,18.16,137.19,4
7,91,1,17.39,54.07,0
7,92,1,0.0,22.32,0
7,93,4,23.04,41.0,5
7,95,14,98.5,492.68,11
7,97,2,18.39,70.08,1
7,100,5,23.54,156.88,4
7,101,1,15.42,61.8,2
7,102,2,11.72,75.05,0
7,106,3,12.33,138.02,0
7,107,5,26.11,154.04,2
7,112,9,29.29,193.68,3
7,113,6,29.98,184.22,1
7,114,5,25.18,155.37,4
7,116,3,23.72,90.63,1
7,119,1,6.1,26.5,1
7,121,1,7.1,31.5,1
7,123,1,17.74,80.7,1
7,124,1,14.03,45.21,0
7,125,2,15.35,67.19,0
7,127,4,25.79,126.36,2
7,129,51,118.05,763.91,40
7,130,8,84.81,251.5,9
7,131,1,11.4,36.93,0
7,132,19,256.88,1061.89,13
7,133,1,12.29,47.9,0
7,134,4,20.07,43.94,4
7,136,1,0.0,32.5,1
7,137,12,52.19,250.14,10
7,138,36,133.1,993.07,35
7,140,32,82.01,651.37,22
7,141,26,76.79,439.23,29
7,142,18,74.79,451.83,12
7,143,1,4.2,25.4,1
7,144,6,37.9,190.44,3
7,145,53,104.4,759.42,42
7,146,81,78.55,593.28,78
7,148,8,59.8,265.77,1
7,151,7,36.68,219.63,0
7,152,4,19.25,117.05,0
7,157,4,15.92,94.06,2
7,158,1,7.21,36.6,2
7,159,2,6.63,51.41,0
7,160,3,23.73,92.8,3
7,161,40,140.15,996.11,34
7,162,14,40.3,288.87,8
7,163,21,62.4,483.44,18
7,164,13,55.68,315.42,10
7,166,4,21.63,139.89,2
7,168,4,15.97,97.27,3
7,169,2,15.25,62.75,1
7,170,17,65.02,304.67,12
7,171,1,7.43,30.71,0
7,173,12,50.86,250.58,9
7,174,2,12.06,85.41,1
7,175,1,12.5,48.5,3
7,177,2,18.7,85.0,2
7,179,73,71.17,646.49,86
7,181,3,13.3,131.38,0
7,182,1,8.93,35.68,0
7,183,1,9.1,33.5,1
7,185,2,21.55,83.07,1
7,186,24,124.32,712.61,23
7,188,2,22.89,103.61,0
7,189,2,16.61,42.69,0
7,191,2,25.68,79.28,0
7,192,1,7.92,28.82,0
7,193,86,96.9,596.46,85
7,196,2,12.1,69.58,1
7,197,6,59.09,207.48,2
7,198,2,7.09,71.27,0
7,200,1,10.9,26.5,1
7,201,1,12.7,53.5,1
7,202,8,17.03,115.74,7
7,205,1,12.2,50.6,1
7,209,5,43.41,215.7,5
7,211,3,21.67,91.83,5
7,213,1,6.79,23.65,0
7,215,2,10.48,74.63,1
7,216,6,72.15,269.43,4
7,217,2,14.35,55.91,1
7,219,1,15.11,50.9,0
7,220,1,9.6,41.5,1
7,223,118,184.78,1545.24,108
7,224,2,15.3,78.41,0
7,225,1,8.75,33.26,0
7,226,57,103.56,695.48,48
7,228,1,0.0,42.5,1
7,229,16,44.02,221.74,12
7,230,25,96.95,685.21,17
7,231,5,49.81,200.96,3
7,232,4,32.89,126.02,3
7,233,30,102.38,624.21,21
7,234,8,40.63,190.49,9
7,236,18,81.28,455.09,13
7,237,31,78.01,602.66,29
7,238,6,38.66,216.36,4
7,239,6,31.05,191.67,3
7,241,2,16.43,70.68,1
7,242,1,9.14,34.58,0
7,243,7,62.32,226.3,4
7,244,3,13.84,92.37,1
7,246,9,52.1,224.36,4
7,247,7,48.58,226.48,5
7,248,1,6.92,25.79,0
7,249,4,26.41,156.35,3
7,252,2,26.1,82.66,1
7,254,1,11.11,42.7,0
7,255,8,42.43,182.71,1
7,256,5,31.95,158.91,2
7,257,1,0.0,44.1,0
7,258,3,24.0,78.37,0
7,260,41,72.68,476.78,36
7,261,2,17.34,71.01,1
7,262,1,3.73,18.4,2
7,263,8,25.6,197.99,2
8,74,1,7.76,31.7,1
8,168,1,3.44,14.9,1
8,194,1,0.11,3.0,1
8,202,1,2.9,70.0,1
8,235,1,6.27,65.0,1
8,238,1,5.55,70.0,1
8,244,1,5.18,70.0,1
8,263,1,4.4,40.5,1
9,9,8,3.08,206.18,7
9,35,2,16.5,67.0,2
9,61,1,9.8,39.5,1
9,68,1,10.6,39.5,1
9,72,1,10.8,42.5,1
9,73,1,0.0,47.0,1
9,76,1,14.7,38.5,1
9,89,1,19.9,58.92,0
9,92,5,11.7,91.02,4
9,129,1,8.1,34.5,1
9,132,1,13.36,49.9,1
9,134,2,8.2,47.0,2
9,135,1,2.3,18.5,1
9,146,1,10.36,40.1,1
9,170,5,44.1,193.5,5
9,188,1,10.1,41.5,1
9,191,3,15.8,62.5,3
9,192,1,2.4,19.5,1
9,196,1,5.46,25.82,0
9,197,1,0.0,0.0,1
9,205,2,11.4,73.0,2
9,215,3,10.9,71.5,3
9,216,2,4.5,48.5,2
9,218,1,4.6,37.5,1
9,222,1,16.2,38.5,1
9,223,1,9.34,30.88,0
9,232,1,10.23,38.7,1
9,236,1,8.9,50.5,1
9,237,1,11.3,24.5,1
9,255,4,38.9,150.0,4
9,263,1,13.14,70.0,2
10,1,1,34.55,146.9,2
10,4,2,30.93,140.0,3
10,7,1,11.7,70.0,1
10,9,1,7.62,31.0,2
10,10,106,21.82,2988.31,161
10,13,7,144.56,490.0,10
10,14,3,51.7,150.5,3
10,15,1,7.7,18.5,1
10,16,1,6.0,30.5,1
10,17,1,15.57,60.4,1
10,20,1,17.5,48.5,1
10,22,2,32.91,123.6,2
10,25,10,141.74,545.5,9
10,28,1,14.8,77.25,2
10,32,1,14.0,45.5,1
10,33,2,32.85,122.9,3
10,35,9,70.0,277.5,9
10,36,1,6.2,30.5,1
10,37,2,14.1,62.0,2
10,38,1,4.17,19.81,0
10,39,3,21.28,88.9,2
10,41,5,78.05,337.44,7
10,42,4,46.54,270.46,3
10,43,6,99.52,337.5,6
10,45,5,74.56,181.1,6
10,47,1,16.72,82.5,1
10,48,28,410.28,1935.01,42
10,49,1,13.61,53.4,6
10,50,5,85.03,368.93,5
10,53,1,0.0,35.33,0
10,55,2,13.0,114.7,1
10,56,2,12.1,48.0,2
10,61,2,12.8,82.1,2
10,63,1,5.5,24.5,1
10,65,4,59.66,206.0,4
10,68,10,146.79,750.0,23
10,69,2,31.31,131.0,5
10,71,3,25.5,110.5,3
10,73,1,7.16,31.0,1
10,74,5,56.89,295.39,5
10,75,10,107.08,584.48,12
10,76,3,11.0,75.0,3
10,77,2,15.2,59.0,2
10,79,17,256.43,1266.0,25
10,80,5,57.46,251.4,6
10,82,7,53.18,220.5,8
10,83,1,6.86,38.13,0
10,85,1,12.5,41.5,1
10,87,8,140.37,602.31,11
10,88,2,17.31,131.5,2
10,89,2,28.29,102.45,1
10,90,9,132.36,654.5,12
10,91,1,10.87,44.3,1
10,92,2,13.9,0.0,8
10,93,11,64.8,295.79,11
10,95,4,19.3,122.19,2
10,97,3,43.54,164.5,3
10,98,2,15.96,92.0,4
10,100,14,198.62,1086.44,21
10,102,5,21.8,141.0,5
10,107,6,93.61,280.0,8
10,112,1,12.49,47.1,1
10,113,5,62.39,361.69,5
10,114,1,14.1,70.0,1
10,116,1,16.36,70.0,1
10,117,6,54.22,206.72,4
10,119,3,46.7,144.5,3
10,121,3,5.2,61.5,3
10,122,1,3.9,22.5,1
10,123,1,14.0,43.5,1
10,124,1,3.83,21.5,0
10,125,5,90.23,350.0,10
10,127,1,17.92,70.0,2
10,129,2,9.1,47.16,1
10,130,14,29.12,226.53,11
10,131,4,15.28,39.0,4
10,132,10,24.22,259.85,12
10,134,2,6.7,43.0,2
10,135,1,5.36,27.1,0
10,137,13,186.2,717.75,14
10,138,9,67.67,252.3,13
10,140,13,194.9,886.79,9
10,141,15,210.04,897.0,21
10,142,22,344.79,1214.5,24
10,143,4,66.21,292.0,4
10,144,10,148.74,712.69,12
10,145,10,120.72,648.19,15
10,146,2,23.39,164.0,2
10,147,1,13.5,47.5,1
10,148,7,102.43,555.0,15
10,151,4,66.09,280.0,5
10,152,1,15.3,70.0,1
10,155,1,2.5,33.5,1
10,157,4,35.6,71.8,4
10,158,1,17.34,70.0,2
10,161,26,372.94,1767.0,49
10,162,10,135.88,703.35,12
10,163,15,217.57,1054.63,32
10,164,22,306.05,1644.41,33
10,165,1,0.0,44.5,1
10,166,6,95.3,464.25,10
10,168,2,17.01,93.5,2
10,170,23,298.18,1616.0,34
10,174,2,34.29,161.31,2
10,177,2,13.6,58.0,2
10,179,1,11.21,45.7,1
10,181,5,67.48,248.7,5
10,182,1,13.18,52.0,1
10,185,1,15.2,47.5,1
10,186,10,143.3,740.83,12
10,188,3,25.5,100.5,3
10,189,2,9.5,82.14,1
10,191,1,2.8,20.5,1
10,192,1,6.04,26.1,1
10,193,3,39.34,199.39,5
10,194,2,23.51,123.5,2
10,196,2,15.05,53.95,1
10,197,5,17.23,117.08,2
10,198,4,21.28,138.25,2
10,202,3,26.65,191.98,5
10,205,11,25.14,142.24,6
10,209,6,79.6,373.0,11
10,210,2,26.5,83.0,2
10,211,3,48.49,224.19,3
10,215,12,11.01,208.63,10
10,216,13,16.69,434.43,15
10,217,2,26.33,118.0,7
10,218,21,20.87,354.11,17
10,222,4,25.27,123.7,4
10,223,10,99.91,310.9,11
10,224,1,15.16,70.0,1
10,225,3,31.2,99.5,3
10,226,8,78.59,210.1,10
10,227,1,17.0,61.5,1
10,228,1,1.5,51.5,1
10,229,9,124.73,603.5,13
10,230,34,491.95,2418.05,57
10,231,16,251.84,1036.65,17
10,232,7,108.87,492.25,9
10,233,8,110.78,559.3,14
10,234,8,121.71,560.0,12
10,235,1,18.92,68.3,0
10,236,13,188.85,794.0,21
10,237,6,72.76,410.5,9
10,238,7,118.85,483.5,10
10,239,11,186.48,711.0,13
10,242,2,13.66,117.7,2
10,243,5,86.24,329.5,5
10,244,7,119.16,486.01,7
10,246,3,45.49,222.0,3
10,249,5,77.64,350.0,5
10,252,2,18.76,76.3,2
10,254,1,17.7,69.5,1
10,255,3,36.86,184.7,4
10,256,3,41.45,176.1,4
10,258,2,7.6,44.31,1
10,260,7,57.72,175.48,5
10,261,5,95.09,421.4,8
10,262,7,109.19,526.35,14
10,263,12,188.02,896.0,12
11,7,1,16.1,53.5,1
11,11,1,0.0,3.0,1
11,14,2,6.9,44.0,2
11,17,1,11.5,40.5,1
11,21,2,2.6,35.0,2
11,22,1,1.3,17.5,1
11,26,3,12.59,69.7,3
11,39,2,12.1,74.0,2
11,42,1,18.6,47.5,1
11,45,1,11.91,49.9,1
11,53,1,20.3,59.5,1
11,55,1,3.3,20.79,0
11,62,2,17.6,73.0,2
11,67,3,4.31,43.08,2
11,121,1,4.6,54.5,1
11,133,4,34.83,136.9,6
11,139,1,18.5,51.5,1
11,140,3,39.3,140.5,3
11,141,1,0.0,67.0,0
11,150,1,3.95,17.0,1
11,154,1,7.29,-29.6,1
11,155,1,7.29,29.6,1
11,170,2,25.6,91.0,2
11,171,1,14.2,73.5,1
11,178,1,2.9,21.5,1
11,197,6,80.4,309.0,6
11,210,1,0.0,17.99,0
11,213,1,20.1,63.5,1
11,227,2,4.6,37.0,2
11,228,2,6.4,47.0,2
11,230,1,13.2,44.5,1
11,233,2,16.5,93.0,2
11,239,2,20.5,95.0,2
11,242,1,21.6,66.5,1
11,261,1,10.2,37.5,1
12,1,2,31.0,168.5,5
12,4,4,13.65,69.4,7
12,12,8,18.71,146.2,18
12,13,24,24.35,198.0,46
12,25,1,4.13,21.9,2
12,32,1,15.8,71.6,1
12,33,9,29.85,174.7,13
12,43,11,81.02,399.8,23
12,45,17,24.88,204.3,40
12,48,25,132.8,666.93,50
12,50,7,35.7,160.69,7
12,52,2,9.73,44.5,2
12,54,1,3.5,20.5,1
12,55,1,12.82,59.7,4
12,61,1,5.25,29.6,1
12,62,1,6.27,38.7,1
12,65,5,17.29,92.0,7
12,66,8,23.18,143.7,14
12,67,2,16.8,71.8,2
12,68,23,101.14,575.1,36
12,71,1,6.98,33.1,1
12,75,1,8.98,38.0,4
12,76,1,27.3,114.3,3
12,79,17,67.03,345.48,25
12,85,2,17.01,83.6,2
12,87,25,22.43,208.84,50
12,88,21,6.01,121.7,26
12,89,1,5.92,25.4,1
12,90,1,3.8,23.3,1
12,97,4,15.37,91.1,7
12,100,39,209.94,1033.9,68
12,107,5,23.49,117.2,7
12,112,2,12.6,64.1,2
12,113,4,17.04,89.7,5
12,114,6,17.96,111.8,15
12,125,4,11.58,75.7,3
12,132,6,132.4,420.0,8
12,137,5,22.66,110.9,9
12,138,4,60.59,233.9,7
12,140,4,25.79,121.9,8
12,141,8,51.77,230.5,14
12,142,5,29.35,172.5,7
12,143,1,6.0,27.5,0
12,144,29,67.16,461.08,62
12,145,1,7.2,33.1,2
12,148,27,82.49,479.41,49
12,155,2,29.01,132.7,2
12,158,15,41.48,256.37,26
12,161,45,279.62,1303.9,63
12,162,17,100.4,485.7,31
12,163,25,166.8,882.2,54
12,164,28,146.33,793.43,48
12,166,2,17.13,78.8,2
12,170,16,87.29,408.38,28
12,181,7,33.92,182.17,7
12,186,18,79.5,414.06,21
12,188,3,20.18,104.2,4
12,189,1,7.2,35.2,1
12,195,2,6.82,32.6,2
12,209,20,27.14,220.3,38
12,211,4,7.03,57.5,2
12,220,2,34.66,0.0,2
12,224,2,8.29,38.9,3
12,225,1,5.6,37.3,1
12,228,1,6.55,31.7,1
12,229,10,59.76,273.4,17
12,230,78,454.08,2397.04,138
12,231,24,36.73,277.1,36
12,232,40,86.44,537.5,66
12,233,17,90.82,412.2,29
12,234,13,53.58,296.06,13
12,236,7,59.17,275.8,8
12,237,14,99.47,482.3,28
12,238,2,15.9,79.01,1
12,239,4,30.2,160.4,13
12,246,22,93.15,539.9,41
12,249,12,32.28,199.1,17
12,255,2,12.28,65.5,2
12,256,1,5.33,24.7,1
12,257,1,7.48,33.8,3
12,261,32,24.02,251.23,56
12,262,3,24.73,106.3,8
12,263,2,15.9,71.8,2
13,1,106,1578.04,8416.73,148
13,4,86,348.71,1647.38,85
13,6,1,10.72,75.0,1
13,7,10,106.42,457.7,13
13,11,1,13.97,53.4,2
13,12,106,86.93,805.2,177
13,13,466,383.5,7934.17,618
13,14,19,142.4,586.8,27
13,17,7,45.02,228.9,12
13,22,5,41.86,178.1,11
13,23,1,13.74,52.0,1
13,24,21,165.65,767.2,21
13,25,27,114.03,580.8,40
13,26,3,21.29,100.0,3
13,33,96,360.6,1946.73,124
13,34,4,16.05,98.8,4
13,36,1,8.67,38.7,1
13,37,4,28.83,69.7,4
13,39,1,21.62,80.0,1
13,40,38,141.14,692.9,47
13,41,22,181.89,834.06,21
13,42,9,98.54,419.7,9
13,43,64,450.46,2254.38,101
13,45,152,293.68,1965.74,195
13,46,1,17.7,81.69,0
13,48,392,1636.73,9415.62,519
13,49,18,93.37,498.5,18
13,50,171,683.33,3674.88,185
13,52,25,99.29,509.4,30
13,54,6,25.2,120.2,7
13,55,10,114.3,542.9,15
13,56,1,12.06,51.3,1
13,61,4,25.2,131.0,5
13,62,5,26.87,168.2,8
13,65,43,164.34,899.5,51
13,66,73,270.01,1385.05,105
13,67,5,40.44,169.0,5
13,68,594,1764.66,10037.11,753
13,70,3,43.98,174.9,3
13,71,2,19.05,87.9,3
13,72,3,25.9,117.3,3
13,74,16,128.77,619.55,11
13,75,43,372.49,1710.09,54
13,79,378,1544.09,7879.37,412
13,80,5,32.16,159.7,5
13,84,1,19.08,76.5,1
13,85,2,10.24,77.01,0
13,87,493,702.44,5045.67,593
13,88,299,345.13,2620.52,395
13,89,17,110.19,526.3,29
13,90,292,848.97,4950.72,324
13,91,1,8.9,38.7,2
13,92,3,30.65,187.6,2
13,95,4,51.51,212.2,5
13,97,19,80.64,439.52,23
13,100,216,884.88,4840.56,301
13,102,2,27.79,113.8,2
13,106,8,33.6,165.4,9
13,107,233,1068.09,5340.24,267
13,108,2,13.47,93.2,2
13,112,33,269.78,1263.8,38
13,113,288,690.02,4565.94,303
13,114,245,533.06,3584.93,311
13,116,5,39.58,227.92,1
13,118,1,17.5,67.4,1
13,121,4,66.48,264.0,8
13,123,2,30.1,112.3,2
13,125,249,327.98,2474.13,311
13,127,2,27.68,106.58,1
13,128,1,13.29,60.4,1
13,129,2,12.63,101.0,2
13,130,1,15.2,70.0,1
13,132,287,6836.65,20442.79,428
13,133,5,32.52,142.4,9
13,134,1,12.54,75.0,1
13,135,1,14.41,56.9,1
13,136,1,16.1,67.4,4
13,137,125,648.08,3032.71,133
13,138,304,4441.63,17726.32,380
13,140,172,1202.37,5598.28,198
13,141,131,953.86,4350.45,156
13,142,126,655.11,3413.76,138
13,143,153,741.19,3905.01,146
13,144,302,578.9,4328.57,362
13,145,17,135.29,597.98,17
13,146,3,28.21,123.8,3
13,148,218,713.01,4002.59,258
13,149,1,9.0,38.0,1
13,150,3,49.1,201.5,3
13,151,31,197.26,1035.79,25
13,152,8,67.31,304.18,6
13,157,2,29.39,136.2,2
13,158,509,904.5,5705.96,582
13,160,1,12.15,54.1,1
13,161,417,2561.96,12958.62,586
13,162,490,3100.2,14479.3,574
13,163,240,1354.82,7115.63,335
13,164,310,1511.88,8088.1,400
13,166,7,55.68,290.1,8
13,170,353,2018.89,9646.79,423
13,173,1,0.0,50.0,1
13,176,1,15.35,61.8,1
13,179,2,20.27,90.7,2
13,181,67,331.98,1647.9,81
13,186,409,1410.18,7884.0,472
13,188,1,6.0,29.42,0
13,189,14,82.55,419.69,13
13,190,1,5.45,30.3,1
13,192,6,86.87,339.3,6
13,194,1,16.66,62.5,1
13,195,17,77.0,383.5,26
13,196,1,13.29,59.0,1
13,200,1,14.93,59.0,1
13,202,5,52.47,229.9,5
13,209,175,251.24,1844.6,233
13,210,2,30.9,117.3,2
13,211,332,521.51,4046.02,446
13,213,2,30.5,113.8,2
13,215,2,34.9,147.4,2
13,216,1,17.01,70.0,1
13,217,4,36.02,95.4,6
13,219,1,19.01,70.0,1
13,220,2,28.93,125.0,3
13,223,2,24.94,98.4,2
13,224,51,227.46,1115.16,57
13,225,1,8.06,39.4,1
13,227,4,27.04,132.4,6
13,228,7,40.46,184.9,11
13,229,180,1155.9,5117.79,184
13,230,479,2291.88,12934.14,700
13,231,1291,1122.88,10377.46,1623
13,232,160,492.35,2592.22,175
13,233,206,1228.54,5404.58,225
13,234,358,1278.15,7343.6,450
13,236,185,1537.23,7136.73,216
13,237,195,1422.86,6614.46,213
13,238,87,540.83,2705.05,83
13,239,142,819.23,4167.83,157
13,243,6,74.59,298.98,9
13,244,6,53.12,275.8,3
13,246,630,1890.69,10561.37,790
13,247,1,0.0,40.5,1
13,249,570,1085.74,7091.15,667
13,255,26,165.27,852.62,25
13,256,33,172.02,902.6,40
13,257,11,56.25,261.0,10
13,259,2,37.74,0.0,6
13,260,9,95.75,405.0,14
13,261,219,157.12,2089.87,261
13,262,81,644.95,2935.25,72
13,263,114,935.29,4136.51,107
14,6,16,7.24,51.1,30
14,10,1,16.8,50.5,1
14,11,5,12.76,49.8,5
14,14,77,33.35,1511.48,106
14,17,10,87.2,337.0,10
14,21,1,4.0,23.5,1
14,22,5,9.28,96.4,7
14,26,4,20.12,97.0,5
14,27,1,12.3,41.5,1
14,35,2,26.2,85.0,2
14,37,1,0.0,41.65,0
14,39,5,65.28,222.53,4
14,41,2,31.2,99.0,2
14,43,1,11.9,43.5,1
14,45,6,48.41,246.61,5
14,49,3,24.1,92.5,3
14,50,2,19.8,69.0,2
14,52,3,15.68,74.4,2
14,54,1,0.23,3.7,1
14,55,6,40.53,167.38,4
14,56,1,15.1,53.5,1
14,61,9,72.6,322.11,8
14,62,4,51.3,142.0,4
14,65,3,16.76,96.02,2
14,66,1,19.1,27.5,1
14,67,3,4.64,67.55,1
14,68,8,82.15,300.87,7
14,70,2,28.3,88.0,2
14,71,5,25.0,156.5,5
14,72,4,45.09,157.84,3
14,75,5,71.04,290.23,3
14,76,3,34.99,142.27,2
14,77,1,12.7,42.5,1
14,79,2,10.5,81.7,2
14,80,1,7.2,52.84,0
14,82,1,12.8,46.5,1
14,83,1,13.85,39.06,0
14,85,2,11.5,54.0,2
14,86,3,37.2,166.5,3
14,87,1,0.0,22.66,0
14,88,1,7.01,34.5,1
14,89,3,13.3,86.95,2
14,90,1,9.9,31.5,1
14,91,2,20.7,75.0,2
14,92,3,39.12,206.23,2
14,97,1,9.73,52.2,0
14,100,2,19.4,71.0,2
14,106,2,4.4,84.5,2
14,107,4,43.81,184.67,2
14,108,1,3.88,16.3,1
14,112,1,0.0,36.5,1
14,113,1,7.7,31.5,1
14,117,1,0.0,44.5,1
14,118,1,9.3,0.0,2
14,120,1,17.8,59.5,1
14,123,4,18.23,110.5,2
14,124,1,16.1,46.5,1
14,126,1,18.2,81.4,1
14,127,10,154.6,595.0,10
14,128,12,216.9,720.0,12
14,130,2,37.6,111.0,2
14,132,3,59.33,195.6,2
14,133,2,9.6,49.0,2
14,137,5,54.72,208.46,3
14,138,3,34.03,139.25,1
14,140,5,50.1,211.0,5
14,141,1,1.1,45.5,1
14,142,1,12.8,45.5,1
14,143,1,13.87,58.3,1
14,149,2,13.2,66.0,2
14,155,3,18.44,85.3,3
14,157,1,9.8,39.5,1
14,161,2,12.5,101.79,1
14,162,2,28.6,82.0,2
14,163,10,135.68,597.7,12
14,166,1,17.4,50.5,1
14,168,1,0.0,52.5,1
14,170,4,42.9,150.0,4
14,172,2,0.48,7.4,2
14,177,1,13.3,43.5,1
14,178,1,3.5,22.5,1
14,179,1,15.8,47.5,1
14,181,2,12.7,55.0,2
14,188,2,14.54,56.84,1
14,190,1,4.9,28.5,1
14,195,1,0.27,3.7,1
14,198,1,19.0,55.5,1
14,200,1,22.63,82.5,0
14,203,2,39.2,109.0,2
14,205,4,78.36,223.89,3
14,209,2,15.5,64.0,2
14,210,4,28.16,132.82,3
14,214,1,0.2,3.0,1
14,215,4,79.5,220.0,4
14,218,1,18.0,56.5,1
14,220,2,40.2,119.0,2
14,221,2,0.57,7.4,2
14,222,2,18.5,77.0,2
14,225,4,51.0,172.0,4
14,226,3,11.2,118.5,3
14,227,3,5.71,38.16,1
14,228,11,22.32,184.59,9
14,230,6,58.08,268.8,6
14,231,1,7.0,29.5,1
14,232,1,6.1,31.5,1
14,233,3,33.22,160.7,2
14,236,1,14.4,46.5,1
14,239,1,13.8,43.5,1
14,242,7,107.6,485.5,7
14,243,2,44.37,182.4,3
14,244,1,16.4,54.5,1
14,257,2,10.4,58.0,2
14,259,3,73.1,209.5,3
15,9,3,7.2,57.0,3
15,10,1,0.0,42.83,0
15,15,5,1.35,168.83,4
15,16,2,1.76,78.6,2
15,19,1,4.09,17.0,1
15,41,1,12.0,40.5,1
15,45,1,18.75,68.69,0
15,61,2,26.83,92.57,1
15,64,1,5.8,26.5,1
15,76,2,30.9,91.0,2
15,95,2,5.8,64.0,2
15,100,1,14.4,44.5,1
15,137,2,14.1,90.5,2
15,138,2,13.92,57.29,0
15,151,1,18.3,45.5,1
15,171,1,2.73,24.29,0
15,196,3,23.57,94.38,2
15,197,1,10.38,37.36,0
15,216,1,8.7,36.5,1
15,219,1,11.85,36.15,0
15,230,1,16.8,68.1,1
15,237,1,5.2,41.5,1
15,246,1,17.4,51.5,1
16,7,1,10.3,42.9,1
16,9,4,5.71,94.4,4
16,10,1,5.4,37.5,1
16,15,4,5.94,47.73,1
16,16,11,15.87,397.02,11
16,19,2,6.54,0.0,2
16,28,3,14.9,79.5,3
16,38,2,12.21,55.0,6
16,42,2,26.4,85.0,2
16,45,1,17.26,46.25,0
16,66,1,19.41,73.0,3
16,70,1,6.46,28.2,1
16,83,2,20.1,61.0,2
16,92,2,2.8,42.79,1
16,101,1,3.46,29.12,0
16,114,1,14.3,46.5,1
16,121,1,0.0,17.43,0
16,129,2,13.02,60.15,1
16,131,1,4.4,23.5,1
16,132,2,21.43,77.64,0
16,135,1,4.6,24.5,1
16,138,1,7.83,31.0,1
16,140,3,39.0,134.5,3
16,160,1,8.33,30.18,0
16,166,1,14.89,68.96,0
16,168,1,9.6,41.77,0
16,170,2,14.9,82.0,3
16,171,2,3.57,29.58,1
16,174,1,0.0,38.5,1
16,175,1,2.09,12.8,1
16,188,8,100.0,364.0,8
16,191,2,8.63,41.55,1
16,196,1,7.67,30.14,0
16,215,1,6.9,36.5,1
16,216,1,11.7,38.5,1
16,225,4,38.3,178.0,4
16,233,2,31.4,82.0,2
17,1,2,29.09,145.0,0
17,4,1,4.1,23.5,1
17,7,2,14.48,70.4,2
17,10,1,9.2,37.5,1
17,14,10,84.9,359.3,12
17,17,26,9.8,666.62,32
17,19,2,28.97,103.67,1
17,21,2,5.5,88.13,1
17,22,1,7.5,31.5,1
17,25,6,15.51,116.12,5
17,26,5,21.7,127.5,5
17,33,5,15.26,99.18,4
17,34,1,2.43,31.44,0
17,35,3,11.26,84.9,3
17,36,9,21.97,133.03,5
17,37,10,14.74,152.41,7
17,39,2,10.32,51.99,1
17,40,1,3.34,19.8,1
17,41,3,39.32,161.32,2
17,42,3,30.89,131.51,1
17,45,8,22.6,181.5,8
17,48,1,0.0,42.11,0
17,49,10,13.08,226.26,8
17,51,1,17.7,33.5,1
17,52,3,10.48,56.4,2
17,55,7,66.4,301.0,7
17,61,26,35.03,391.92,21
17,62,8,15.28,139.55,6
17,63,2,8.2,52.5,2
17,65,10,25.12,205.01,8
17,66,4,14.21,101.04,2
17,68,3,13.93,155.12,0
17,71,2,6.93,37.66,1
17,74,1,11.7,38.5,1
17,75,5,39.1,201.5,5
17,76,7,29.47,187.14,5
17,77,2,6.9,45.0,2
17,79,11,42.01,285.66,1
17,80,4,7.28,77.75,3
17,82,1,7.5,29.5,1
17,85,2,4.86,35.45,1
17,86,1,14.2,46.5,1
17,87,1,3.5,21.41,0
17,89,5,17.0,127.98,2
17,90,3,19.59,81.44,2
17,91,1,4.8,24.5,1
17,95,1,7.21,28.91,0
17,97,21,29.55,328.54,16
17,107,5,21.8,131.5,5
17,112,4,13.62,85.72,2
17,114,1,3.73,26.23,0
17,116,4,56.37,179.94,3
17,117,1,17.3,44.5,1
17,122,1,0.0,45.5,1
17,125,1,0.0,21.88,0
17,130,1,11.7,41.5,1
17,132,11,145.03,539.24,2
17,133,6,31.03,189.74,4
17,134,3,23.8,103.5,3
17,137,19,82.62,461.63,15
17,138,7,69.37,284.12,0
17,140,8,48.74,266.75,6
17,141,4,31.78,132.97,3
17,142,1,9.48,64.68,0
17,144,3,10.86,59.8,1
17,145,3,13.82,86.5,0
17,147,1,11.5,41.5,1
17,148,2,8.95,47.18,1
17,149,3,18.48,115.5,2
17,150,5,57.0,247.5,5
17,151,1,12.07,8.99,0
17,155,1,6.62,32.25,0
17,157,1,5.7,44.5,1
17,158,1,4.82,33.77,0
17,161,4,24.37,179.25,1
17,162,2,10.5,67.0,2
17,164,5,30.67,208.42,0
17,165,3,17.6,69.5,3
17,170,9,50.18,310.57,7
17,174,1,14.4,50.5,1
17,177,6,14.65,107.5,5
17,179,1,10.12,53.13,0
17,181,13,34.68,269.0,7
17,186,5,27.09,162.55,3
17,188,7,6.82,129.53,3
17,189,5,7.5,58.06,4
17,190,1,3.8,21.5,1
17,191,1,13.4,47.5,1
17,195,1,5.64,28.2,2
17,198,2,5.8,36.7,2
17,201,1,18.8,45.5,1
17,205,6,39.1,272.5,6
17,208,1,16.0,49.5,1
17,209,6,23.68,139.83,5
17,210,1,7.1,45.5,1
17,211,2,5.41,36.08,1
17,213,1,0.0,46.5,1
17,215,2,22.54,93.83,1
17,216,3,29.5,92.5,3
17,217,10,6.98,81.77,8
17,225,21,25.29,336.59,17
17,226,3,15.8,76.5,3
17,227,2,4.9,53.3,2
17,229,1,0.0,38.21,0
17,231,2,8.1,46.0,2
17,232,3,12.14,67.48,2
17,233,2,11.0,53.0,2
17,234,4,11.81,143.42,1
17,235,1,13.8,45.5,1
17,236,1,10.5,43.5,1
17,237,2,14.3,84.25,1
17,239,2,10.63,105.45,0
17,243,2,14.6,95.0,2
17,244,2,15.03,100.98,0
17,246,2,13.79,88.42,0
17,249,1,4.6,27.5,1
17,250,2,15.5,100.5,2
17,255,2,5.86,36.63,0
17,256,11,11.98,136.03,9
17,257,1,6.9,-27.5,1
17,259,1,20.4,53.5,1
17,261,1,4.97,24.36,0
17,262,3,26.2,114.59,2
17,263,1,9.1,68.63,0
18,3,1,2.9,20.5,1
18,11,1,26.88,83.91,0
18,17,1,8.9,50.5,1
18,18,11,3.7,270.1,16
18,25,1,14.6,50.5,1
18,32,2,3.3,37.0,2
18,37,1,19.6,53.5,1
18,39,1,18.7,56.5,1
18,41,4,17.9,121.11,3
18,42,4,10.9,103.36,3
18,45,1,13.8,46.5,1
18,47,3,6.12,46.2,4
18,48,4,48.7,179.0,4
18,49,1,16.3,48.5,1
18,61,1,0.0,113.0,0
18,68,12,125.4,555.0,12
18,69,2,4.38,44.21,1
18,74,3,23.93,86.22,2
18,75,1,7.2,34.5,1
18,76,3,52.7,169.5,3
18,78,1,1.5,18.5,1
18,86,1,6.4,65.5,1
18,87,3,41.7,140.5,3
18,92,4,44.4,219.89,0
18,94,2,1.48,22.0,3
18,97,3,50.9,145.5,3
18,107,1,13.5,48.5,1
18,114,1,17.64,66.22,0
18,116,2,5.1,66.82,1
18,117,1,29.8,80.5,1
18,119,3,14.48,71.5,3
18,120,1,3.3,22.5,1
18,125,1,13.4,58.3,1
18,126,1,4.6,24.5,1
18,127,1,2.04,24.5,0
18,130,3,49.0,140.5,3
18,132,1,18.37,72.45,0
18,136,2,2.2,33.0,2
18,137,2,11.0,80.0,2
18,140,3,21.3,131.5,3
18,141,2,18.4,73.0,2
18,142,1,11.4,44.5,1
18,143,2,18.8,85.0,2
18,144,1,12.0,48.5,1
18,147,1,5.6,26.5,1
18,151,2,13.8,83.0,2
18,159,1,6.93,29.74,0
18,161,1,10.7,36.5,1
18,162,1,11.1,43.17,0
18,168,2,7.1,59.0,2
18,169,2,3.6,30.6,2
18,170,1,0.0,42.0,1
18,174,4,3.0,56.1,2
18,181,1,24.1,58.5,1
18,186,1,9.7,47.5,1
18,189,2,32.2,102.0,2
18,196,2,27.5,84.0,2
18,205,1,17.0,55.5,1
18,209,8,103.0,378.0,8
18,212,1,0.0,15.92,0
18,216,1,18.1,49.5,1
18,218,1,19.0,58.5,1
18,220,1,1.8,17.5,1
18,222,2,38.9,115.0,2
18,230,3,10.4,110.54,2
18,231,2,29.0,97.0,2
18,232,3,41.25,155.23,2
18,233,4,37.1,159.5,4
18,234,1,10.7,42.5,1
18,235,2,8.1,29.37,0
18,236,1,15.2,34.5,1
18,237,1,7.1,34.5,1
18,241,2,2.41,14.71,1
18,242,3,10.0,63.9,5
18,243,5,16.44,164.42,4
18,244,4,28.7,116.0,4
18,246,4,48.4,181.0,4
18,247,3,8.16,68.7,4
18,248,1,0.0,18.09,0
18,250,1,3.7,26.5,1
18,254,5,14.4,51.3,5
18,257,1,9.4,57.5,1
18,258,1,17.9,48.5,1
18,259,1,5.6,20.24,0
18,262,1,9.9,36.5,1
19,7,1,13.3,44.5,1
19,16,3,16.33,61.88,2
19,17,2,23.7,81.0,2
19,19,13,5.27,601.33,20
19,22,1,23.2,62.5,1
19,36,1,12.88,40.44,0
19,38,1,3.6,16.3,2
19,41,1,1.6,49.5,1
19,48,1,1.9,48.5,1
19,62,1,12.5,40.5,1
19,63,1,9.4,40.5,1
19,64,1,3.11,14.2,1
19,70,1,12.05,37.21,0
19,72,1,0.0,41.69,0
19,75,2,35.16,133.52,1
19,76,2,17.3,75.0,2
19,78,1,13.0,41.5,1
19,82,1,11.6,41.5,1
19,89,1,13.5,49.5,1
19,101,5,5.57,19.65,8
19,121,1,7.08,22.54,0
19,130,1,7.41,26.29,0
19,131,1,3.38,15.38,0
19,132,1,6.07,24.7,1
19,135,1,8.53,40.33,0
19,137,3,29.9,147.5,3
19,138,1,11.61,43.6,1
19,140,2,31.28,138.5,3
19,146,2,24.2,87.0,2
19,162,1,0.0,47.5,1
19,163,1,16.0,47.5,1
19,171,2,12.2,52.0,2
19,174,1,15.73,46.9,0
19,182,1,11.49,42.9,1
19,196,1,9.5,33.5,1
19,197,3,27.13,34.97,2
19,203,1,7.19,35.13,0
19,205,1,3.4,22.5,1
19,208,2,20.1,73.0,2
19,224,1,0.0,48.5,1
19,226,2,23.75,98.3,2
19,228,1,15.9,57.5,1
19,229,1,19.1,48.5,1
19,250,1,10.9,48.5,1
19,260,2,25.8,107.5,4
19,261,1,19.18,76.04,0
20,3,2,6.6,43.0,2
20,4,1,12.2,40.5,1
20,10,1,17.2,48.5,1
20,18,3,1.56,56.7,3
20,20,10,1.42,265.92,14
20,25,8,94.3,405.5,8
20,31,2,0.1,26.5,2
20,37,1,18.6,44.5,1
20,41,2,10.3,61.0,2
20,42,5,22.58,135.02,4
20,45,1,0.0,46.5,1
20,47,1,0.9,39.5,1
20,48,1,10.2,35.5,1
20,49,2,18.6,101.0,2
20,51,3,11.49,66.1,4
20,53,3,11.9,99.0,3
20,56,4,52.7,158.0,4
20,60,1,1.2,16.5,1
20,70,1,0.0,37.5,1
20,71,1,20.2,58.5,1
20,74,2,12.6,60.0,2
20,75,3,20.4,93.5,3
20,76,1,16.1,54.5,1
20,77,1,17.0,52.5,1
20,78,1,1.1,7.9,1
20,87,1,13.0,45.5,1
20,88,1,0.0,47.5,1
20,92,2,19.4,67.0,2
20,97,1,14.4,50.5,1
20,101,1,0.0,48.5,1
20,102,1,14.5,45.5,1
20,107,1,0.0,48.84,0
20,116,1,4.2,23.5,1
20,127,1,0.0,19.9,0
20,136,2,0.9,22.71,1
20,137,2,21.99,96.9,1
20,139,1,19.2,56.5,1
20,140,5,45.5,172.5,5
20,141,1,7.7,34.5,1
20,142,3,23.6,109.5,3
20,148,5,67.9,212.5,5
20,150,1,26.8,73.5,1
20,163,1,0.0,44.22,0
20,164,1,10.9,38.5,1
20,167,3,12.0,61.5,3
20,168,3,15.15,76.94,1
20,169,1,1.53,9.22,0
20,174,1,2.01,11.33,0
20,177,1,15.5,52.5,1
20,186,6,53.2,238.0,6
20,194,1,11.06,52.52,0
20,208,1,7.4,25.5,1
20,212,1,0.0,12.54,0
20,216,1,14.8,47.5,1
20,220,1,2.8,21.5,1
20,231,2,13.0,93.0,2
20,232,1,11.6,44.5,1
20,233,1,0.0,36.5,1
20,236,1,9.19,54.06,0
20,239,1,6.6,43.5,1
20,244,2,12.49,68.52,0
20,246,1,15.1,38.5,1
20,247,1,2.0,19.5,1
20,248,1,0.0,10.84,0
20,250,2,4.19,42.6,2
20,254,3,10.39,78.07,2
20,259,1,4.3,23.5,1
21,3,1,28.5,85.5,1
21,11,3,16.55,71.12,2
21,14,3,16.39,62.19,2
21,21,23,7.8,526.63,24
21,22,4,3.4,57.33,3
21,25,1,5.8,25.5,1
21,26,2,9.1,37.0,2
21,29,1,2.2,19.5,1
21,33,1,9.6,44.5,1
21,35,14,123.1,513.0,14
21,39,1,6.2,29.5,1
21,41,1,16.0,51.5,1
21,49,4,28.4,110.0,4
21,55,8,19.86,153.48,7
21,61,1,6.7,28.5,1
21,67,1,2.4,18.5,1
21,73,1,24.0,67.5,1
21,75,2,34.8,111.0,2
21,86,1,12.1,45.5,1
21,89,3,8.76,54.3,2
21,91,1,2.7,21.5,1
21,106,2,18.6,69.0,2
21,107,1,0.0,47.5,1
21,108,6,31.03,152.5,5
21,123,3,2.6,48.5,3
21,132,1,16.6,61.8,3
21,133,2,8.7,41.0,2
21,135,1,17.8,53.5,1
21,138,1,18.42,58.08,0
21,140,9,116.8,447.5,9
21,145,1,13.0,51.5,1
21,149,1,2.08,15.0,0
21,150,1,3.3,20.5,1
21,154,2,8.78,36.1,2
21,155,1,9.31,30.5,0
21,162,1,0.0,47.0,1
21,164,1,0.0,51.0,1
21,165,2,4.18,31.88,1
21,166,2,33.5,107.0,2
21,170,3,35.0,137.5,3
21,177,1,12.2,31.5,1
21,181,5,23.0,137.34,4
21,188,1,4.3,23.5,1
21,189,1,6.3,27.5,1
21,201,2,15.3,65.0,2
21,210,5,15.87,110.47,4
21,215,1,15.0,47.5,1
21,222,1,6.3,38.5,1
21,224,1,10.4,40.5,1
21,225,1,7.3,30.5,1
21,227,2,5.7,39.0,2
21,228,1,0.0,28.5,1
21,234,1,10.7,43.5,1
21,239,1,17.4,54.5,1
21,240,1,19.9,90.5,1
21,261,1,10.6,49.5,1
22,11,4,4.7,67.0,4
22,14,5,9.42,69.42,3
22,21,2,1.78,22.87,1
22,22,12,21.7,265.06,11
22,25,1,8.7,28.5,1
22,26,10,19.41,176.45,9
22,29,1,2.6,20.5,1
22,35,1,0.0,57.5,0
22,37,1,9.6,43.5,1
22,39,1,0.2,36.5,1
22,40,1,4.8,26.5,1
22,41,1,17.3,51.5,1
22,48,1,0.0,40.5,1
22,55,1,6.7,22.5,1
22,61,1,9.2,42.5,1
22,65,1,2.28,14.2,3
22,67,2,1.4,31.0,2
22,74,1,2.1,51.5,1
22,75,4,47.8,213.0,4
22,76,2,21.7,84.0,2
22,86,2,4.1,104.0,2
22,89,4,12.1,81.0,4
22,100,4,47.1,171.0,4
22,101,1,0.0,65.5,1
22,108,2,4.0,38.0,2
22,112,1,11.9,40.5,1
22,123,3,6.25,53.04,1
22,132,1,8.67,33.1,1
22,133,2,6.3,38.87,1
22,137,2,21.67,35.75,1
22,140,7,87.6,325.5,7
22,142,3,40.5,132.5,3
22,154,2,11.17,47.3,2
22,161,2,20.7,99.0,2
22,162,2,26.6,105.0,2
22,164,1,11.5,42.5,1
22,165,3,8.1,56.3,2
22,170,9,95.4,397.5,9
22,171,1,24.36,67.83,0
22,174,1,19.3,69.5,1
22,177,1,7.1,28.5,1
22,178,1,1.02,7.21,0
22,188,2,10.19,53.02,1
22,195,1,8.1,23.85,0
22,198,1,15.2,53.5,1
22,200,1,23.9,63.5,1
22,209,3,26.5,109.5,3
22,210,3,11.39,62.59,2
22,225,1,5.8,30.5,1
22,227,2,3.5,24.07,0
22,228,3,8.68,62.33,2
22,229,1,0.0,63.22,0
22,230,2,27.6,97.0,2
22,231,1,8.2,32.5,1
22,232,4,36.2,173.0,4
22,233,4,45.7,172.0,4
22,234,2,21.8,76.0,2
22,236,2,29.9,89.0,2
22,237,1,12.4,44.5,1
22,239,1,16.4,41.5,1
22,244,2,35.3,145.0,2
22,246,2,23.8,89.0,2
22,249,1,10.0,40.5,1
22,258,1,9.8,43.5,1
22,260,1,11.5,41.5,1
22,261,2,18.99,76.2,2
22,263,1,13.6,44.5,1
23,23,3,0.6,44.6,3
23,118,1,3.7,19.1,1
24,1,8,150.87,719.48,4
24,4,2,13.8,65.24,2
24,7,2,15.5,71.8,3
24,10,1,18.67,70.0,3
24,13,7,45.27,238.23,4
24,14,2,29.4,130.6,3
24,15,1,24.78,71.09,0
24,24,146,91.67,1818.59,167
24,25,2,23.2,98.4,2
24,31,1,11.03,50.6,1
24,33,5,42.51,234.4,5
24,37,3,37.86,198.7,4
24,40,1,10.73,47.8,1
24,41,294,313.89,2640.36,370
24,42,124,268.42,1688.03,131
24,43,203,386.75,2611.19,257
24,45,10,74.1,308.17,8
24,48,129,454.88,2623.79,167
24,50,69,234.95,1329.23,76
24,51,1,14.24,57.6,1
24,53,1,11.2,49.9,1
24,56,1,11.32,47.8,1
24,65,3,31.13,145.5,6
24,68,84,399.22,2020.53,108
24,69,3,10.84,69.9,3
24,70,1,7.4,31.7,1
24,74,239,441.64,3185.07,270
24,75,269,439.77,3344.56,287
24,78,1,6.3,29.5,1
24,79,25,165.73,906.97,22
24,82,5,44.96,218.7,5
24,83,1,7.5,33.1,1
24,87,10,78.13,409.17,12
24,88,6,53.52,229.0,6
24,90,23,118.17,610.11,27
24,93,2,17.58,0.0,2
24,94,1,6.95,31.0,1
24,95,6,69.85,296.88,6
24,97,2,21.23,125.52,2
24,100,25,107.86,617.13,20
24,107,41,249.5,1289.44,42
24,112,3,26.58,126.6,5
24,113,20,127.48,662.2,28
24,114,8,55.07,293.51,7
24,116,91,185.72,1150.97,114
24,119,4,16.88,88.6,4
24,120,1,2.9,15.6,1
24,125,4,27.5,141.5,4
24,126,1,8.2,40.8,1
24,127,10,57.64,251.55,17
24,128,6,32.8,171.95,3
24,129,2,16.76,78.8,3
24,132,38,683.94,2652.37,37
24,133,2,27.34,112.42,1
24,134,1,11.3,42.5,1
24,136,2,12.33,65.1,2
24,137,33,168.29,942.16,32
24,138,75,645.7,2856.92,64
24,140,93,334.14,2169.52,106
24,141,113,375.68,2291.43,136
24,142,416,940.75,5975.47,516
24,143,248,522.21,3507.25,310
24,144,6,40.59,204.9,11
24,145,3,17.09,90.3,4
24,147,1,7.2,33.1,2
24,148,11,71.81,412.64,6
24,151,435,263.0,3138.26,515
24,152,90,130.01,880.34,107
24,153,1,6.57,33.1,1
24,158,12,68.52,362.32,20
24,159,3,10.86,67.8,3
24,161,108,408.45,2495.23,118
24,162,69,274.76,1686.24,82
24,163,174,542.89,3390.61,200
24,164,30,150.46,862.06,35
24,166,463,330.53,3289.82,529
24,167,2,10.42,62.7,3
24,168,5,22.89,138.6,5
24,169,2,13.34,59.9,2
24,170,59,284.7,1648.5,75
24,174,2,10.2,78.5,2
24,181,1,10.0,39.5,1
24,185,1,9.8,44.3,1
24,186,57,276.75,1517.64,59
24,188,1,13.63,59.7,1
24,189,1,12.9,58.3,1
24,191,4,50.5,198.0,4
24,192,1,12.33,52.0,1
24,196,3,33.65,146.49,1
24,200,3,23.94,102.1,3
24,202,1,8.2,38.0,1
24,211,9,56.79,311.51,7
24,213,2,17.83,68.9,2
24,220,3,20.46,90.9,3
24,224,4,28.54,147.63,4
24,225,2,24.0,85.0,2
24,228,1,13.37,60.4,1
24,229,47,199.3,1189.48,47
24,230,81,287.01,1715.69,85
24,231,39,285.49,1478.24,38
24,232,7,56.03,174.4,8
24,233,28,129.64,755.83,25
24,234,28,157.68,879.59,26
24,236,412,876.71,5749.82,487
24,237,216,643.42,4004.76,252
24,238,996,942.05,7896.96,1268
24,239,961,1468.95,10508.57,1190
24,240,1,8.32,35.2,2
24,243,29,125.99,729.73,23
24,244,132,467.32,2354.1,126
24,246,95,420.47,2145.73,110
24,247,5,16.37,108.85,4
24,248,1,6.9,33.5,1
24,249,29,166.73,883.59,25
24,254,2,13.42,89.3,2
24,258,1,14.62,64.6,1
24,260,1,6.6,31.0,1
24,261,1,8.14,57.6,2
24,262,84,232.11,1511.76,97
24,263,130,314.53,2081.06,147
25,4,6,26.63,136.92,4
25,7,2,20.07,73.85,0
25,10,3,38.6,155.5,3
25,11,1,10.88,43.6,1
25,13,3,7.31,61.65,2
25,14,4,26.35,118.18,7
25,15,1,16.94,56.08,0
25,17,14,31.47,250.34,11
25,20,4,61.8,195.0,4
25,21,1,7.71,29.32,0
25,22,1,7.0,31.0,1
25,24,1,11.58,54.58,0
25,25,92,41.27,1310.71,102
25,26,1,6.55,33.1,1
25,29,2,11.33,93.01,1
25,32,1,15.2,50.5,1
25,33,47,43.95,412.31,52
25,34,8,14.31,113.57,4
25,35,7,34.32,181.8,7
25,36,4,15.85,103.98,2
25,37,15,59.9,353.4,7
25,39,7,48.29,238.3,8
25,40,15,19.71,173.43,18
25,41,2,23.44,97.05,1
25,42,1,0.0,40.5,1
25,43,4,33.86,176.72,1
25,45,7,20.04,110.68,4
25,48,4,20.35,135.45,3
25,49,14,19.89,195.14,16
25,50,3,13.94,112.64,0
25,52,13,10.39,80.48,13
25,54,12,18.61,129.8,12
25,55,5,56.25,235.78,3
25,56,2,9.98,82.3,1
25,61,32,84.06,574.31,24
25,62,11,24.91,183.27,11
25,63,2,12.74,83.0,3
25,65,18,14.68,193.03,18
25,66,17,21.58,183.3,15
25,67,2,13.58,52.28,1
25,68,8,42.43,217.2,9
25,69,1,12.3,43.5,1
25,71,9,44.32,191.93,7
25,72,4,15.18,102.0,4
25,73,2,10.3,77.0,2
25,74,7,66.58,274.39,6
25,75,9,72.8,307.5,9
25,76,16,116.08,473.13,16
25,77,2,11.9,65.2,2
25,79,15,51.92,342.46,9
25,80,4,11.32,92.75,7
25,83,1,7.85,35.55,0
25,85,3,7.34,67.66,2
25,86,3,62.1,160.5,3
25,87,6,20.49,115.6,2
25,88,6,21.91,141.83,8
25,89,14,52.72,282.71,10
25,91,6,39.6,162.0,6
25,92,1,11.7,39.5,1
25,93,2,20.2,76.4,2
25,95,1,10.52,59.18,0
25,97,23,26.71,252.71,33
25,100,3,11.85,100.51,1
25,102,3,22.4,89.5,3
25,106,11,11.54,98.88,12
25,107,13,57.69,317.74,5
25,108,1,8.7,38.5,1
25,112,11,42.85,331.49,7
25,113,6,17.98,142.49,5
25,114,5,10.63,105.81,3
25,115,1,17.82,113.6,1
25,116,3,44.16,168.9,4
25,117,2,0.0,126.5,2
25,121,1,0.0,41.95,0
25,125,2,6.27,41.53,1
25,126,1,11.9,34.5,1
25,127,2,30.74,120.1,2
25,129,1,8.32,31.92,0
25,130,1,14.01,49.21,0
25,131,2,31.1,85.0,2
25,132,19,287.16,1247.51,3
25,133,7,23.3,149.3,3
25,137,11,61.71,290.75,5
25,138,20,220.12,859.69,6
25,140,6,22.0,192.51,4
25,141,2,7.64,70.44,1
25,142,3,24.79,125.34,1
25,143,3,19.66,151.56,3
25,144,2,6.25,32.39,0
25,145,4,15.36,105.81,3
25,148,7,15.71,80.14,4
25,149,3,19.5,90.33,2
25,150,1,12.5,40.5,1
25,151,2,11.91,89.69,0
25,152,4,48.8,166.0,4
25,155,2,29.5,55.0,2
25,158,3,13.79,81.2,2
25,159,1,13.7,40.5,1
25,161,10,70.03,319.83,8
25,162,20,139.94,641.79,13
25,163,2,16.39,70.88,1
25,164,4,26.43,135.2,10
25,165,2,14.52,65.74,1
25,167,2,28.3,0.0,2
25,168,3,34.42,137.8,3
25,170,6,30.83,175.08,5
25,177,7,29.12,190.8,8
25,178,4,27.3,57.9,4
25,179,1,9.6,38.0,1
25,181,47,62.16,579.13,46
25,186,10,53.79,235.05,12
25,188,14,35.95,255.96,10
25,189,18,23.2,192.21,20
25,190,2,2.91,21.4,2
25,193,1,5.8,28.5,1
25,195,9,18.51,152.35,9
25,196,1,7.1,28.5,1
25,198,3,16.25,92.52,2
25,200,2,18.32,135.37,1
25,205,4,58.23,213.86,3
25,208,3,46.2,148.5,3
25,210,2,24.91,78.99,0
25,211,6,19.77,116.81,3
25,215,2,14.8,120.47,1
25,216,1,9.05,42.9,1
25,217,7,16.39,129.29,7
25,218,5,58.9,300.5,5
25,219,1,23.0,48.5,1
25,223,1,0.0,35.07,0
25,224,1,4.68,20.5,2
25,225,14,51.03,287.8,7
25,226,5,32.63,154.27,1
25,227,2,11.48,73.2,2
25,228,3,11.03,62.64,2
25,229,3,22.09,106.89,1
25,230,6,40.55,229.95,11
25,231,11,32.33,206.01,8
25,232,12,45.3,248.07,10
25,233,9,57.32,257.27,8
25,234,7,38.84,220.93,3
25,235,1,13.3,45.5,1
25,236,6,54.75,238.28,4
25,237,7,39.68,232.46,2
25,238,4,39.19,166.54,2
25,239,3,25.98,123.31,1
25,242,1,17.3,51.5,1
25,243,1,15.7,64.05,0
25,244,1,0.0,45.22,0
25,246,4,20.02,122.19,4
25,249,6,20.11,159.32,3
25,254,1,18.0,52.5,1
25,255,17,77.11,438.55,18
25,256,10,32.89,210.48,5
25,257,4,10.63,66.7,3
25,260,1,0.0,29.59,0
25,261,2,6.88,36.92,1
25,262,2,17.31,81.11,1
25,263,2,22.15,101.2,5
26,4,4,32.59,139.75,3
26,13,1,8.1,43.5,1
26,17,2,11.4,58.0,2
26,21,2,11.5,42.0,2
26,22,8,12.81,138.7,8
26,26,41,15.98,1128.84,34
26,28,1,18.2,57.5,1
26,29,6,25.5,146.5,5
26,31,1,17.4,59.5,1
26,33,1,4.4,23.5,1
26,35,4,17.6,100.0,4
26,37,1,6.2,28.5,1
26,38,1,19.4,68.5,1
26,39,4,34.17,160.3,4
26,42,1,15.1,43.5,1
26,45,3,18.4,93.5,3
26,49,2,9.69,47.97,1
26,54,1,5.4,37.5,1
26,55,6,20.54,100.5,5
26,61,4,27.2,101.0,4
26,62,1,0.0,23.5,1
26,63,1,20.9,32.5,1
26,66,1,7.8,41.5,1
26,67,4,5.64,54.54,2
26,69,1,16.1,52.5,1
26,72,5,19.98,118.11,4
26,75,5,70.9,251.95,4
26,76,3,38.3,98.5,3
26,79,1,7.6,37.5,1
26,80,1,11.4,34.5,1
26,82,1,13.2,50.5,1
26,85,1,2.6,22.5,1
26,87,2,17.63,65.7,3
26,89,8,14.5,138.8,5
26,90,1,10.3,36.5,1
26,91,3,10.45,71.1,4
26,100,2,19.6,71.0,2
26,106,1,2.8,19.1,1
26,107,1,0.0,35.5,1
26,113,2,13.1,70.0,2
26,117,2,30.8,111.0,2
26,123,4,9.5,88.0,4
26,131,1,17.6,52.5,1
26,132,1,13.3,75.0,2
26,133,4,6.68,55.39,2
26,140,1,13.76,49.5,0
26,141,3,34.2,124.5,3
26,142,1,11.4,38.5,1
26,143,1,0.0,37.5,1
26,144,1,8.8,32.5,1
26,148,1,7.2,30.5,1
26,150,2,11.84,52.9,2
26,155,2,15.87,-9.3,2
26,158,1,7.02,51.11,0
26,160,1,13.5,42.5,1
26,161,12,138.3,493.0,12
26,162,1,10.3,40.5,1
26,163,1,9.5,42.5,1
26,165,11,26.07,207.4,11
26,170,4,29.7,154.5,4
26,177,1,5.9,28.5,1
26,178,3,5.48,49.06,1
26,181,1,3.27,14.54,0
26,186,1,9.8,34.5,1
26,188,2,7.6,45.0,2
26,189,1,4.3,23.5,1
26,200,1,20.9,69.5,1
26,205,3,55.6,203.5,3
26,209,3,10.51,101.57,1
26,212,1,4.0,58.5,1
26,217,2,15.39,67.8,2
26,222,1,10.4,25.5,1
26,225,1,5.9,27.5,1
26,227,1,2.95,16.06,0
26,230,2,26.5,128.45,1
26,231,2,14.4,65.0,2
26,232,2,15.57,66.4,2
26,233,2,19.8,75.0,2
26,234,3,32.6,106.5,3
26,238,2,24.31,99.9,2
26,239,1,11.1,41.5,1
26,243,1,18.9,55.5,1
26,244,1,17.1,54.5,1
26,249,1,0.0,33.0,1
26,257,1,1.37,14.16,0
26,261,1,6.4,28.5,1
27,16,1,22.0,63.5,1
27,27,1,4.8,82.0,2
27,91,1,5.17,17.46,0
27,154,1,2.26,10.7,1
27,201,1,4.99,21.2,1
27,228,1,12.68,56.15,0
28,7,1,9.1,40.1,1
28,9,1,2.4,21.5,1
28,10,2,2.79,49.68,1
28,13,2,32.81,118.4,0
28,16,3,8.8,103.5,3
28,24,1,13.8,-70.0,1
28,25,1,13.14,50.6,1
28,28,43,30.78,609.42,46
28,33,1,14.69,81.1,1
28,35,2,14.2,61.0,2
28,36,1,7.17,33.71,0
28,38,2,14.46,50.5,1
28,39,2,10.15,77.14,1
28,41,4,39.84,169.5,4
28,42,8,89.83,310.6,8
28,45,2,24.7,113.5,3
28,48,3,43.13,210.0,7
28,49,2,26.8,76.0,2
28,50,3,36.62,83.3,5
28,51,1,12.9,39.5,1
28,53,3,11.7,86.5,3
28,56,2,9.37,39.35,1
28,61,4,38.41,163.25,3
28,63,1,5.4,26.5,1
28,64,1,7.05,28.9,1
28,68,2,24.49,140.0,2
28,74,5,45.34,153.6,4
28,75,8,92.15,361.5,8
28,77,1,6.3,27.5,1
28,78,1,0.12,75.0,1
28,79,2,23.15,140.0,3
28,81,1,14.37,52.99,0
28,83,1,8.69,30.65,0
28,85,3,36.4,133.5,3
28,86,1,10.3,36.5,1
28,88,1,16.27,82.69,1
28,90,3,34.06,180.5,4
28,92,4,8.56,83.06,2
28,93,1,7.48,31.0,1
28,94,1,16.6,52.87,0
28,95,11,16.23,143.53,8
28,97,2,22.91,103.6,2
28,98,1,0.0,18.0,0
28,100,4,46.34,280.0,8
28,101,1,5.3,27.5,1
28,107,10,101.12,533.75,10
28,108,2,34.2,97.0,2
28,112,1,10.44,40.8,1
28,114,5,48.93,233.07,4
28,116,3,42.82,195.5,3
28,117,2,24.9,81.0,2
28,121,6,5.62,92.42,6
28,122,1,3.61,17.15,0
28,124,1,5.56,21.43,0
28,125,3,48.33,189.0,3
28,129,2,14.82,104.8,2
28,130,19,22.21,331.97,18
28,131,5,10.08,93.2,8
28,132,17,104.3,1075.82,30
28,134,8,3.65,204.2,8
28,135,2,3.0,21.0,2
28,137,2,20.91,107.5,2
28,138,2,14.19,78.5,4
28,140,2,21.8,86.0,2
28,141,6,75.68,364.0,8
28,142,1,12.96,70.0,2
28,143,1,12.55,70.0,1
28,145,13,115.79,504.25,16
28,148,2,26.83,155.1,1
28,151,3,43.94,210.0,3
28,152,1,14.6,70.0,1
28,155,1,12.3,41.5,1
28,157,6,37.26,99.5,6
28,158,3,39.71,210.0,4
28,160,1,6.5,21.39,0
28,161,3,34.52,178.5,8
28,162,5,60.52,192.44,6
28,163,2,24.2,80.0,2
28,164,2,22.05,140.0,2
28,166,5,66.54,348.83,6
28,167,1,12.8,43.5,1
28,168,1,12.76,37.33,0
28,170,9,99.03,515.19,10
28,173,1,4.85,20.58,0
28,174,1,14.99,-56.2,1
28,175,1,6.37,26.0,0
28,179,1,8.81,27.31,0
28,182,1,12.6,47.5,1
28,186,2,22.88,0.0,2
28,191,3,11.9,69.5,3
28,192,1,5.4,26.5,1
28,194,3,31.1,39.4,3
28,196,4,14.97,46.36,4
28,197,6,7.86,54.52,4
28,198,3,10.29,79.6,4
28,201,3,27.46,129.04,2
28,205,1,3.5,21.5,1
28,208,1,10.5,35.04,0
28,209,2,31.16,115.5,2
28,210,1,13.4,42.5,1
28,213,1,11.61,65.0,1
28,215,2,1.9,44.86,1
28,216,6,14.47,97.0,6
28,218,1,3.26,19.1,2
28,223,3,23.91,91.9,4
28,224,2,24.31,140.0,2
28,226,13,94.48,178.38,11
28,227,1,18.45,72.02,0
28,228,1,20.1,62.5,1
28,229,2,22.52,154.0,3
28,230,7,85.97,490.0,9
28,231,6,88.56,367.06,4
28,232,4,49.65,250.8,6
28,233,3,32.0,178.5,3
28,234,1,12.5,70.0,1
28,236,2,25.8,87.0,2
28,237,2,19.87,169.0,2
28,238,2,26.31,152.0,2
28,239,5,76.71,350.0,5
28,242,7,92.09,287.2,7
28,244,2,29.09,116.5,2
28,246,1,12.22,70.0,1
28,249,1,12.66,70.0,1
28,252,1,6.45,26.1,1
28,258,3,10.31,65.71,2
28,259,1,0.0,46.5,1
28,260,3,21.0,22.6,7
28,261,1,13.7,70.0,0
28,262,2,26.9,140.0,2
28,263,5,65.08,292.68,6
29,17,1,8.4,42.5,1
29,21,1,3.88,17.66,0
29,22,2,2.7,45.1,1
29,25,1,13.07,52.0,1
29,29,16,0.93,451.98,22
29,33,1,10.3,30.5,1
29,38,1,16.3,50.5,1
29,39,4,25.34,115.1,4
29,45,6,91.22,178.0,8
29,48,1,16.8,44.5,1
29,50,1,17.3,50.5,1
29,55,5,8.2,135.24,4
29,61,1,9.4,35.5,1
29,69,1,7.3,71.5,1
29,70,1,13.3,55.5,1
29,71,2,12.86,62.02,0
29,75,2,36.7,120.0,2
29,78,1,25.0,72.5,1
29,86,1,11.2,41.5,1
29,87,1,10.0,44.5,1
29,91,2,12.0,55.0,2
29,100,2,26.7,99.0,2
29,102,8,71.1,349.5,8
29,106,5,38.6,169.5,5
29,107,12,149.5,622.5,12
29,108,1,1.9,18.5,1
29,113,2,31.3,100.0,2
29,123,8,8.2,102.1,8
29,124,1,10.0,49.5,1
29,131,1,17.9,50.5,1
29,133,2,15.57,69.61,2
29,137,4,53.2,194.0,4
29,140,5,80.8,263.5,5
29,142,1,17.7,58.5,1
29,143,1,19.8,80.0,1
29,145,1,15.1,68.5,1
29,149,1,2.0,18.5,1
29,154,1,3.43,16.3,1
29,155,8,34.0,204.0,8
29,160,1,13.2,42.5,1
29,161,1,0.0,54.5,1
29,162,5,73.7,271.5,5
29,163,1,15.0,56.5,1
29,165,2,6.2,43.0,2
29,170,5,82.9,263.5,5
29,178,1,2.3,19.5,1
29,181,1,5.8,26.1,1
29,188,1,15.8,37.5,1
29,195,1,0.0,44.5,1
29,205,1,16.3,53.26,0
29,209,3,36.0,132.5,3
29,210,1,1.4,17.5,1
29,216,5,48.6,197.5,5
29,217,1,9.9,45.5,1
29,222,2,15.7,62.0,2
29,230,2,28.4,110.0,2
29,233,2,30.6,108.0,2
29,235,6,139.5,418.0,6
29,246,4,58.4,181.0,4
30,63,1,5.69,21.69,0
30,77,1,8.81,34.26,0
30,140,1,20.0,49.5,1
31,31,1,0.0,130.0,4
31,68,1,14.92,63.9,2
31,136,1,0.0,14.95,0
31,140,1,10.6,33.5,1
31,141,1,9.9,38.35,0
31,216,1,19.6,44.5,1
31,238,1,6.9,33.5,1
32,3,3,1.4,31.16,1
32,7,2,0.5,70.65,1
32,17,1,4.3,56.5,1
32,18,1,1.5,18.5,1
32,20,1,1.32,8.6,1
32,21,1,21.3,37.5,1
32,25,1,15.0,51.5,1
32,32,10,2.35,154.83,9
32,41,2,16.2,62.0,2
32,42,2,8.7,61.0,2
32,45,1,17.0,48.5,1
32,46,1,5.5,17.26,0
32,48,2,32.7,93.0,2
32,49,1,16.1,49.5,1
32,51,1,1.7,17.5,1
32,56,4,34.1,150.0,4
32,60,1,3.1,20.5,1
32,64,1,12.5,42.5,1
32,68,4,39.8,191.5,4
32,72,1,26.6,55.5,1
32,74,1,0.0,43.19,0
32,75,1,9.68,59.24,0
32,79,1,13.3,40.5,1
32,81,2,0.0,20.25,0
32,86,2,46.6,125.0,2
32,91,1,25.3,67.5,1
32,92,1,9.14,46.46,0
32,94,1,2.21,17.18,0
32,107,2,24.7,83.0,2
32,113,1,12.4,42.5,1
32,114,1,0.0,49.27,0
32,119,1,5.0,21.56,0
32,121,1,0.0,44.0,1
32,126,1,4.5,24.5,1
32,127,2,3.9,55.21,1
32,136,1,4.3,20.5,1
32,140,3,30.28,34.5,5
32,142,6,37.3,276.0,6
32,145,2,27.9,97.0,2
32,153,1,3.93,18.38,0
32,155,1,25.5,69.5,1
32,159,1,4.1,29.5,1
32,161,3,29.0,116.5,3
32,167,3,10.2,71.5,3
32,174,3,7.32,58.3,2
32,181,1,0.0,54.5,1
32,188,1,19.7,58.5,1
32,200,2,10.8,44.16,1
32,213,2,10.91,41.5,1
32,216,1,14.8,48.5,1
32,219,1,16.9,50.5,1
32,223,1,0.0,33.5,1
32,225,1,16.1,56.5,1
32,231,2,29.6,120.02,1
32,233,2,28.6,77.0,2
32,235,3,7.76,64.03,0
32,236,1,0.2,35.5,1
32,237,2,12.4,85.86,1
32,238,1,9.3,42.5,1
32,241,3,10.9,55.9,2
32,242,3,7.44,53.84,2
32,243,2,0.0,49.02,1
32,244,5,37.0,171.5,5
32,246,1,13.9,34.5,1
32,248,2,6.4,42.0,2
32,250,4,10.86,79.7,3
32,254,3,6.0,51.61,2
32,259,1,2.9,20.5,1
32,262,1,7.7,32.5,1
32,263,1,8.1,33.5,1
33,1,4,72.7,361.67,7
33,4,8,29.77,161.71,5
33,7,1,9.01,31.46,0
33,13,7,28.02,149.76,3
33,14,5,16.41,120.99,2
33,17,13,36.72,260.0,14
33,24,2,19.53,79.19,1
33,25,33,33.0,407.14,38
33,26,2,18.74,92.8,2
33,28,1,11.3,65.5,1
33,29,1,12.9,54.1,1
33,33,101,55.5,988.88,136
33,34,1,1.6,17.7,1
33,35,4,21.6,109.5,4
33,36,1,5.14,29.02,0
33,37,6,28.01,168.08,3
33,38,2,26.1,104.0,2
33,39,2,14.93,79.77,1
33,40,22,25.16,196.72,22
33,41,1,11.94,44.59,0
33,43,3,27.75,119.6,9
33,45,16,36.22,246.06,12
33,48,6,41.3,229.46,5
33,49,14,24.65,224.57,13
33,50,6,40.49,201.85,3
33,51,2,36.3,110.0,2
33,52,21,18.57,162.91,21
33,54,10,9.32,78.55,15
33,55,2,22.1,104.1,4
33,61,18,52.94,384.55,14
33,62,10,34.83,209.38,9
33,63,1,7.1,28.5,1
33,65,13,10.34,99.47,13
33,66,31,23.02,242.35,45
33,67,2,13.26,60.54,2
33,68,19,94.85,484.27,11
33,71,6,32.6,157.61,5
33,72,5,26.41,154.0,4
33,74,2,20.37,88.46,0
33,75,11,104.02,450.55,4
33,76,14,94.4,441.24,13
33,77,4,24.4,117.5,4
33,78,1,14.6,45.5,1
33,79,18,69.59,390.17,13
33,80,8,26.85,159.9,4
33,82,1,8.3,32.38,0
33,83,1,8.44,33.88,0
33,85,1,5.6,26.5,1
33,87,16,37.75,288.85,16
33,88,9,26.99,162.51,12
33,89,15,70.5,370.16,13
33,90,4,17.58,96.41,4
33,91,7,68.48,228.15,6
33,92,3,21.89,146.1,2
33,95,1,10.0,36.66,0
33,97,20,27.55,230.98,22
33,100,8,44.93,230.51,10
33,102,1,11.43,36.41,0
33,106,6,11.7,56.43,6
33,107,31,133.9,754.08,22
33,108,3,30.9,132.2,3
33,112,4,18.95,87.6,4
33,113,11,35.38,245.53,5
33,114,10,31.73,184.11,3
33,123,1,11.7,40.5,1
33,124,3,31.71,181.37,1
33,125,5,16.06,84.48,2
33,129,3,26.03,107.09,1
33,130,3,40.87,206.0,2
33,132,28,547.16,2119.79,17
33,133,1,4.8,21.9,1
33,134,1,8.8,35.9,1
33,137,15,82.56,377.86,13
33,138,25,263.48,998.87,10
33,140,14,101.52,441.53,9
33,141,7,52.61,220.81,1
33,142,8,65.05,284.95,7
33,143,2,15.72,88.72,0
33,144,18,44.28,294.78,14
33,145,2,13.26,83.87,1
33,146,1,7.94,39.76,0
33,148,11,29.76,183.07,4
33,149,2,14.9,64.92,1
33,151,1,9.73,44.37,0
33,157,2,15.76,69.0,6
33,158,6,23.39,157.23,5
33,161,36,71994.6,1251.95,33
33,162,28,195.3,943.32,14
33,163,16,123.4,583.35,18
33,164,7,39.91,225.89,9
33,165,1,7.52,5.09,0
33,166,1,9.7,42.9,0
33,167,2,27.5,91.0,2
33,168,1,11.04,45.0,1
33,170,26,148.0,716.63,22
33,171,1,13.49,54.11,0
33,173,1,10.22,38.15,0
33,174,4,66.66,226.69,3
33,177,5,25.28,122.65,3
33,180,1,0.0,49.66,0
33,181,21,51.47,322.22,20
33,186,3,16.12,79.7,7
33,188,7,20.33,170.85,3
33,189,15,33.61,232.8,20
33,190,1,2.93,20.57,0
33,193,1,0.0,30.0,1
33,195,11,22.5,140.1,13
33,196,2,12.64,46.1,2
33,201,1,19.88,1.39,0
33,209,7,14.11,101.01,9
33,210,1,0.0,51.13,0
33,211,9,27.97,159.67,7
33,213,1,14.2,45.5,1
33,216,2,26.42,95.4,1
33,217,3,7.54,49.6,3
33,222,1,7.2,30.5,1
33,223,1,10.62,40.82,0
33,224,2,9.46,48.49,0
33,225,10,38.15,226.05,11
33,227,2,10.42,51.5,2
33,228,5,37.87,163.0,7
33,229,10,66.38,326.61,5
33,230,24,159.28,802.91,25
33,231,23,54.58,343.37,25
33,232,4,15.56,73.28,3
33,233,10,63.8,286.4,6
33,234,28,125.34,735.32,19
33,235,2,29.8,94.0,2
33,236,14,121.75,596.06,7
33,237,17,133.36,698.73,5
33,238,4,28.14,194.34,1
33,239,12,107.17,527.02,4
33,242,1,0.0,70.5,1
33,244,4,48.2,170.23,3
33,246,24,121.07,657.19,8
33,247,1,10.7,41.76,0
33,249,11,35.84,249.47,5
33,254,1,15.4,52.5,1
33,255,22,87.33,450.58,23
33,256,9,33.71,203.4,6
33,257,5,21.5,92.5,3
33,258,1,0.0,39.0,1
33,260,1,7.58,35.2,1
33,261,6,19.22,114.12,6
33,262,2,17.42,81.22,0
33,263,7,61.25,264.91,2
34,14,1,8.83,32.51,0
34,18,1,16.81,52.72,0
34,25,2,3.61,26.31,1
34,33,2,7.86,55.7,2
34,34,5,9.49,164.3,5
34,36,2,3.2,39.16,0
34,37,1,3.59,22.02,0
34,39,1,6.92,39.03,0
34,48,2,12.13,62.0,2
34,49,1,1.18,11.58,0
34,52,1,1.83,13.5,1
34,61,1,2.1,18.5,1
34,65,3,2.77,26.5,10
34,66,1,0.05,3.0,1
34,74,1,0.0,35.8,0
34,75,1,12.01,39.3,0
34,80,1,3.47,17.0,2
34,90,1,4.49,27.06,0
34,91,1,5.36,54.08,0
34,97,1,0.6,10.58,0
34,100,2,11.93,66.2,3
34,113,1,3.45,19.1,1
34,114,1,3.33,18.23,0
34,116,1,0.0,69.33,0
34,129,1,7.54,26.42,0
34,130,1,15.72,48.13,0
34,133,1,7.47,47.9,0
34,135,1,9.7,38.7,1
34,137,1,5.3,26.1,1
34,140,1,7.55,31.26,0
34,141,1,7.4,35.65,0
34,158,1,4.51,25.4,1
34,160,2,6.72,8.99,1
34,163,1,17.54,53.4,2
34,164,1,6.3,42.2,2
34,168,1,12.19,50.96,0
34,174,3,36.5,148.5,3
34,196,1,6.72,28.2,1
34,211,1,5.04,27.5,1
34,231,1,2.15,12.8,2
34,232,1,3.19,1.0,0
34,234,1,4.58,2.13,0
34,237,1,8.32,36.33,0
34,249,1,3.8,23.84,0
34,255,1,2.17,15.6,1
34,256,1,1.4,10.0,0
34,261,1,3.48,23.0,0
35,4,1,9.41,31.46,0
35,10,2,16.4,64.5,2
35,14,6,48.7,193.0,6
35,17,2,7.86,44.79,1
35,20,1,19.0,53.5,1
35,21,13,124.2,461.5,13
35,25,6,26.12,162.94,5
35,26,2,9.5,49.0,2
35,28,8,42.9,257.87,7
35,29,1,9.6,35.5,1
35,30,1,8.9,34.5,1
35,33,9,48.5,227.0,9
35,34,2,11.6,47.0,2
35,35,21,36.95,680.56,19
35,36,1,2.93,19.37,0
35,37,12,33.29,253.52,10
35,38,2,22.4,82.0,2
35,39,11,25.04,198.51,10
35,40,1,8.5,27.5,1
35,42,5,64.2,254.0,5
35,43,1,17.0,51.5,1
35,45,1,0.0,32.12,0
35,48,1,13.4,69.5,1
35,49,5,14.48,109.86,2
35,50,1,26.57,56.88,0
35,51,1,17.6,53.5,1
35,52,3,17.8,82.5,3
35,55,5,50.2,178.5,5
35,56,2,12.5,65.0,2
35,60,1,0.5,54.5,1
35,61,14,26.85,263.9,10
35,62,7,12.75,145.97,5
35,63,1,3.2,19.5,1
35,65,5,24.6,120.5,5
35,67,2,20.58,95.27,1
35,68,3,28.1,115.5,3
35,69,1,16.79,69.56,0
35,71,7,19.03,139.88,6
35,72,16,13.06,293.22,14
35,74,5,80.1,245.5,5
35,75,12,162.09,610.24,11
35,76,21,55.36,395.83,15
35,77,5,5.33,67.63,4
35,78,1,25.5,49.5,1
35,79,1,7.8,31.5,1
35,80,1,5.09,30.53,0
35,81,3,59.1,164.5,3
35,85,6,16.08,123.88,5
35,86,3,27.0,124.5,3
35,87,6,38.8,182.0,6
35,88,1,7.6,30.5,1
35,89,13,39.98,293.34,9
35,91,3,9.9,62.5,3
35,92,2,19.3,71.0,2
35,97,12,45.67,290.32,10
35,100,1,1.8,38.5,1
35,102,1,3.1,20.5,1
35,106,1,4.0,21.5,1
35,107,5,45.4,207.5,5
35,108,3,32.65,107.42,2
35,112,1,5.2,26.5,1
35,113,1,8.0,30.5,1
35,117,7,60.1,278.5,7
35,121,1,7.0,29.5,1
35,123,2,5.0,50.5,2
35,124,5,24.6,117.5,5
35,126,2,43.92,112.85,1
35,127,1,2.3,55.5,1
35,130,2,20.6,66.0,2
35,132,1,8.01,33.78,0
35,133,1,6.5,23.5,1
35,135,1,0.0,84.0,0
35,136,8,0.0,658.5,0
35,137,12,110.67,500.22,11
35,139,2,19.4,72.0,2
35,140,8,83.26,321.14,7
35,141,6,62.4,305.0,6
35,142,1,12.0,51.5,1
35,143,2,33.0,103.0,2
35,145,4,26.4,114.0,4
35,146,1,10.5,35.5,1
35,150,1,10.6,29.5,1
35,152,2,20.1,101.0,2
35,154,1,6.9,14.5,1
35,155,1,5.43,28.44,0
35,159,3,47.8,152.5,3
35,160,1,3.4,24.5,1
35,162,4,45.4,167.0,4
35,163,1,7.96,81.68,0
35,164,4,27.92,188.24,2
35,165,2,10.8,51.0,2
35,166,2,16.2,107.0,2
35,168,1,10.0,49.5,1
35,169,1,0.0,54.5,1
35,170,4,42.73,193.9,3
35,174,2,43.8,112.0,2
35,177,28,29.5,441.44,26
35,178,1,4.5,24.5,1
35,181,6,25.6,139.0,6
35,182,1,15.5,48.5,1
35,185,1,0.5,51.5,1
35,186,1,7.2,31.5,1
35,188,20,43.2,370.0,20
35,189,6,17.69,133.8,6
35,191,2,25.2,75.0,2
35,195,4,30.7,104.0,4
35,197,3,19.76,91.62,2
35,201,1,10.0,37.5,1
35,203,2,23.9,77.0,2
35,205,2,20.8,74.0,2
35,209,4,13.3,131.22,2
35,213,1,20.1,50.5,1
35,215,1,6.3,31.5,1
35,216,3,16.5,79.5,3
35,219,2,15.9,65.0,2
35,222,10,33.97,175.52,9
35,224,1,3.4,26.5,1
35,225,9,26.07,169.19,8
35,228,5,40.63,176.06,4
35,229,1,9.0,50.5,1
35,230,2,21.3,82.0,2
35,231,3,24.7,90.5,3
35,232,5,30.3,142.5,5
35,233,1,12.2,47.5,1
35,234,1,0.0,32.5,1
35,236,1,0.9,54.5,1
35,237,1,14.4,50.5,1
35,239,1,11.5,56.5,1
35,241,1,20.1,56.5,1
35,244,4,53.2,238.95,3
35,247,1,16.5,50.5,1
35,249,1,10.2,32.5,1
35,253,1,12.9,52.5,1
35,255,6,35.37,160.4,6
35,256,2,9.4,49.0,2
35,258,1,2.5,20.5,1
35,259,2,46.6,117.0,2
35,260,1,9.9,37.5,1
35,261,2,14.4,63.0,2
35,263,1,12.3,53.5,1
36,4,2,8.52,44.15,0
36,7,3,14.31,85.84,1
36,10,1,7.4,30.5,1
36,17,9,15.39,125.02,6
36,25,4,18.32,97.75,1
36,32,3,31.9,156.0,3
36,33,2,9.32,68.82,0
36,36,28,7.88,612.08,29
36,37,14,13.88,161.4,4
36,41,3,25.03,184.0,5
36,42,1,11.69,58.5,0
36,45,2,11.01,51.38,0
36,48,2,13.23,70.47,0
36,49,2,6.41,44.92,1
36,50,2,16.63,100.82,0
36,51,1,16.48,48.97,0
36,53,1,9.43,48.42,0
36,55,1,14.33,47.29,0
36,60,1,11.5,42.5,1
36,61,11,29.83,213.33,4
36,62,2,7.77,46.47,0
36,63,1,3.59,21.29,0
36,65,2,7.54,49.42,0
36,68,2,16.83,84.19,0
36,71,4,19.54,112.21,3
36,72,1,3.0,20.5,1
36,75,4,28.96,183.68,2
36,76,1,5.3,22.5,1
36,78,1,12.2,44.5,1
36,79,7,27.17,207.88,5
36,80,6,8.74,95.82,0
36,82,4,14.51,85.57,2
36,83,1,5.18,18.26,0
36,85,1,5.29,25.4,1
36,87,1,0.0,45.93,0
36,88,1,6.36,-0.31,0
36,89,1,6.7,33.45,0
36,91,1,5.74,29.44,0
36,95,3,12.57,63.08,1
36,97,3,7.04,42.52,0
36,100,1,7.09,24.36,0
36,102,3,8.82,92.68,1
36,106,2,6.25,61.25,0
36,107,2,5.88,48.94,1
36,112,5,12.38,100.81,0
36,114,5,10.95,143.41,0
36,119,1,14.53,53.58,0
36,121,2,7.6,55.95,1
36,124,2,8.86,0.0,2
36,125,1,6.5,30.5,1
36,129,7,35.14,191.75,3
36,132,7,72.35,298.66,0
36,137,5,30.14,153.81,4
36,138,3,25.36,97.64,0
36,140,1,7.24,0.79,0
36,141,1,6.2,33.99,0
36,142,5,34.46,222.97,2
36,143,1,7.98,39.45,0
36,144,2,5.2,68.54,0
36,145,3,9.36,74.3,0
36,146,1,5.3,23.3,1
36,147,1,9.5,36.5,1
36,148,5,16.57,139.48,0
36,151,2,19.53,99.89,5
36,157,1,0.76,5.1,1
36,160,3,5.46,64.69,1
36,162,1,7.47,38.0,1
36,164,1,5.7,26.5,1
36,168,1,9.4,42.5,1
36,173,1,9.27,53.24,0
36,175,1,11.3,37.5,1
36,177,1,1.5,17.5,1
36,179,3,7.37,83.49,0
36,181,2,9.76,49.05,0
36,182,2,31.38,96.63,1
36,185,1,16.54,48.12,0
36,186,1,6.76,58.2,0
36,188,2,10.64,42.74,1
36,189,3,12.06,100.11,4
36,193,1,5.16,34.22,0
36,195,1,0.0,35.59,0
36,196,1,3.73,-17.7,1
36,198,6,6.81,59.92,3
36,202,5,26.9,147.5,5
36,205,1,12.8,36.5,1
36,209,1,5.38,26.1,1
36,210,1,9.95,80.68,0
36,211,2,10.86,62.45,0
36,212,1,20.4,51.5,1
36,217,2,3.34,26.79,0
36,222,1,5.0,25.5,1
36,223,2,14.52,56.61,0
36,225,12,18.85,157.15,4
36,226,1,3.63,20.95,0
36,227,1,8.34,30.5,0
36,228,2,16.36,38.14,0
36,229,1,6.92,29.85,0
36,231,2,11.74,27.47,0
36,232,2,14.9,74.55,0
36,233,7,52.76,208.23,4
36,236,2,9.13,76.76,1
36,237,3,19.1,96.83,2
36,239,2,17.34,75.29,1
36,246,2,7.19,83.94,0
36,255,8,14.89,165.38,5
36,256,8,20.25,119.18,2
36,260,3,9.17,78.05,0
36,262,1,11.77,49.86,0
36,263,3,27.03,114.9,0
37,1,2,48.06,148.98,0
37,4,5,15.34,155.22,2
37,7,6,32.15,184.16,1
37,10,1,10.8,38.5,1
37,17,15,26.43,208.84,15
37,19,1,12.1,40.5,1
37,25,5,17.84,146.5,3
37,26,3,23.31,145.89,2
37,28,1,9.2,36.5,1
37,33,4,16.95,108.17,1
37,34,1,2.18,20.85,0
37,35,6,14.64,114.01,5
37,36,13,9.61,191.19,7
37,37,58,19.65,2256.46,53
37,38,3,24.9,121.5,3
37,39,5,18.24,132.73,4
37,40,1,6.01,35.48,0
37,41,3,39.54,123.98,2
37,42,4,55.4,213.89,2
37,48,4,15.29,169.18,0
37,49,1,2.5,12.47,0
37,50,2,14.12,79.0,0
37,52,1,3.92,27.09,0
37,54,1,5.81,5.68,0
37,56,1,4.6,26.5,1
37,60,1,17.2,38.5,1
37,61,19,43.2,347.75,13
37,62,1,2.8,20.5,1
37,63,3,9.88,55.89,2
37,65,1,4.2,25.97,0
37,67,2,18.88,71.25,1
37,68,1,7.19,41.5,1
37,70,2,7.98,66.34,1
37,71,5,20.88,120.42,3
37,72,7,22.4,154.5,7
37,74,4,41.08,153.96,2
37,75,5,45.7,214.52,4
37,76,6,9.8,136.0,6
37,77,4,13.0,95.0,4
37,79,12,50.3,371.68,1
37,80,13,15.02,259.52,5
37,82,5,21.82,135.93,1
37,83,2,8.65,23.35,0
37,85,2,5.0,55.27,1
37,86,2,29.3,88.0,2
37,87,3,11.57,100.91,1
37,89,2,12.3,57.61,0
37,90,6,37.4,203.33,4
37,91,4,17.36,109.22,2
37,92,1,9.07,41.52,0
37,95,4,17.93,111.19,3
37,96,1,2.2,11.4,1
37,97,8,29.06,155.89,6
37,98,5,17.7,174.5,5
37,100,2,10.7,62.5,2
37,102,1,0.0,9.28,0
37,106,1,3.5,24.32,0
37,107,2,9.74,58.55,0
37,108,4,49.03,202.66,2
37,112,10,26.8,195.28,4
37,113,3,15.3,82.0,4
37,114,1,0.0,38.38,0
37,116,3,41.08,168.37,0
37,117,1,2.8,47.5,1
37,123,1,16.0,29.5,1
37,124,1,5.2,27.5,1
37,129,4,25.76,135.25,0
37,130,1,0.0,31.5,1
37,132,16,169.01,692.52,3
37,134,1,5.6,25.5,1
37,136,2,30.7,101.0,2
37,137,6,34.1,162.59,5
37,138,7,67.12,232.42,0
37,139,1,18.0,54.81,0
37,140,13,72.9,590.19,12
37,141,1,5.95,35.46,0
37,142,1,7.33,42.32,0
37,143,2,16.98,91.86,0
37,144,3,14.57,92.49,2
37,147,1,10.0,37.5,1
37,148,3,8.33,78.53,1
37,149,2,13.93,66.96,3
37,151,2,9.0,87.64,0
37,153,1,16.91,71.33,0
37,155,3,34.6,102.2,3
37,157,2,4.81,26.3,2
37,159,2,25.75,97.0,1
37,161,4,19.37,145.83,1
37,162,2,15.1,60.0,2
37,163,1,10.28,70.0,5
37,164,3,17.5,89.06,1
37,167,1,12.4,53.5,1
37,168,1,12.58,42.19,0
37,170,10,62.47,302.66,6
37,173,1,6.06,35.26,0
37,177,10,16.06,132.85,8
37,179,2,15.29,39.98,1
37,180,1,6.6,29.5,1
37,181,5,22.55,126.31,3
37,185,1,19.03,57.49,0
37,186,6,31.55,212.37,3
37,188,11,38.28,236.71,5
37,189,1,0.0,20.72,0
37,193,1,4.75,26.44,0
37,196,3,15.1,71.5,3
37,197,3,15.43,73.6,3
37,198,10,11.36,147.47,2
37,208,2,28.25,94.25,1
37,209,1,5.6,26.5,1
37,212,1,11.8,40.5,1
37,216,3,33.78,87.75,2
37,217,1,1.5,17.5,1
37,218,2,19.8,67.0,2
37,219,1,0.0,33.5,1
37,223,1,8.7,33.1,0
37,225,17,20.9,228.49,13
37,226,1,3.1,16.3,1
37,228,5,34.14,157.1,3
37,229,3,23.42,104.17,1
37,230,4,28.6,145.17,1
37,231,3,15.4,89.95,1
37,232,5,21.94,117.98,3
37,233,5,34.5,141.5,5
37,236,2,22.2,59.0,2
37,237,1,7.48,32.89,0
37,238,3,27.61,133.31,0
37,239,3,10.16,134.86,0
37,243,1,14.39,44.87,0
37,244,3,32.0,148.0,3
37,246,3,21.38,128.21,0
37,255,7,12.19,131.97,2
37,256,11,16.92,175.19,1
37,258,3,14.66,79.09,0
37,261,1,5.4,25.5,1
37,262,2,16.13,92.51,0
37,263,5,44.64,192.42,2
38,7,1,16.85,48.3,0
38,16,2,16.32,84.1,3
38,24,1,19.42,82.95,0
38,35,1,11.3,37.5,1
38,38,18,9.08,389.58,21
38,39,6,40.5,232.0,6
38,42,1,21.8,49.5,1
38,45,1,0.0,52.5,1
38,55,1,16.8,52.5,1
38,62,2,32.62,120.05,1
38,65,1,15.1,50.5,1
38,71,1,14.6,57.6,2
38,72,1,13.6,43.5,1
38,75,1,0.0,57.5,1
38,76,2,15.4,70.0,2
38,77,4,22.0,145.0,4
38,86,1,0.0,28.5,1
38,87,4,63.5,256.0,4
38,89,1,17.9,51.5,1
38,91,2,24.9,83.0,2
38,101,1,7.73,25.03,0
38,122,1,2.49,23.3,1
38,124,1,8.2,31.5,1
38,130,5,16.3,104.0,4
38,131,1,2.1,43.5,1
38,132,2,12.79,52.9,2
38,133,1,7.0,74.5,1
38,134,1,6.7,28.5,1
38,137,5,84.1,256.5,5
38,138,1,14.37,55.0,1
38,139,2,2.6,24.33,1
38,140,7,111.9,386.5,7
38,142,1,0.0,55.5,1
38,143,1,22.6,67.5,1
38,146,1,0.0,45.0,1
38,152,2,24.5,113.0,2
38,161,1,21.26,87.7,1
38,162,1,14.9,47.5,1
38,163,2,34.4,99.0,2
38,164,1,0.0,47.5,1
38,167,2,15.2,101.0,2
38,186,4,53.9,230.0,4
38,188,3,42.42,154.1,5
38,191,4,3.7,70.0,4
38,197,1,6.0,23.5,1
38,205,6,9.7,143.0,6
38,209,3,46.4,190.5,3
38,213,1,14.8,47.5,1
38,215,2,4.8,39.0,2
38,216,1,6.5,29.5,1
38,218,2,7.61,31.53,0
38,219,1,2.93,12.8,1
38,222,1,9.7,36.5,1
38,225,1,11.0,43.5,1
38,226,9,69.6,429.0,9
38,230,4,77.9,309.9,5
38,231,1,0.0,53.5,1
38,233,1,25.4,53.5,1
38,238,2,41.1,127.0,2
38,242,1,13.8,44.5,1
38,244,1,18.1,53.5,1
38,260,1,12.4,43.5,1
38,261,1,20.9,71.5,1
39,4,1,8.5,33.5,1
39,7,3,43.9,145.5,3
39,9,1,0.0,42.5,1
39,10,2,17.05,60.82,0
39,11,1,0.0,40.07,0
39,13,1,9.7,56.5,1
39,14,11,111.81,368.34,10
39,16,1,17.4,42.5,1
39,17,6,29.67,176.22,1
39,18,1,20.7,58.5,1
39,22,3,31.9,110.1,3
39,25,4,20.5,117.0,4
39,26,7,72.1,254.0,7
39,29,5,31.9,148.5,5
39,31,1,20.5,60.5,1
39,32,1,23.8,61.5,1
39,33,4,28.82,129.11,3
39,35,6,13.31,107.19,5
39,36,2,9.9,51.0,2
39,37,5,28.5,125.5,5
39,38,5,22.7,195.08,4
39,39,61,55.52,811.82,46
39,42,5,93.8,278.5,5
39,45,1,18.1,55.5,1
39,47,1,19.1,49.5,1
39,48,2,9.8,89.0,2
39,49,5,29.84,143.75,4
39,51,1,21.5,62.5,1
39,52,1,7.5,31.5,1
39,55,3,27.81,98.64,2
39,60,1,19.8,72.5,1
39,61,19,74.11,504.29,17
39,62,2,9.14,55.2,2
39,63,2,5.13,37.92,1
39,65,10,84.72,387.1,13
39,67,1,7.1,27.5,1
39,68,16,192.1,665.0,16
39,69,5,58.4,302.0,5
39,71,18,38.06,342.21,15
39,72,16,24.19,233.29,12
39,73,2,13.8,77.0,2
39,74,3,18.2,166.0,3
39,75,7,127.04,550.17,3
39,76,27,54.58,474.18,18
39,77,4,7.16,82.7,3
39,79,1,9.5,58.5,1
39,80,4,30.3,106.0,4
39,82,1,7.72,44.09,0
39,85,6,21.33,121.27,4
39,86,5,56.9,197.5,5
39,87,5,43.5,197.5,5
39,88,2,29.7,109.0,2
39,89,10,31.01,217.87,5
39,90,5,81.0,262.5,5
39,91,24,48.2,400.18,19
39,92,1,14.2,40.5,1
39,93,5,49.9,198.5,5
39,97,11,71.1,313.46,10
39,100,3,39.5,156.5,3
39,107,8,106.2,334.0,8
39,112,1,8.6,30.5,1
39,117,1,9.2,33.5,1
39,121,3,28.19,114.56,2
39,122,1,10.4,37.5,1
39,123,9,60.95,276.99,8
39,124,1,0.0,22.43,0
39,126,2,48.1,119.0,2
39,129,1,8.9,33.5,1
39,130,4,38.15,145.23,3
39,132,5,42.46,162.6,5
39,133,4,21.71,139.0,4
39,136,1,21.5,65.5,1
39,137,14,164.4,724.0,14
39,138,1,15.4,61.5,1
39,139,1,10.9,37.5,1
39,140,27,331.8,1490.5,27
39,141,8,120.9,483.0,8
39,143,1,23.4,64.5,1
39,144,1,11.0,31.5,1
39,145,1,11.2,41.5,1
39,146,1,12.5,42.5,1
39,148,3,32.82,186.68,1
39,149,3,10.44,62.56,2
39,150,4,20.97,120.06,1
39,152,1,24.41,78.4,0
39,153,1,22.2,62.5,1
39,154,2,13.41,54.02,2
39,155,5,17.6,109.5,5
39,159,1,18.4,60.5,1
39,161,4,50.8,214.0,4
39,162,2,39.6,97.0,2
39,165,10,64.95,287.0,11
39,166,3,54.1,174.5,3
39,167,1,18.3,63.5,1
39,168,1,21.4,67.5,1
39,169,1,19.0,56.5,1
39,170,12,180.23,624.82,11
39,171,1,9.9,38.5,1
39,174,1,20.6,58.5,1
39,175,1,10.5,38.5,1
39,177,7,23.8,130.53,4
39,178,1,9.58,38.7,1
39,181,12,57.29,389.9,8
39,186,1,11.5,38.5,1
39,188,26,87.56,546.62,25
39,189,1,0.0,23.5,1
39,191,1,10.7,41.5,1
39,193,6,64.9,288.0,6
39,194,1,0.0,65.46,0
39,196,1,7.7,32.5,1
39,197,2,8.8,73.02,1
39,198,1,7.2,25.5,1
39,202,2,31.6,101.0,2
39,203,1,11.6,38.5,1
39,205,4,36.15,152.91,3
39,208,3,66.9,180.5,3
39,209,7,70.2,316.5,7
39,210,1,4.7,27.5,1
39,215,3,27.48,106.75,2
39,216,5,18.58,86.01,4
39,222,4,4.81,83.05,3
39,223,3,42.83,149.68,2
39,225,6,28.36,146.26,5
39,227,5,75.1,227.5,5
39,228,2,31.65,88.6,2
39,230,6,104.9,347.0,6
39,231,6,80.49,336.8,6
39,233,2,22.9,106.0,2
39,234,1,15.1,47.5,1
39,235,1,1.0,61.5,1
39,236,2,26.7,124.0,2
39,237,1,13.5,67.5,1
39,239,2,33.3,125.0,2
39,242,1,4.2,33.5,1
39,244,3,59.3,199.5,3
39,247,3,28.6,169.5,6
39,248,1,3.7,50.5,1
39,252,1,12.9,42.5,1
39,254,1,18.2,55.5,1
39,256,1,7.29,35.96,0
39,258,2,9.5,53.0,2
39,261,7,101.18,364.59,6
39,263,1,0.0,74.0,1
40,4,1,5.01,26.21,0
40,13,9,28.31,196.7,9
40,14,4,19.19,86.27,2
40,25,9,8.06,117.79,11
40,29,1,16.1,38.5,1
40,33,47,54.15,445.23,53
40,39,1,6.9,50.5,1
40,40,17,3.85,590.43,21
40,42,2,27.45,57.2,5
40,43,2,82024.0,52.57,0
40,48,4,21.76,140.01,1
40,49,3,5.3,52.35,1
40,50,1,5.61,31.74,0
40,52,15,10.72,118.33,14
40,55,1,10.7,38.5,1
40,61,2,9.5,59.1,2
40,65,5,5.95,65.1,8
40,66,3,5.7,35.89,2
40,68,2,10.88,55.0,2
40,69,1,11.5,46.5,1
40,75,1,11.45,49.29,0
40,79,1,6.01,18.83,0
40,80,3,16.52,51.05,0
40,81,1,18.7,62.5,1
40,85,1,5.59,26.8,1
40,87,2,8.07,40.3,2
40,88,4,15.47,94.09,5
40,90,1,4.9,27.28,0
40,106,9,6.76,109.1,9
40,107,3,20.59,86.99,2
40,112,1,7.39,31.7,2
40,124,1,21.48,48.1,0
40,125,2,7.13,38.19,1
40,129,1,9.99,40.1,5
40,132,1,19.5,73.0,1
40,135,2,26.73,118.61,0
40,137,12,80.19,378.51,13
40,138,9,108.66,423.79,3
40,140,2,0.0,97.82,0
40,141,1,9.3,38.0,1
40,142,5,44.58,104.9,5
40,143,2,13.77,87.89,0
40,144,5,17.79,79.24,0
40,148,4,13.7,71.01,3
40,149,1,6.23,30.3,1
40,158,2,7.29,45.31,1
40,161,4,33.38,174.63,2
40,162,4,31.83,156.09,3
40,163,6,41.83,249.11,0
40,164,1,7.7,38.0,1
40,165,3,19.52,92.17,1
40,170,5,28.47,172.39,2
40,178,1,4.9,27.5,1
40,179,1,11.6,63.5,0
40,181,15,21.76,170.61,15
40,186,3,16.55,103.08,0
40,189,3,5.98,42.3,1
40,191,1,15.8,48.5,1
40,192,1,0.0,41.5,1
40,195,12,16.56,137.0,11
40,210,1,12.3,42.5,1
40,211,3,8.28,75.27,2
40,216,1,8.8,32.5,1
40,224,2,11.08,56.0,6
40,225,1,3.4,22.5,1
40,226,1,17.5,38.56,0
40,227,2,8.94,44.95,1
40,228,1,1.44,10.7,1
40,229,2,7.97,74.42,0
40,230,3,22.63,118.36,2
40,231,23,74.31,434.44,17
40,232,2,8.6,45.59,0
40,233,15,102.44,520.34,13
40,234,2,10.56,68.64,1
40,236,2,18.5,89.28,2
40,238,2,23.23,107.33,1
40,239,1,9.18,42.2,1
40,246,4,22.86,90.73,2
40,249,2,13.12,80.2,2
40,250,1,16.3,49.5,1
40,255,2,11.55,56.15,2
40,256,2,9.45,75.22,0
40,261,9,22.29,169.92,7
40,262,1,7.63,-3.15,0
40,263,2,20.82,81.63,0
41,1,9,190.9,668.36,11
41,4,19,151.25,652.47,16
41,7,6,29.42,164.9,6
41,10,1,12.9,42.5,1
41,12,1,9.0,45.0,1
41,13,5,45.44,181.17,3
41,14,4,67.66,235.5,4
41,18,3,21.3,76.5,3
41,20,2,13.56,74.4,2
41,22,1,15.7,49.5,1
41,24,186,151.56,1367.7,216
41,25,2,22.4,89.3,2
41,28,4,41.3,163.5,4
41,29,1,21.9,62.5,1
41,31,1,7.18,41.5,1
41,32,1,10.4,40.5,1
41,33,4,32.8,146.4,4
41,35,2,30.7,104.0,2
41,36,2,19.61,90.8,3
41,37,4,45.9,148.0,4
41,41,689,420.92,7899.4,784
41,42,524,604.98,4960.38,564
41,43,141,214.33,1598.46,184
41,45,3,28.02,141.3,6
41,46,1,11.8,39.5,1
41,47,5,19.45,124.8,5
41,48,86,325.33,1945.47,73
41,50,50,211.47,1230.35,32
41,51,4,44.3,148.0,4
41,56,1,7.7,36.5,1
41,59,1,5.91,28.9,1
41,60,7,46.6,87.1,14
41,61,5,36.4,216.5,5
41,63,6,67.3,282.0,6
41,68,38,196.68,1147.8,26
41,69,21,61.93,412.81,19
41,71,2,29.0,106.0,2
41,72,2,12.6,105.5,2
41,74,519,537.63,4704.04,553
41,75,384,468.19,3787.62,398
41,76,6,81.7,308.5,6
41,78,8,34.26,218.54,7
41,79,31,215.73,1022.9,24
41,81,2,22.8,76.0,2
41,83,3,15.5,89.72,2
41,86,3,40.1,181.5,3
41,87,11,88.24,468.1,4
41,88,10,83.72,364.56,6
41,89,4,55.9,213.4,6
41,90,17,101.49,532.91,14
41,91,3,55.86,198.6,3
41,94,2,11.6,57.0,2
41,95,3,11.01,145.0,3
41,98,2,26.91,102.26,1
41,100,34,164.26,909.58,34
41,102,1,13.8,45.5,1
41,106,2,24.58,0.0,2
41,107,23,129.23,725.22,21
41,112,7,51.98,247.74,6
41,113,11,58.3,317.47,5
41,114,10,74.56,353.5,8
41,116,143,248.57,1807.85,125
41,117,3,67.5,160.5,3
41,119,7,24.02,134.4,10
41,120,1,3.06,19.09,0
41,122,2,17.8,92.0,2
41,125,3,17.35,106.63,1
41,126,7,25.29,176.0,13
41,127,13,41.98,302.54,11
41,128,2,12.75,61.39,1
41,129,7,37.72,211.42,5
41,130,2,10.7,87.5,2
41,131,1,13.5,46.5,1
41,132,66,1198.17,4507.44,56
41,133,1,15.91,66.7,1
41,136,10,42.0,246.0,10
41,137,19,93.97,562.19,12
41,138,83,604.17,2636.44,63
41,139,1,17.0,61.5,1
41,140,108,369.57,2305.4,82
41,141,84,252.64,1555.25,76
41,142,183,501.3,3067.22,199
41,143,95,293.03,1710.7,104
41,144,9,68.22,335.87,5
41,146,10,52.16,286.5,11
41,147,4,15.41,109.7,5
41,148,11,83.78,412.96,3
41,149,1,21.8,53.5,1
41,151,315,351.48,2820.06,399
41,152,156,162.62,1492.85,163
41,153,2,12.1,56.0,2
41,157,2,17.8,76.4,1
41,158,4,28.58,140.28,0
41,159,20,72.3,408.88,23
41,160,1,31.77,152.8,1
41,161,64,248.56,1468.59,60
41,162,54,202.52,1340.95,44
41,163,61,206.0,1230.05,76
41,164,44,208.5,1152.4,41
41,166,499,452.63,4169.84,580
41,167,13,43.18,286.4,20
41,168,43,100.77,676.09,53
41,169,6,34.96,133.83,5
41,170,34,174.07,975.49,31
41,173,1,6.4,30.5,1
41,174,5,43.26,178.8,6
41,177,1,13.4,50.5,1
41,178,1,20.1,47.5,1
41,179,5,21.5,67.1,7
41,181,1,13.2,46.5,1
41,182,5,27.2,144.5,5
41,185,3,24.19,117.9,3
41,186,39,202.95,1148.42,33
41,188,2,12.6,99.0,2
41,191,4,44.7,187.0,4
41,193,2,0.0,53.0,2
41,196,1,0.0,35.0,1
41,200,1,6.95,28.9,1
41,201,2,42.9,125.0,2
41,202,1,11.28,57.6,2
41,207,1,5.23,23.3,1
41,209,4,38.04,190.66,3
41,211,4,32.77,160.89,2
41,212,4,22.04,114.5,4
41,213,2,11.46,52.6,2
41,216,1,0.0,48.5,1
41,219,1,14.7,47.5,1
41,220,4,34.1,129.6,4
41,223,5,25.95,135.17,6
41,224,3,20.42,89.3,2
41,225,1,16.0,51.5,1
41,226,11,60.63,340.3,12
41,229,17,62.59,402.61,11
41,230,82,316.69,1894.37,81
41,231,27,204.7,1060.7,26
41,232,11,78.73,461.52,9
41,233,21,86.93,568.59,19
41,234,31,171.74,976.1,23
41,235,4,25.52,118.5,5
41,236,206,422.69,2917.53,225
41,237,91,263.84,1726.49,85
41,238,400,610.03,4435.85,451
41,239,261,563.31,3646.2,268
41,241,4,27.21,126.5,4
41,242,9,61.03,316.1,11
41,243,23,103.44,553.06,19
41,244,122,351.0,2264.6,114
41,246,31,176.11,837.18,34
41,247,13,27.54,222.88,16
41,248,2,10.1,54.0,3
41,249,13,94.2,452.0,16
41,250,1,8.4,27.5,1
41,254,6,61.63,211.8,6
41,255,1,10.5,52.5,0
41,256,2,20.49,88.6,3
41,257,1,13.5,45.5,1
41,259,1,9.85,42.9,1
41,261,5,48.89,199.39,7
41,262,60,161.74,1028.06,66
41,263,109,236.54,1648.37,101
42,1,6,148.87,391.82,5
42,3,12,79.6,407.5,13
42,4,8,59.2,208.98,9
42,7,4,20.9,103.6,4
42,13,1,11.4,40.5,1
42,14,1,6.3,50.5,1
42,15,1,0.0,39.0,1
42,16,2,25.6,86.0,2
42,17,2,15.67,134.56,0
42,18,7,39.8,196.7,7
42,20,3,15.47,77.2,3
42,24,23,39.23,318.44,20
42,25,3,34.2,113.5,3
42,26,1,17.9,53.5,1
42,28,5,50.9,207.43,4
42,31,1,6.5,31.5,1
42,32,2,15.59,62.6,2
42,33,1,8.9,38.5,1
42,34,1,10.1,39.5,1
42,35,2,32.2,100.0,2
42,37,3,30.9,139.5,3
42,39,4,71.1,233.0,4
42,41,346,342.5,3143.83,349
42,42,469,277.81,7179.13,502
42,43,38,76.76,568.85,20
42,45,12,68.4,426.92,11
42,46,3,32.5,117.5,3
42,47,5,12.63,106.1,5
42,48,24,135.59,683.71,18
42,50,21,122.0,667.5,7
42,51,10,72.29,387.03,9
42,56,4,18.6,142.0,4
42,60,2,4.37,61.2,2
42,61,8,72.13,402.76,7
42,62,3,28.52,157.7,3
42,63,1,11.0,47.5,1
42,65,7,67.8,278.5,7
42,66,4,42.31,171.9,5
42,68,20,133.09,649.03,12
42,69,27,47.25,403.83,26
42,70,1,7.9,40.0,1
42,72,5,74.6,265.5,5
42,74,246,314.49,2919.91,235
42,75,145,301.3,2155.28,120
42,76,4,64.3,211.0,4
42,77,2,15.5,101.0,2
42,78,4,27.0,104.3,4
42,79,11,79.22,361.22,5
42,80,1,8.5,34.5,1
42,81,5,46.3,174.5,5
42,82,1,7.57,51.0,4
42,83,1,7.4,33.5,1
42,86,6,129.8,356.0,6
42,87,7,61.77,274.76,4
42,88,18,152.13,646.09,15
42,89,2,27.8,99.0,2
42,90,9,59.03,308.54,6
42,91,1,15.0,57.5,1
42,92,3,27.1,106.5,3
42,93,3,29.56,58.5,3
42,94,5,13.37,120.8,4
42,95,2,22.23,82.9,2
42,97,2,21.0,80.0,2
42,100,5,33.67,152.1,5
42,106,5,33.4,240.99,4
42,107,15,106.02,450.38,9
42,108,2,41.0,128.0,2
42,113,5,36.6,182.38,5
42,114,11,84.4,428.77,1
42,116,97,120.39,974.08,78
42,117,3,57.1,190.5,3
42,119,9,14.75,129.2,11
42,120,2,2.94,86.3,2
42,121,3,39.5,125.5,3
42,122,1,0.0,49.5,1
42,125,3,29.13,130.03,4
42,126,5,23.02,67.1,5
42,127,15,50.08,349.03,15
42,128,2,9.95,57.8,2
42,129,1,6.25,27.41,0
42,130,2,29.7,87.0,2
42,132,11,180.12,694.43,5
42,133,1,14.0,48.5,1
42,134,1,12.8,41.5,1
42,135,3,41.0,118.5,3
42,136,3,13.3,68.5,3
42,137,33,206.72,917.86,19
42,138,33,253.32,1017.24,22
42,140,45,183.22,1062.35,34
42,141,17,83.53,441.53,14
42,142,32,138.91,828.29,20
42,143,20,87.34,544.26,10
42,144,7,66.04,274.44,6
42,145,3,15.68,104.1,3
42,146,1,0.0,29.5,1
42,147,3,10.06,63.0,3
42,148,7,61.47,248.24,3
42,150,1,20.0,70.5,1
42,151,68,148.69,1107.79,66
42,152,75,70.4,867.09,61
42,153,3,14.75,68.39,2
42,158,5,30.17,180.41,2
42,159,17,30.17,257.77,19
42,160,1,5.0,66.0,0
42,161,48,227.82,1393.09,40
42,162,30,150.48,839.87,26
42,163,29,156.37,816.14,28
42,164,20,120.78,623.2,11
42,166,113,146.16,1297.63,99
42,167,9,25.43,169.8,13
42,168,25,42.62,339.83,27
42,169,12,40.2,205.92,15
42,170,19,112.55,570.93,14
42,174,8,55.88,254.67,7
42,177,5,79.4,255.5,5
42,181,3,30.0,137.5,3
42,182,10,61.77,291.8,12
42,185,4,32.39,124.21,4
42,186,9,61.79,301.34,7
42,188,7,78.56,352.4,7
42,191,21,298.72,1034.01,20
42,194,3,10.81,102.4,3
42,197,4,51.58,204.0,4
42,198,1,0.0,71.0,0
42,200,4,34.57,143.8,6
42,201,2,44.0,139.0,2
42,205,2,42.1,100.0,2
42,208,4,31.97,127.2,5
42,209,5,52.98,214.43,3
42,211,1,9.19,45.7,1
42,212,1,0.0,27.5,1
42,213,9,55.53,244.67,8
42,215,3,35.5,141.0,3
42,216,3,31.3,91.0,3
42,218,4,48.3,199.0,4
42,219,1,0.1,52.5,1
42,220,9,60.17,318.5,10
42,224,2,8.02,61.34,1
42,225,3,28.33,144.7,3
42,226,13,71.9,405.0,13
42,227,2,0.0,93.0,2
42,228,6,66.5,278.0,6
42,229,13,62.45,348.2,14
42,230,19,94.85,587.6,10
42,231,22,152.44,815.48,19
42,232,6,26.85,217.15,6
42,233,9,59.82,245.13,7
42,234,13,80.11,455.25,9
42,235,3,11.91,76.4,3
42,236,48,140.74,950.0,32
42,237,28,107.36,603.36,27
42,238,80,204.74,1412.64,69
42,239,38,116.77,746.04,31
42,241,1,4.7,26.5,1
42,242,6,58.69,130.6,7
42,243,24,72.39,443.84,16
42,244,66,115.22,1048.84,49
42,246,25,129.62,707.46,14
42,247,26,29.44,292.7,35
42,248,2,10.3,60.0,2
42,249,8,47.33,293.67,7
42,250,5,23.93,138.8,5
42,252,1,5.9,34.5,1
42,254,13,95.65,372.2,13
42,256,4,20.6,153.5,4
42,259,2,8.73,66.7,2
42,260,3,18.4,92.5,3
42,261,1,11.1,38.5,1
42,262,18,51.67,356.48,8
42,263,31,81.46,634.41,30
43,1,78,1462.28,7142.84,128
43,4,46,220.85,1118.2,62
43,6,1,20.31,78.6,1
43,7,52,228.04,1266.5,63
43,10,1,5.29,28.2,1
43,12,11,74.91,384.4,21
43,13,130,907.74,4210.24,176
43,14,3,43.14,177.0,3
43,15,1,17.89,72.3,1
43,16,1,17.38,72.3,5
43,17,9,85.04,425.4,14
43,18,1,10.71,57.34,0
43,20,5,53.28,234.1,8
43,24,258,539.79,3305.25,371
43,25,14,125.87,577.5,31
43,26,2,29.73,131.3,2
43,28,1,15.5,59.7,1
43,31,1,12.58,50.6,2
43,33,34,292.79,1383.9,48
43,34,2,19.08,89.3,2
43,36,2,16.99,80.9,3
43,37,1,11.2,53.4,1
43,40,10,95.97,423.4,11
43,41,400,823.96,5151.37,557
43,42,156,465.7,2745.26,199
43,43,2234,2367.74,22348.64,3245
43,45,42,258.66,1429.81,81
43,48,1277,2709.35,18807.4,1899
43,49,10,101.45,475.2,12
43,50,330,671.44,4563.36,491
43,51,1,0.0,43.5,1
43,52,8,78.89,359.3,9
43,53,1,10.72,49.9,1
43,54,5,49.44,227.1,6
43,55,1,11.88,66.0,1
43,56,1,8.02,39.4,3
43,61,6,65.62,298.0,6
43,63,1,18.36,73.7,5
43,65,14,123.56,591.33,15
43,66,19,158.79,704.8,29
43,67,2,29.26,119.4,5
43,68,837,2567.11,16345.76,1202
43,69,3,13.3,72.5,3
43,70,2,23.14,0.0,6
43,72,1,13.04,69.5,1
43,74,284,666.38,3975.22,358
43,75,565,886.87,6153.15,729
43,79,280,1310.92,7151.3,408
43,80,6,49.14,255.3,10
43,82,5,34.54,190.0,7
43,85,1,10.68,60.03,0
43,87,67,480.63,2405.96,98
43,88,75,557.32,2507.66,100
43,89,3,29.44,158.5,6
43,90,355,1123.3,7234.88,496
43,92,5,61.29,300.6,7
43,95,3,32.97,160.2,3
43,97,6,57.55,270.0,6
43,100,640,1426.09,10293.34,985
43,101,1,18.76,75.1,3
43,102,3,32.13,48.5,3
43,106,7,75.26,336.0,12
43,107,327,1068.92,6723.08,489
43,112,39,210.86,1160.0,59
43,113,354,1256.78,7849.64,484
43,114,180,738.56,4363.31,267
43,116,65,286.62,1546.78,102
43,118,1,25.71,110.1,2
43,120,1,7.24,31.0,1
43,121,1,13.41,54.1,1
43,123,1,15.82,69.43,0
43,125,75,375.41,2210.38,111
43,126,2,16.54,87.9,3
43,127,13,96.1,427.4,14
43,128,2,16.61,71.1,2
43,129,14,98.5,543.2,18
43,130,1,17.28,70.0,2
43,132,282,5198.61,19092.63,446
43,134,2,26.55,105.79,6
43,135,1,9.46,42.9,1
43,136,1,10.3,41.5,1
43,137,156,531.67,3262.75,218
43,138,368,3639.16,15799.69,505
43,140,886,1456.29,11606.56,1208
43,141,1414,1879.77,15140.2,1957
43,142,3222,4153.81,31315.07,4475
43,143,1170,1736.42,12796.13,1616
43,144,198,960.39,5585.71,326
43,145,33,115.76,748.6,61
43,146,10,40.11,173.1,12
43,147,1,5.17,35.2,1
43,148,144,810.5,4196.65,231
43,149,1,26.25,108.7,1
43,151,654,1178.28,7878.65,871
43,152,37,128.82,732.55,41
43,153,1,11.24,25.53,0
43,157,6,43.69,153.4,7
43,158,226,989.39,5566.1,346
43,159,2,10.39,52.2,3
43,160,2,19.5,94.9,3
43,161,3977,5840.57,47001.72,5853
43,162,1334,2209.03,17650.15,1930
43,163,2075,2786.74,22663.43,3052
43,164,1118,2458.2,18437.54,1742
43,166,420,1046.45,6198.3,584
43,168,5,19.18,97.6,7
43,169,2,14.8,69.0,4
43,170,773,1715.97,12494.4,1099
43,171,2,23.82,113.8,2
43,174,3,28.19,150.4,3
43,178,1,0.0,45.0,1
43,179,6,29.27,154.5,7
43,181,29,321.49,1482.8,41
43,186,812,2134.33,15525.91,1209
43,188,2,25.83,113.1,2
43,189,8,86.56,401.3,9
43,190,2,11.5,97.0,2
43,193,4,14.22,76.4,12
43,194,2,10.8,53.6,2
43,195,3,32.29,160.9,4
43,196,4,42.17,183.5,5
43,197,4,34.9,166.0,4
43,198,3,25.58,117.5,3
43,200,9,96.68,395.9,15
43,202,8,38.08,218.6,10
43,206,1,22.9,89.1,2
43,208,2,17.45,73.2,2
43,209,52,361.99,1703.41,82
43,210,2,40.08,170.5,3
43,211,175,834.78,4873.72,260
43,216,5,86.94,360.4,6
43,217,9,79.91,417.6,12
43,219,1,18.64,70.0,2
43,220,9,87.9,368.6,14
43,223,40,241.58,1213.23,52
43,224,69,276.47,1528.42,96
43,225,9,82.71,235.36,11
43,226,20,82.69,475.45,26
43,227,2,23.78,0.0,2
43,229,798,1399.57,10610.54,1129
43,230,2074,3678.57,28228.14,3313
43,231,239,1481.73,7785.88,335
43,232,36,214.13,1068.17,64
43,233,372,840.13,5857.8,556
43,234,712,1981.02,13462.29,1008
43,235,1,8.0,36.6,1
43,236,3229,4102.75,30848.29,4366
43,237,3397,3731.12,31949.04,4685
43,238,2135,3051.35,21487.06,2792
43,239,2923,3775.12,27962.93,4127
43,241,1,11.74,56.2,1
43,243,66,486.02,2194.17,96
43,244,73,426.89,2033.99,84
43,246,600,1860.56,11226.07,839
43,247,2,12.3,66.2,3
43,249,347,1342.49,8423.81,531
43,252,2,17.53,77.4,4
43,254,1,13.4,44.5,1
43,255,21,147.91,767.9,33
43,256,23,176.24,886.63,37
43,260,7,36.28,189.0,7
43,261,80,589.01,2843.85,135
43,262,668,1107.07,8322.78,919
43,263,1073,1531.53,11398.09,1563
45,1,11,184.58,1004.7,17
45,4,46,76.89,641.62,53
45,7,5,49.34,201.2,10
45,10,3,11.1,165.0,3
45,12,4,5.66,49.8,6
45,13,49,83.83,648.95,59
45,14,8,63.7,303.03,11
45,16,1,20.66,81.4,3
45,17,16,72.0,294.73,18
45,20,1,13.2,43.5,1
45,21,1,8.3,15.5,1
45,22,1,7.7,35.5,1
45,24,3,22.66,120.68,2
45,25,21,56.54,344.9,31
45,26,3,14.5,93.5,3
45,29,7,58.8,306.0,7
45,33,29,60.74,403.28,35
45,34,1,2.55,16.3,1
45,36,3,16.18,77.53,3
45,37,11,58.22,303.29,10
45,38,1,15.5,60.5,1
45,39,1,8.69,46.4,6
45,40,10,33.16,187.2,12
45,41,9,88.19,396.91,13
45,42,19,162.55,722.09,20
45,43,21,138.88,722.83,32
45,44,1,27.19,115.0,1
45,45,115,45.07,2038.65,148
45,47,1,11.9,44.5,1
45,48,59,267.28,1605.61,86
45,49,19,58.03,321.22,21
45,50,14,61.03,409.21,10
45,51,5,81.4,206.0,5
45,52,9,24.46,134.1,15
45,54,4,15.62,91.1,5
45,55,9,87.6,392.0,9
45,61,7,32.55,166.3,7
45,62,9,45.9,171.3,10
45,63,2,17.8,63.0,2
45,65,34,68.92,406.1,42
45,66,25,49.63,392.87,27
45,68,97,300.85,1912.29,117
45,70,1,9.93,48.5,1
45,72,7,49.44,238.2,11
45,74,9,78.08,312.59,10
45,75,9,70.05,309.22,6
45,77,1,7.4,29.5,1
45,78,1,11.8,40.5,1
45,79,193,273.53,2191.89,248
45,80,13,46.45,265.91,15
45,82,3,23.73,102.88,2
45,85,3,21.34,77.47,2
45,87,137,123.1,1296.6,167
45,88,77,100.44,780.79,106
45,89,4,25.61,126.7,5
45,90,42,105.61,728.61,57
45,92,2,25.38,122.2,5
45,95,1,9.0,42.2,1
45,97,14,36.63,217.7,18
45,100,41,141.74,801.75,52
45,107,102,205.99,1474.35,126
45,112,12,57.45,295.94,16
45,113,60,94.92,706.04,82
45,114,71,81.89,742.47,106
45,116,14,121.03,574.73,12
45,117,5,55.8,398.0,5
45,121,1,14.4,64.5,1
45,125,35,39.17,324.31,46
45,127,2,26.7,109.6,2
45,129,4,37.57,154.13,4
45,131,2,29.1,97.0,2
45,132,42,759.24,2576.88,54
45,133,1,7.26,31.7,1
45,137,40,120.09,728.92,42
45,138,39,457.11,1840.73,48
45,140,38,208.68,1092.84,41
45,141,39,210.28,1013.42,42
45,142,33,185.16,943.07,32
45,143,14,78.51,446.88,15
45,144,94,66.34,744.47,130
45,145,5,32.47,147.3,7
45,146,1,7.88,40.1,1
45,148,157,127.86,1385.79,201
45,151,9,67.85,336.39,6
45,152,1,11.85,41.56,0
45,155,1,0.0,56.5,1
45,158,38,80.13,553.36,50
45,159,1,11.23,47.1,2
45,161,80,340.98,2011.32,138
45,162,68,271.14,1634.85,103
45,163,42,194.4,1205.54,63
45,164,77,249.37,1660.11,98
45,166,12,98.51,454.63,8
45,167,1,12.0,49.9,1
45,169,2,24.51,96.0,2
45,170,99,325.23,1974.13,129
45,177,1,6.06,29.6,1
45,179,3,31.02,127.24,2
45,180,1,12.7,43.5,1
45,181,25,98.81,556.28,36
45,182,1,14.74,70.9,1
45,186,86,247.77,1718.64,121
45,188,6,31.13,164.15,5
45,189,8,28.02,157.68,7
45,190,1,3.79,31.7,2
45,191,2,32.8,95.0,2
45,193,1,8.95,39.4,1
45,195,4,18.9,92.5,4
45,198,5,31.04,158.51,4
45,200,2,32.84,134.1,2
45,202,1,7.84,42.06,0
45,206,2,32.82,0.0,2
45,208,1,13.9,45.5,1
45,209,74,57.15,629.36,97
45,211,54,50.2,490.05,80
45,212,2,28.7,0.0,2
45,213,4,42.2,162.0,4
45,216,1,0.0,41.5,1
45,217,1,4.0,22.6,1
45,219,4,30.8,276.0,4
45,220,2,29.41,114.5,2
45,221,1,14.13,52.59,0
45,223,4,43.49,190.5,5
45,224,14,26.88,228.59,17
45,225,11,51.9,281.75,8
45,226,2,14.34,59.9,3
45,227,2,13.6,60.5,2
45,228,6,43.73,191.6,8
45,229,40,178.68,922.54,55
45,230,131,599.98,3517.13,216
45,231,150,115.99,1505.33,184
45,232,115,120.95,997.55,125
45,233,47,179.34,1012.31,57
45,234,56,132.12,975.47,76
45,236,43,255.56,1472.46,47
45,237,42,211.98,1173.64,50
45,238,35,258.69,1255.4,35
45,239,36,226.44,1144.44,38
45,241,3,40.9,132.5,3
45,243,6,59.76,307.05,7
45,244,8,68.73,367.97,3
45,246,53,171.26,1091.76,64
45,247,1,14.5,59.0,4
45,248,1,12.7,44.5,1
45,249,87,150.89,1068.81,109
45,254,1,14.5,49.5,1
45,255,13,50.72,286.29,13
45,256,9,25.14,157.04,10
45,257,1,6.8,30.3,1
45,261,60,75.16,758.02,86
45,262,21,137.78,728.78,18
45,263,26,164.95,809.54,32
46,51,1,2.9,21.5,1
46,74,1,11.4,38.5,1
46,79,1,16.2,50.5,1
46,209,1,17.5,54.5,1
46,215,1,15.5,50.5,1
46,242,2,8.5,51.0,2
47,7,2,21.4,61.0,2
47,17,1,13.3,53.5,1
47,19,1,13.7,43.5,1
47,20,1,1.6,24.5,1
47,25,1,19.4,48.5,1
47,26,3,26.5,177.5,3
47,31,1,1.7,23.5,1
47,37,2,25.3,103.0,2
47,41,5,24.96,103.6,6
47,42,3,10.2,65.5,3
47,47,7,4.67,143.03,7
47,48,1,8.6,36.5,1
47,49,1,0.0,46.5,1
47,50,1,9.08,38.0,1
47,60,5,4.74,64.98,5
47,61,5,75.6,268.5,5
47,68,2,21.4,75.0,2
47,69,4,6.04,74.98,4
47,74,7,28.15,166.85,6
47,75,3,15.3,82.5,3
47,76,2,35.0,122.0,2
47,78,1,2.5,25.5,1
47,81,6,25.6,163.92,5
47,82,1,10.0,39.5,1
47,85,1,16.0,59.5,1
47,86,1,23.0,61.5,1
47,94,1,1.9,18.5,1
47,107,1,10.7,38.5,1
47,116,1,2.56,13.34,0
47,117,1,22.5,64.5,1
47,130,1,13.3,37.34,0
47,132,1,1.57,9.3,1
47,136,1,2.29,15.6,2
47,140,15,121.98,474.13,14
47,141,2,14.5,69.0,2
47,143,1,10.02,43.6,2
47,145,2,9.3,73.0,2
47,147,1,0.86,10.58,0
47,148,1,12.7,42.5,1
47,151,1,7.0,30.5,1
47,152,1,5.86,26.8,2
47,157,1,13.5,57.5,1
47,159,5,9.28,65.05,5
47,161,1,10.3,35.5,1
47,163,1,9.0,34.5,1
47,164,3,35.29,153.2,5
47,167,3,1.83,37.33,2
47,168,4,11.9,75.75,1
47,169,4,2.6,106.46,3
47,170,2,16.8,76.0,2
47,174,1,5.43,20.64,0
47,182,1,2.6,19.5,1
47,183,1,4.0,25.5,1
47,185,2,0.0,33.41,1
47,186,1,8.4,37.5,1
47,188,1,20.8,58.5,1
47,193,1,8.3,32.5,1
47,200,1,6.4,39.4,1
47,213,1,3.81,22.46,0
47,218,1,19.5,56.5,1
47,222,1,20.1,58.5,1
47,226,3,21.5,117.0,3
47,230,1,9.6,34.5,1
47,232,3,11.0,120.5,3
47,233,1,9.9,35.5,1
47,236,5,16.5,125.0,5
47,237,2,14.0,59.0,2
47,239,1,5.5,31.5,1
47,241,2,6.2,41.0,2
47,242,1,7.1,29.5,1
47,243,2,2.3,54.53,1
47,244,3,9.29,63.59,2
47,246,1,10.56,50.24,0
47,247,1,1.77,12.21,0
47,248,2,4.97,59.47,1
47,250,2,6.5,45.0,2
47,258,1,14.5,47.5,1
47,259,3,18.4,85.5,3
47,263,3,16.3,97.5,3
48,1,323,5597.69,27645.82,562
48,3,1,13.1,45.5,1
48,4,156,590.66,3458.53,173
48,5,1,25.94,95.4,1
48,6,1,14.84,120.0,4
48,7,203,1038.0,5294.38,246
48,8,2,5.2,48.0,2
48,10,4,101.4,334.3,10
48,11,1,20.4,39.5,1
48,12,93,464.43,2340.2,184
48,13,454,1990.62,10510.18,617
48,14,22,266.35,1129.99,26
48,16,4,66.41,259.8,4
48,17,25,203.99,1059.83,30
48,18,5,57.2,124.4,9
48,19,3,35.46,204.0,3
48,20,2,22.3,109.6,2
48,22,10,132.61,570.4,10
48,23,4,87.31,404.0,9
48,24,313,1016.45,5523.39,366
48,25,40,298.06,1445.4,52
48,26,4,48.52,119.4,5
48,28,4,52.46,115.9,7
48,29,6,110.2,451.5,12
48,31,3,43.61,179.8,6
48,32,11,152.24,585.2,13
48,33,90,621.81,3062.4,126
48,34,7,47.66,273.7,13
48,35,2,35.57,108.9,3
48,36,19,153.87,770.31,24
48,37,30,245.86,1253.7,47
48,38,1,27.2,101.0,1
48,39,6,95.32,405.6,6
48,40,25,198.4,956.94,31
48,41,586,2391.59,12603.21,757
48,42,408,2244.39,11217.31,440
48,43,909,1715.35,11513.04,1361
48,45,94,402.79,2462.24,145
48,47,15,153.22,577.3,20
48,48,4760,2871.04,45249.86,6526
48,49,33,256.52,1293.7,55
48,50,2104,1635.97,15454.58,2783
48,51,6,68.55,328.2,6
48,52,19,143.84,704.5,22
48,53,4,52.3,226.9,5
48,54,6,46.75,220.3,7
48,55,4,56.32,104.6,9
48,56,14,140.3,459.9,17
48,60,1,11.9,52.0,3
48,61,38,357.43,1495.86,51
48,62,15,139.04,650.4,20
48,65,48,326.46,1465.8,64
48,66,45,293.04,1466.5,63
48,67,11,140.25,603.5,13
48,68,5187,5820.56,43136.43,6906
48,69,16,125.31,571.3,20
48,70,15,160.62,733.1,19
48,71,2,26.08,118.0,2
48,72,2,25.03,119.4,3
48,73,2,27.96,132.0,2
48,74,289,1345.79,6600.61,339
48,75,520,1992.98,10694.17,627
48,76,7,66.58,396.2,9
48,77,2,30.08,114.8,2
48,78,6,78.12,301.9,10
48,79,763,2408.27,15273.5,1007
48,80,31,209.68,1053.04,33
48,81,5,89.58,217.41,5
48,82,19,139.93,744.4,26
48,83,8,52.11,264.1,11
48,85,4,47.9,217.8,5
48,86,1,20.6,78.5,1
48,87,279,1449.67,7790.33,364
48,88,189,975.55,5137.71,258
48,89,22,238.72,1051.2,23
48,90,1391,2343.54,15533.01,1778
48,91,5,54.33,344.7,8
48,92,13,163.59,698.3,16
48,93,1,8.28,42.2,1
48,94,2,18.7,74.3,2
48,95,27,263.87,1011.0,28
48,97,44,308.15,1533.3,65
48,100,1190,1058.7,10400.01,1632
48,101,2,36.2,0.0,2
48,102,2,19.92,74.2,3
48,106,3,14.45,97.5,7
48,107,857,1996.96,13733.91,1073
48,108,2,34.68,138.3,7
48,109,1,26.41,99.6,1
48,112,64,329.17,1725.7,72
48,113,574,1493.35,9464.75,750
48,114,396,1137.99,7092.27,567
48,116,329,1947.07,9015.22,372
48,117,2,40.6,120.0,2
48,119,7,63.54,188.6,12
48,120,4,29.41,135.65,2
48,121,2,24.02,104.7,2
48,122,1,15.58,63.9,1
48,123,4,39.81,205.8,4
48,124,3,40.29,218.1,5
48,125,212,645.63,3779.86,284
48,126,5,54.27,222.4,6
48,127,133,1169.63,4881.83,142
48,128,10,95.66,310.44,16
48,129,73,477.94,2277.17,95
48,130,5,65.91,272.6,6
48,132,843,14854.78,58637.55,1441
48,133,8,98.15,404.1,13
48,134,4,52.89,125.5,7
48,135,4,49.54,247.2,6
48,136,1,9.4,34.5,1
48,137,722,1537.99,11497.9,883
48,138,763,8447.33,36438.19,1015
48,139,1,18.56,77.2,1
48,140,848,2163.22,14838.51,1026
48,141,1105,2529.38,16752.96,1330
48,142,3937,4109.52,33035.29,5215
48,143,2813,3391.52,25342.7,3685
48,144,328,1184.07,7354.04,469
48,145,100,375.96,2138.33,135
48,146,48,180.52,1001.2,61
48,147,1,8.99,42.9,1
48,148,314,1228.72,7814.34,431
48,149,4,60.64,268.3,4
48,150,1,16.52,81.4,2
48,151,813,2449.81,13539.52,1017
48,152,166,846.25,3985.26,193
48,153,3,31.64,130.8,4
48,155,1,23.85,91.9,1
48,157,16,113.86,555.5,22
48,158,753,1660.22,10250.4,1002
48,159,11,75.16,331.47,15
48,160,8,62.2,311.7,12
48,161,3541,3432.42,33392.35,4538
48,162,1899,2359.44,20961.95,2401
48,163,2665,2543.96,23032.67,3597
48,164,1530,2031.42,17558.96,2146
48,165,2,24.5,94.7,2
48,166,444,1785.6,9207.23,504
48,167,6,62.83,280.27,6
48,168,21,146.65,627.5,28
48,169,18,170.04,637.8,27
48,170,1657,2374.86,20620.98,2137
48,173,8,72.43,253.84,11
48,174,5,70.46,284.69,4
48,175,2,32.97,149.5,2
48,177,4,40.77,194.0,8
48,178,3,23.86,139.7,3
48,179,73,378.12,1974.74,87
48,181,89,743.13,3660.1,108
48,182,8,97.33,184.51,7
48,183,3,48.04,197.3,4
48,184,5,56.3,229.2,5
48,185,6,82.9,336.5,7
48,186,2181,2551.84,21291.39,3018
48,188,24,239.16,1140.38,31
48,189,21,173.64,850.25,33
48,190,2,20.1,94.2,2
48,191,1,0.9,9.3,1
48,192,6,71.21,212.2,8
48,193,13,50.32,322.41,16
48,194,1,7.95,41.5,1
48,195,12,98.76,497.46,15
48,196,27,238.19,944.0,31
48,197,6,75.85,329.1,7
48,198,24,190.68,994.15,28
48,200,28,310.22,1154.8,34
48,202,19,73.7,478.7,24
48,203,2,27.2,142.5,2
48,206,2,39.5,152.3,2
48,207,1,5.82,28.9,1
48,208,3,44.14,154.2,4
48,209,103,511.37,2791.08,141
48,210,6,111.72,257.9,7
48,211,314,1025.25,6223.76,422
48,212,4,50.66,209.4,8
48,213,7,79.74,324.7,7
48,214,2,33.86,139.0,2
48,215,1,14.9,61.1,1
48,216,10,131.84,656.5,13
48,217,3,20.61,100.0,3
48,218,1,21.66,70.0,1
48,219,2,35.54,140.0,4
48,220,38,393.54,1596.76,47
48,222,1,16.4,56.5,1
48,223,108,654.56,3428.2,130
48,224,158,468.22,2856.07,236
48,225,17,146.97,758.33,16
48,226,158,702.11,3515.56,205
48,227,5,55.24,243.9,5
48,228,21,199.84,882.13,24
48,229,1159,1839.71,14594.89,1508
48,230,2942,2045.23,24051.13,4106
48,231,731,2825.94,15944.09,969
48,232,193,925.29,5063.19,230
48,233,844,1277.31,11263.02,1122
48,234,1221,2328.1,16341.45,1589
48,235,8,76.5,329.9,17
48,236,1457,4143.4,24812.44,1909
48,237,1665,3051.98,21700.37,2254
48,238,2369,5759.26,33954.62,3037
48,239,3196,5594.05,36672.41,4331
48,240,1,13.3,52.7,2
48,241,12,162.07,655.8,15
48,242,6,78.78,317.7,11
48,243,355,2859.69,11927.85,397
48,244,467,3177.33,13535.51,562
48,245,4,79.99,148.8,4
48,246,3603,4072.56,32005.2,4806
48,247,19,161.13,701.19,28
48,249,1230,2780.11,17120.38,1653
48,250,5,53.68,247.9,6
48,251,2,41.96,239.8,2
48,252,4,58.73,245.8,7
48,254,3,41.02,62.5,3
48,255,79,517.18,2631.6,97
48,256,51,336.47,1731.8,75
48,257,18,171.39,759.6,32
48,258,4,45.49,242.3,4
48,259,3,42.12,173.5,6
48,260,60,328.45,1480.4,73
48,261,274,1277.67,7084.92,381
48,262,516,1732.8,10293.4,624
48,263,800,2581.71,14934.55,1053
49,1,1,17.2,78.66,0
49,4,3,10.53,77.09,0
49,7,1,7.92,33.99,0
49,13,1,4.42,22.6,4
49,14,5,47.4,175.5,5
49,17,8,8.24,110.81,6
49,21,2,12.5,55.0,2
49,25,13,21.2,231.64,8
49,26,3,13.5,75.1,3
49,28,1,10.8,38.5,1
49,29,1,0.0,80.83,0
49,33,6,11.87,87.22,5
49,34,2,3.21,23.5,2
49,35,8,35.3,179.0,8
49,36,2,5.78,44.02,0
49,37,5,12.86,83.17,2
49,39,3,18.6,75.5,3
49,41,3,37.35,144.25,1
49,42,3,37.4,125.5,3
49,43,1,9.2,37.5,1
49,45,3,8.73,49.42,1
49,48,3,6.97,91.05,0
49,49,31,11.47,581.67,30
49,50,2,7.03,92.95,0
49,51,11,222.6,620.5,11
49,52,1,4.5,19.5,1
49,56,5,14.8,179.0,5
49,61,18,36.19,303.84,15
49,62,4,3.14,60.84,1
49,65,3,3.1,48.79,2
49,66,4,6.89,62.29,2
49,68,5,30.53,162.1,2
49,69,3,38.9,129.5,3
49,70,1,9.59,35.51,0
49,71,4,16.28,108.96,3
49,72,5,17.7,109.5,5
49,73,1,8.9,39.5,1
49,74,2,17.1,76.0,2
49,75,1,11.45,62.06,0
49,76,5,27.82,78.5,5
49,79,6,22.86,139.77,0
49,80,2,5.34,43.79,0
49,83,1,6.0,32.5,1
49,85,2,5.7,38.43,1
49,86,2,33.1,93.0,2
49,87,2,6.26,39.5,2
49,88,3,15.8,67.5,3
49,89,8,18.71,172.76,5
49,90,1,5.7,28.2,1
49,91,2,11.8,51.0,2
49,93,1,7.95,34.5,1
49,95,2,17.3,66.0,2
49,97,27,27.13,324.76,29
49,100,1,11.5,32.5,1
49,106,1,2.06,15.81,0
49,107,9,39.88,220.04,5
49,114,1,3.7,23.26,0
49,116,1,0.0,42.5,1
49,121,2,20.2,73.0,2
49,123,1,0.0,33.81,0
49,125,3,11.99,69.0,1
49,129,1,8.7,33.5,1
49,130,2,19.5,77.0,2
49,131,1,16.5,46.5,1
49,132,13,174.35,735.95,4
49,137,5,22.21,137.56,3
49,138,16,156.47,591.14,0
49,139,7,87.3,293.5,7
49,140,5,37.1,152.5,5
49,141,4,36.52,136.53,4
49,142,2,7.8,90.58,1
49,144,1,3.1,20.5,1
49,145,7,38.51,200.89,1
49,148,4,12.0,70.17,2
49,149,1,6.7,36.6,1
49,150,2,19.6,53.0,2
49,152,1,13.26,76.32,0
49,161,3,22.2,104.4,3
49,162,7,40.91,239.84,3
49,164,1,6.41,33.93,0
49,165,1,5.1,26.5,1
49,167,1,11.7,43.5,1
49,169,2,27.3,89.0,2
49,170,4,23.9,108.87,2
49,177,1,2.57,15.29,0
49,178,1,5.3,26.5,1
49,181,17,28.24,222.54,13
49,186,3,16.98,94.75,1
49,188,3,6.5,45.0,2
49,189,4,5.39,56.5,4
49,191,1,0.0,48.5,1
49,193,1,8.2,28.5,1
49,195,1,3.5,19.5,1
49,196,1,7.0,30.5,1
49,197,5,41.1,156.5,5
49,198,1,4.5,23.5,1
49,201,1,11.3,39.5,1
49,203,1,15.5,41.5,1
49,205,1,13.4,55.5,1
49,209,1,2.93,-1.11,0
49,210,1,9.9,36.5,1
49,211,1,3.38,22.52,0
49,215,4,44.1,158.0,4
49,216,2,17.5,59.0,2
49,217,3,2.65,32.92,3
49,218,1,0.0,38.0,1
49,219,1,11.7,38.5,1
49,222,1,6.8,26.5,1
49,225,9,23.23,144.52,11
49,226,1,5.53,26.95,0
49,227,1,4.2,19.8,1
49,228,2,7.3,55.0,2
49,229,2,14.51,79.4,1
49,230,4,30.64,146.15,1
49,231,14,44.55,307.98,10
49,232,4,17.27,90.81,2
49,233,4,25.27,129.52,1
49,234,7,34.9,210.38,1
49,237,3,24.26,122.61,2
49,238,3,33.76,138.3,5
49,243,1,1.0,46.5,1
49,244,3,40.5,134.5,3
49,246,3,16.23,92.06,0
49,249,3,14.32,73.88,1
49,254,2,35.5,108.0,2
49,255,7,15.17,113.42,4
49,256,9,12.24,366.72,10
49,257,1,2.38,17.0,2
49,261,4,13.0,146.9,4
49,262,1,7.8,40.58,0
49,263,2,15.31,78.7,3
50,1,49,808.37,3950.48,61
50,4,31,129.75,738.64,35
50,7,29,155.84,759.61,37
50,10,4,112.18,322.4,10
50,11,1,20.3,88.4,1
50,12,9,41.87,214.17,11
50,13,189,773.36,4181.72,215
50,14,4,46.36,182.0,5
50,15,1,17.1,71.6,1
50,17,1,7.5,51.3,1
50,18,1,14.37,54.8,1
50,19,2,34.84,0.0,2
50,20,3,35.73,177.39,2
50,21,1,14.84,63.2,1
50,22,1,14.2,44.5,1
50,24,51,146.48,827.04,60
50,25,8,58.68,285.19,9
50,28,4,87.64,165.6,5
50,29,6,100.7,295.3,6
50,32,2,25.66,94.9,2
50,33,18,125.86,641.53,26
50,34,2,12.24,69.0,3
50,35,1,10.59,58.3,1
50,36,4,33.51,174.36,3
50,37,8,68.43,343.36,8
50,38,1,15.7,62.5,1
50,39,3,52.3,227.7,5
50,40,7,54.51,258.3,8
50,41,122,516.78,2671.77,118
50,42,82,428.01,2266.86,86
50,43,119,258.05,1660.74,163
50,45,33,145.02,866.25,36
50,47,1,9.4,40.1,1
50,48,1129,859.47,8465.36,1487
50,49,7,57.09,308.27,11
50,50,717,392.74,7827.3,948
50,51,3,57.21,221.1,6
50,52,3,21.18,103.5,4
50,54,2,13.94,67.6,2
50,55,1,15.0,47.5,1
50,56,1,22.44,82.8,2
50,58,1,13.81,54.8,4
50,61,10,81.44,424.2,9
50,62,7,52.66,310.31,4
50,64,1,16.97,68.1,2
50,65,12,75.4,385.72,11
50,66,6,42.41,209.8,9
50,67,2,23.93,102.6,2
50,68,945,1360.08,9955.88,1214
50,69,6,52.98,227.1,7
50,70,3,46.21,187.5,6
50,71,1,11.8,39.5,1
50,72,3,40.95,219.6,4
50,74,57,311.12,1540.45,71
50,75,140,557.21,2961.49,144
50,76,1,13.09,66.0,1
50,78,1,9.86,45.7,2
50,79,139,488.67,3000.28,148
50,80,15,107.52,516.3,17
50,82,7,52.74,291.2,12
50,83,3,20.47,103.5,4
50,85,1,11.21,49.9,4
50,87,65,325.11,1847.05,78
50,88,47,229.02,1205.57,59
50,89,2,22.23,99.8,3
50,90,270,546.47,3606.02,314
50,91,2,26.19,113.8,3
50,92,6,102.09,392.3,9
50,94,1,9.63,45.7,1
50,95,9,102.47,437.2,13
50,96,1,22.26,84.2,3
50,97,10,70.41,354.1,14
50,100,282,361.85,3137.95,358
50,101,1,23.8,89.1,1
50,106,3,22.39,100.0,3
50,107,132,377.21,2536.89,151
50,108,1,18.4,74.4,2
50,112,6,33.1,186.0,8
50,113,97,275.97,1780.49,119
50,114,108,345.46,2041.46,124
50,115,1,16.41,66.7,1
50,116,53,289.29,1406.17,52
50,119,4,31.69,138.6,4
50,120,1,8.0,34.5,1
50,123,3,43.79,161.8,3
50,124,7,108.6,372.3,10
50,125,53,165.96,1035.17,59
50,126,1,12.48,51.3,1
50,127,20,176.46,725.26,20
50,128,4,34.85,136.65,4
50,129,8,58.35,339.8,8
50,130,2,26.19,115.0,2
50,131,4,72.8,296.6,6
50,132,127,2322.24,8760.31,199
50,133,3,34.08,148.3,5
50,134,3,41.79,179.7,6
50,136,7,64.6,190.0,6
50,137,85,218.39,1581.75,77
50,138,174,2315.56,9358.69,268
50,139,2,50.7,137.0,2
50,140,159,448.68,3030.89,170
50,141,205,493.02,3411.24,232
50,142,835,878.53,7073.58,1013
50,143,646,658.72,5344.0,763
50,144,79,318.2,1927.1,91
50,145,21,88.86,472.8,27
50,146,3,11.11,93.7,5
50,147,3,35.55,141.3,8
50,148,61,252.53,1561.94,69
50,149,1,13.83,63.9,3
50,150,1,33.1,40.5,1
50,151,152,436.51,2318.7,178
50,152,42,189.47,894.39,82
50,153,2,19.53,78.8,2
50,155,2,47.06,187.3,4
50,157,1,6.9,39.4,1
50,158,193,460.67,2747.25,262
50,159,1,10.2,46.4,1
50,160,4,35.27,184.2,4
50,161,602,785.75,7059.43,657
50,162,371,576.51,4921.51,406
50,163,632,659.0,5856.39,756
50,164,261,449.06,3704.17,291
50,165,3,39.14,161.8,4
50,166,114,422.62,2239.97,107
50,167,2,20.86,0.0,2
50,168,8,75.53,228.7,10
50,169,5,37.76,171.5,5
50,170,282,516.41,4380.3,337
50,171,5,69.71,319.7,7
50,173,1,17.41,70.2,4
50,175,1,14.9,68.8,1
50,177,1,10.46,59.0,4
50,178,1,0.0,36.5,1
50,179,9,48.19,260.03,10
50,181,20,167.31,867.44,23
50,182,2,22.65,87.9,2
50,183,1,13.88,53.4,1
50,185,1,12.33,47.8,5
50,186,500,774.93,5970.83,623
50,188,4,43.4,211.5,5
50,189,10,82.52,439.12,13
50,190,3,24.2,119.6,3
50,193,5,22.55,88.1,7
50,195,5,43.51,211.7,12
50,196,4,27.61,159.0,5
50,197,2,46.16,184.5,5
50,198,3,27.14,132.9,7
50,200,7,81.19,316.38,3
50,202,2,9.9,62.7,2
50,204,1,27.72,172.4,4
50,205,1,24.73,94.7,2
50,206,1,18.82,77.2,1
50,208,1,14.6,59.7,1
50,209,17,81.02,437.83,24
50,210,8,58.73,362.3,9
50,211,81,276.49,1773.04,101
50,212,1,11.9,48.5,1
50,213,4,48.36,198.4,4
50,215,3,36.5,151.0,3
50,216,2,38.16,152.3,2
50,217,4,31.35,174.4,8
50,218,1,26.39,102.4,1
50,219,1,27.76,101.7,1
50,220,15,152.04,619.7,28
50,222,1,24.3,46.5,1
50,223,11,79.17,413.8,18
50,224,25,86.12,511.83,22
50,225,8,71.53,326.9,8
50,226,45,130.09,1380.5,30
50,227,1,10.5,35.5,1
50,228,3,46.0,188.2,3
50,229,189,345.33,2697.71,206
50,230,712,661.61,6698.96,887
50,231,188,702.42,3918.07,210
50,232,41,208.99,1241.01,47
50,233,112,214.64,1798.01,135
50,234,226,528.42,3533.52,281
50,235,1,0.0,30.5,1
50,236,286,876.92,5185.83,343
50,237,292,623.19,4499.6,360
50,238,534,1213.22,7062.74,636
50,239,737,1219.16,7909.81,925
50,240,1,12.21,49.9,1
50,241,3,31.6,124.5,3
50,243,54,380.41,1611.32,63
50,244,70,432.33,1950.34,64
50,245,1,19.64,80.0,2
50,246,1013,1095.18,8461.79,1302
50,247,7,56.44,230.36,8
50,249,215,582.97,3548.39,252
50,250,3,35.46,138.5,7
50,252,3,48.86,186.8,4
50,255,13,85.79,445.44,13
50,256,7,46.85,275.8,11
50,257,7,56.71,276.2,8
50,258,1,15.8,62.5,1
50,259,3,42.38,144.05,2
50,260,6,40.75,230.8,11
50,261,57,254.66,1409.54,73
50,262,95,346.58,2075.69,103
50,263,143,499.55,2914.81,167
51,3,1,1.9,18.5,1
51,4,1,13.8,45.5,1
51,7,1,12.4,40.5,1
51,10,1,14.8,46.5,1
51,18,2,5.7,44.54,1
51,20,1,4.63,28.97,0
51,25,2,18.2,108.0,2
51,29,1,0.0,71.5,1
51,32,1,1.83,9.02,0
51,33,1,0.0,56.5,1
51,35,1,18.0,50.5,1
51,38,1,13.5,42.5,1
51,39,1,18.9,55.5,1
51,41,9,61.98,339.32,8
51,42,10,87.3,376.0,10
51,45,7,104.5,354.5,7
51,46,1,3.5,22.5,1
51,47,4,26.56,106.21,1
51,48,1,16.7,59.5,1
51,49,7,122.4,384.5,7
51,51,18,12.67,498.9,17
51,53,1,8.1,46.5,1
51,61,6,52.3,330.0,6
51,62,1,32.0,67.5,1
51,63,1,15.6,55.5,1
51,64,1,10.89,41.5,1
51,65,3,46.5,166.5,3
51,68,2,16.7,101.2,1
51,69,10,72.6,380.0,10
51,70,1,7.9,38.5,1
51,71,1,0.0,58.0,1
51,72,3,63.1,167.5,3
51,74,14,112.1,496.0,14
51,75,14,139.11,589.71,13
51,76,1,17.6,49.5,1
51,78,2,8.2,55.0,2
51,79,1,17.3,44.5,1
51,81,4,5.8,60.9,4
51,83,22,182.6,1025.5,22
51,87,1,18.8,52.5,1
51,88,5,71.6,262.5,5
51,90,1,13.5,45.5,1
51,91,1,20.2,68.5,1
51,92,2,16.1,67.0,2
51,94,2,5.73,51.98,2
51,95,1,0.0,38.5,1
51,96,1,0.0,58.5,1
51,97,5,70.4,279.5,5
51,100,6,87.8,289.0,6
51,107,2,28.0,94.0,2
51,108,1,26.4,75.5,1
51,112,1,13.3,48.5,1
51,114,1,12.1,48.5,1
51,116,8,80.79,297.5,9
51,119,1,10.0,42.2,1
51,121,1,0.0,47.0,1
51,126,3,15.5,94.5,3
51,127,1,0.0,46.24,0
51,129,1,8.2,40.5,1
51,130,2,34.2,88.0,2
51,131,1,11.7,41.5,1
51,133,1,20.1,63.5,1
51,134,4,47.5,166.0,4
51,135,1,11.9,42.5,1
51,137,9,113.64,423.16,8
51,140,16,182.5,658.0,16
51,141,2,24.6,86.0,2
51,142,2,28.2,107.0,2
51,144,1,16.41,59.34,0
51,148,1,13.9,52.5,1
51,151,1,12.9,46.5,1
51,152,1,10.83,48.69,0
51,154,1,22.6,67.5,1
51,155,1,21.6,67.5,1
51,157,3,38.8,140.5,3
51,159,9,89.18,398.43,1
51,161,4,54.7,174.0,4
51,162,2,30.3,85.0,2
51,163,2,27.8,92.0,2
51,164,2,30.6,95.0,2
51,166,2,17.5,79.0,2
51,167,6,34.2,193.59,4
51,169,9,56.0,296.29,8
51,170,3,16.8,135.5,3
51,174,5,15.58,109.68,4
51,177,1,16.0,56.5,1
51,178,2,46.2,136.0,2
51,179,3,31.6,118.5,3
51,181,2,38.2,113.0,2
51,182,1,5.68,20.56,0
51,185,3,9.1,68.5,3
51,189,1,18.8,55.5,1
51,193,1,13.1,41.5,1
51,194,1,6.8,39.5,1
51,195,2,10.5,119.0,2
51,200,1,5.2,39.5,1
51,209,3,47.7,153.5,3
51,210,4,50.8,274.5,4
51,212,2,12.79,48.57,1
51,213,8,43.08,198.56,7
51,215,1,13.3,45.5,1
51,216,2,16.6,124.5,2
51,217,1,14.4,51.5,1
51,220,1,4.97,34.79,0
51,222,1,21.4,56.5,1
51,225,1,17.5,55.5,1
51,226,1,15.1,55.5,1
51,227,1,19.9,63.5,1
51,228,1,20.3,62.5,1
51,229,3,12.6,136.0,3
51,230,3,38.3,134.5,3
51,231,1,14.3,51.5,1
51,232,1,15.6,48.5,1
51,233,3,39.6,138.5,3
51,235,3,11.7,98.0,3
51,236,4,31.4,163.0,4
51,237,1,10.0,42.5,1
51,238,4,46.1,176.0,4
51,242,16,40.6,369.0,16
51,243,2,15.8,68.0,2
51,244,3,29.68,119.92,1
51,246,1,0.0,47.5,1
51,247,4,32.46,155.15,3
51,248,1,5.5,27.5,1
51,249,1,14.2,47.5,1
51,250,2,7.2,42.0,2
51,252,1,8.2,46.5,1
51,254,6,18.66,120.14,2
51,259,1,2.08,19.1,2
51,260,2,13.7,94.5,2
51,261,1,16.5,54.5,1
51,263,3,22.7,123.0,3
52,4,5,20.5,120.04,5
52,11,1,9.7,31.5,1
52,13,4,15.57,86.9,4
52,17,1,3.55,19.01,0
52,20,4,31.4,214.0,4
52,25,27,21.09,195.73,34
52,33,99,66.15,764.37,107
52,35,1,5.9,24.5,1
52,40,7,6.09,57.3,8
52,43,2,17.9,92.1,3
52,45,2,5.52,33.8,1
52,48,2,8.66,77.18,1
52,49,3,6.41,46.69,2
52,52,17,4.01,292.72,17
52,54,3,2.85,22.3,3
52,61,6,23.06,126.79,6
52,62,2,5.23,38.62,1
52,65,22,22.24,209.74,25
52,66,5,7.42,60.5,10
52,68,8,44.49,226.94,3
52,71,1,4.84,30.3,1
52,72,3,25.7,75.5,3
52,74,1,13.5,35.5,1
52,75,1,10.53,55.26,0
52,76,2,17.2,105.04,1
52,79,6,27.54,158.8,2
52,80,3,8.74,73.27,1
52,85,1,4.2,24.5,1
52,87,5,15.34,95.71,4
52,88,1,4.0,20.5,1
52,89,1,8.2,26.5,1
52,90,4,21.67,112.44,2
52,91,1,7.2,29.5,1
52,97,6,7.6,82.76,6
52,98,1,11.5,40.5,1
52,100,4,30.06,69.56,3
52,106,7,8.58,84.94,6
52,107,5,19.69,145.5,3
52,113,4,17.98,111.72,3
52,114,4,15.15,98.1,4
52,117,1,21.3,63.5,1
52,122,1,17.9,46.5,1
52,123,1,13.4,28.5,1
52,125,2,7.88,53.46,1
52,132,7,131.63,510.95,2
52,137,4,25.3,117.98,2
52,138,5,58.88,220.31,1
52,139,1,0.0,68.5,1
52,140,15,109.73,605.98,12
52,141,3,24.16,112.6,3
52,142,2,19.33,98.4,4
52,143,1,7.87,49.2,1
52,144,2,5.24,45.05,1
52,148,5,14.9,65.39,4
52,151,1,8.16,41.52,0
52,158,2,8.77,23.99,1
52,160,1,7.02,28.2,2
52,161,7,54.9,255.24,4
52,162,20,154.9,790.56,12
52,163,1,7.92,33.38,0
52,164,4,25.64,143.6,4
52,165,1,6.51,34.03,0
52,166,1,12.17,55.5,1
52,170,10,48.87,329.45,5
52,172,1,13.17,54.1,1
52,177,1,5.44,33.34,0
52,179,1,15.7,32.5,1
52,181,22,34.64,228.7,32
52,186,1,5.3,33.1,1
52,188,2,7.9,47.05,1
52,189,6,9.88,81.0,7
52,195,6,8.95,59.0,4
52,197,1,15.61,44.37,0
52,209,1,2.8,17.0,1
52,211,2,7.91,43.1,3
52,222,1,17.7,53.5,1
52,224,1,5.53,26.8,2
52,225,3,13.3,81.89,0
52,226,1,7.66,30.73,0
52,228,2,6.77,42.29,1
52,229,7,53.11,197.24,8
52,230,4,27.73,153.71,4
52,231,27,79.86,504.76,27
52,232,3,14.74,74.97,2
52,233,18,121.67,654.91,15
52,234,7,40.16,217.73,6
52,236,1,0.0,39.29,0
52,237,7,51.77,274.2,5
52,238,4,40.91,187.31,4
52,239,1,10.66,45.7,2
52,246,2,11.46,72.5,1
52,249,8,34.07,208.53,6
52,255,2,9.85,50.21,1
52,256,1,4.28,22.65,0
52,261,2,6.21,33.3,3
52,262,2,20.64,80.69,1
52,263,2,16.74,78.67,1
53,7,2,0.0,59.59,0
53,16,1,6.37,25.27,0
53,20,1,7.9,34.5,1
53,26,1,11.8,55.5,1
53,42,1,8.6,36.5,1
53,48,1,13.54,55.5,1
53,53,4,0.0,221.0,5
53,55,1,20.1,60.5,1
53,56,1,3.36,22.95,0
53,75,3,12.2,114.5,3
53,88,1,13.1,51.5,1
53,92,2,4.51,34.04,1
53,112,1,7.85,26.8,1
53,117,1,17.55,70.68,0
53,137,2,12.3,78.5,2
53,138,2,3.84,25.72,4
53,143,1,11.44,47.1,1
53,157,1,7.19,22.2,0
53,162,1,13.07,46.24,0
53,169,1,10.8,45.7,2
53,171,1,3.9,17.5,1
53,173,2,8.1,0.0,2
53,179,2,9.01,73.51,1
53,186,2,18.57,87.9,2
53,211,1,12.84,45.0,1
53,216,1,7.34,28.9,1
53,223,2,14.07,52.29,1
53,231,2,16.19,122.37,1
53,239,1,10.75,43.6,1
53,244,1,9.4,40.1,1
53,252,3,5.0,53.5,3
54,1,2,34.72,181.1,7
54,13,1,4.25,-0.8,0
54,25,2,2.27,20.7,2
54,33,2,3.34,27.57,0
54,40,1,1.03,12.83,0
54,48,2,8.39,70.7,1
54,54,6,0.24,92.91,5
54,63,1,6.5,28.5,1
54,65,1,2.03,29.6,1
54,79,1,6.71,23.92,0
54,88,2,7.11,44.5,6
54,89,1,3.63,16.3,4
54,100,2,8.12,69.17,1
54,107,2,9.83,45.1,0
54,113,2,8.47,45.2,4
54,114,1,4.13,25.34,0
54,132,1,18.7,75.8,1
54,138,1,11.56,43.88,0
54,144,2,6.05,55.95,0
54,148,2,7.62,44.98,6
54,150,1,13.77,50.6,1
54,160,1,8.1,31.5,1
54,162,4,22.53,168.15,0
54,163,1,8.94,37.97,0
54,170,1,6.3,36.82,0
54,177,2,9.2,47.0,2
54,181,1,3.99,19.1,3
54,182,1,14.1,53.5,1
54,195,1,0.0,3.0,1
54,209,1,3.28,26.14,0
54,227,1,3.61,16.3,1
54,232,2,8.45,45.11,1
54,234,1,0.0,36.97,0
54,236,1,10.98,55.46,0
54,238,1,11.9,56.67,0
54,239,1,8.5,51.21,0
54,244,1,15.4,58.3,1
54,256,1,5.21,25.4,1
54,262,1,10.12,38.84,0
54,263,1,11.72,47.1,1
55,7,2,41.6,114.0,2
55,11,2,6.11,36.2,1
55,13,1,13.0,42.5,1
55,17,6,69.1,274.2,6
55,21,7,17.3,136.5,7
55,22,1,2.4,20.5,1
55,25,1,9.3,31.5,1
55,26,5,26.3,172.5,5
55,29,11,22.7,224.48,10
55,32,1,26.1,73.5,1
55,35,1,12.5,40.5,1
55,37,2,29.8,92.0,2
55,39,4,29.39,127.1,4
55,41,4,80.7,258.0,4
55,43,1,17.2,59.5,1
55,45,5,65.7,217.5,5
55,48,3,49.6,188.5,3
55,50,1,15.8,48.5,1
55,51,3,87.3,226.5,3
55,52,2,19.1,63.0,2
55,55,14,11.84,472.31,16
55,56,2,20.5,116.0,2
55,61,5,59.43,216.18,4
55,62,2,19.3,75.0,2
55,63,1,14.0,44.5,1
55,65,2,23.93,100.52,1
55,68,1,14.1,46.5,1
55,71,2,19.5,67.0,2
55,72,1,8.7,31.5,1
55,74,1,17.8,72.5,1
55,75,2,37.3,119.0,2
55,76,9,92.75,347.09,8
55,79,1,14.7,51.5,1
55,82,2,34.4,97.0,2
55,85,2,13.6,57.0,2
55,86,2,40.8,91.0,2
55,87,1,0.0,42.0,1
55,88,3,40.0,124.5,3
55,89,4,40.5,107.0,4
55,91,4,30.8,133.0,4
55,92,1,16.5,58.5,1
55,94,1,26.7,88.5,1
55,95,4,60.3,187.0,4
55,97,3,22.0,120.5,3
55,100,2,31.1,100.0,2
55,101,1,21.9,61.5,1
55,106,1,19.8,33.5,1
55,107,5,70.7,250.5,5
55,108,3,5.2,72.5,3
55,114,1,13.2,49.5,1
55,117,1,12.0,41.5,1
55,119,1,20.4,64.5,1
55,121,5,86.9,288.6,5
55,123,6,16.8,139.0,6
55,126,1,24.2,84.5,1
55,131,2,42.2,107.0,2
55,133,1,11.1,18.5,1
55,137,6,74.8,299.5,6
55,139,2,31.6,96.0,2
55,140,15,239.6,821.5,15
55,141,2,33.1,102.0,2
55,142,2,32.1,96.0,2
55,144,1,0.0,43.5,1
55,148,5,61.54,257.89,4
55,149,6,22.4,139.0,6
55,151,1,17.4,61.5,1
55,154,2,9.24,11.2,2
55,155,2,12.29,52.2,2
55,159,1,19.7,75.5,1
55,162,6,77.6,318.5,6
55,163,2,16.4,107.0,2
55,165,2,16.7,50.0,2
55,170,8,103.6,414.0,8
55,171,1,0.0,80.84,0
55,174,3,81.3,232.5,3
55,177,5,30.8,201.5,5
55,178,4,12.9,81.0,4
55,181,1,8.8,32.5,1
55,186,2,31.23,102.52,1
55,188,7,65.0,254.5,7
55,191,3,62.2,175.5,3
55,193,1,16.7,56.5,1
55,195,2,10.8,91.0,2
55,205,1,16.2,49.5,1
55,209,1,12.7,43.5,1
55,210,5,19.11,111.8,4
55,215,1,14.3,45.5,1
55,216,1,9.7,40.5,1
55,217,1,12.8,42.5,1
55,218,2,31.7,95.0,2
55,225,2,24.2,85.0,2
55,227,1,6.6,32.5,1
55,228,2,12.4,57.0,2
55,230,4,49.48,244.6,5
55,231,1,10.0,43.5,1
55,233,3,45.6,155.5,3
55,234,1,15.0,51.5,1
55,235,1,21.0,68.5,1
55,236,2,17.1,112.5,2
55,237,7,102.7,386.0,7
55,244,1,9.4,78.5,1
55,249,1,12.7,46.5,1
55,259,2,59.3,146.0,2
55,261,1,18.0,39.5,1
56,4,2,11.8,63.0,2
56,7,2,9.0,45.45,1
56,10,1,4.7,26.5,1
56,17,1,8.39,34.5,1
56,20,3,22.5,124.5,3
56,25,1,0.0,42.5,0
56,29,1,17.7,46.5,1
56,30,1,9.4,40.5,1
56,35,1,8.9,29.5,1
56,36,4,15.14,94.6,2
56,37,1,11.2,32.5,1
56,39,2,17.7,68.0,2
56,41,2,9.8,75.0,2
56,42,4,43.9,152.0,4
56,43,1,10.01,53.48,0
56,45,3,27.0,109.5,3
56,48,6,49.4,266.0,7
56,49,3,24.91,99.9,3
56,55,2,34.1,113.0,2
56,56,6,10.4,186.65,6
56,61,1,1.3,32.5,1
56,63,1,6.9,31.5,1
56,65,1,10.1,32.5,1
56,68,3,26.84,184.73,6
56,69,1,9.9,36.5,1
56,70,2,2.19,26.66,0
56,72,1,6.7,29.5,1
56,73,1,0.0,20.63,0
56,74,2,18.86,73.5,2
56,75,3,33.9,129.05,2
56,76,3,20.2,94.5,3
56,77,1,0.0,34.5,1
56,79,1,0.0,40.76,0
56,80,1,6.23,28.2,1
56,81,1,10.7,38.5,1
56,82,14,16.96,189.42,9
56,83,5,10.0,88.7,5
56,87,1,11.79,70.0,2
56,88,1,12.24,70.0,2
56,92,6,16.48,121.82,5
56,94,1,13.1,41.5,1
56,95,3,2.38,62.65,1
56,100,4,24.3,161.5,5
56,102,1,2.0,18.5,1
56,107,8,54.65,483.0,9
56,112,2,10.5,53.0,2
56,114,2,18.69,103.5,2
56,129,10,19.74,182.39,7
56,134,3,9.96,66.88,2
56,136,1,8.8,43.5,1
56,137,3,14.5,91.0,3
56,140,4,27.3,133.0,4
56,145,10,42.91,216.39,12
56,146,1,6.32,22.25,0
56,148,3,18.6,194.25,5
56,149,1,25.3,96.8,1
56,152,1,10.3,37.5,1
56,158,1,10.33,81.94,1
56,160,3,4.37,57.42,2
56,161,4,26.06,241.5,4
56,162,3,23.84,30.5,3
56,163,2,18.04,140.0,2
56,164,2,15.56,140.0,2
56,166,2,22.43,119.43,1
56,170,10,63.23,350.7,12
56,171,1,4.47,18.48,0
56,173,3,1.5,36.83,1
56,179,2,14.14,81.53,1
56,186,2,20.9,101.5,2
56,188,2,16.3,75.0,2
56,191,4,20.3,123.5,4
56,192,3,6.73,50.66,2
56,196,6,5.2,95.0,6
56,209,2,20.67,106.5,2
56,210,4,45.3,192.0,4
56,211,4,39.29,280.0,5
56,213,1,13.0,23.5,1
56,216,2,18.8,60.0,2
56,223,2,13.05,43.77,0
56,225,1,0.0,26.63,0
56,226,5,22.16,109.96,2
56,229,2,16.55,140.0,3
56,230,6,48.22,406.13,9
56,231,3,42.55,251.0,7
56,233,1,8.26,70.0,1
56,234,6,52.15,362.17,5
56,237,4,22.42,256.5,5
56,242,1,11.8,33.5,1
56,244,2,16.7,84.57,1
56,246,3,26.46,171.5,4
56,249,3,27.09,70.0,4
56,252,2,9.92,41.9,1
56,255,2,11.9,54.9,2
56,256,4,14.66,216.6,6
56,257,1,11.5,33.5,1
56,260,2,4.33,32.6,4
56,263,2,8.2,71.0,2
57,7,1,5.7,26.5,1
57,57,1,0.0,70.0,1
57,83,1,4.21,18.4,1
57,90,1,0.0,34.68,0
57,123,1,0.0,63.04,0
57,145,1,6.1,25.4,1
57,192,2,4.63,34.06,1
57,197,1,4.38,21.9,1
57,258,1,6.26,27.49,0
58,41,1,12.98,32.4,1
58,208,1,0.6,15.5,1
58,233,1,11.5,38.5,1
58,235,2,17.74,0.0,2
59,49,1,13.3,46.5,1
59,138,1,11.65,40.06,0
60,20,1,1.0,17.5,1
60,24,2,13.8,59.0,2
60,31,1,1.7,22.5,1
60,35,2,20.4,100.0,2
60,41,1,4.6,27.5,3
60,42,5,20.4,125.5,5
60,47,5,5.58,66.7,6
60,51,2,12.05,47.34,1
60,60,5,2.6,108.5,5
60,61,1,15.6,45.5,1
60,62,1,14.6,53.5,1
60,63,1,17.7,47.5,1
60,66,2,27.18,93.19,1
60,69,2,3.79,31.21,1
60,72,1,28.9,54.5,1
60,74,3,13.1,65.5,3
60,75,4,18.66,104.0,4
60,76,4,47.9,196.5,4
60,78,2,2.24,23.33,1
60,87,1,15.3,41.5,1
60,88,8,66.4,340.0,8
60,94,1,0.0,19.14,0
60,97,3,43.0,136.5,3
60,100,2,16.9,73.0,2
60,119,2,3.66,36.87,1
60,122,1,14.21,55.0,1
60,126,4,4.13,58.88,1
60,137,3,28.34,99.87,2
60,140,1,6.4,29.5,1
60,143,1,8.5,35.5,1
60,144,2,27.3,79.0,2
60,147,1,0.0,11.31,0
60,151,1,8.99,33.63,0
60,162,1,6.5,31.5,1
60,163,1,0.0,35.0,1
60,165,1,22.4,57.5,1
60,167,1,1.5,17.5,1
60,168,1,2.8,18.5,1
60,169,1,2.1,19.5,1
60,171,2,14.8,61.0,2
60,179,1,8.5,27.5,1
60,185,2,5.36,31.33,1
60,191,1,16.3,42.5,1
60,193,1,0.0,33.5,1
60,197,2,25.5,80.0,2
60,209,1,11.8,40.5,1
60,212,1,0.0,3.0,1
60,215,1,10.9,47.5,1
60,229,1,4.9,31.5,1
60,230,1,0.0,44.6,0
60,231,2,27.5,83.0,2
60,237,3,19.27,90.0,4
60,242,3,12.5,58.5,3
60,243,2,8.21,52.47,0
60,244,2,6.0,45.0,2
60,246,1,13.4,39.5,1
60,247,3,3.4,47.73,2
60,248,4,5.7,73.0,4
60,250,1,2.0,19.5,1
61,1,2,39.25,157.03,0
61,9,1,12.3,43.5,1
61,10,3,28.63,100.01,2
61,13,2,12.05,50.73,1
61,14,13,104.8,435.5,13
61,17,8,14.85,123.4,5
61,18,1,0.0,54.0,1
61,21,1,6.77,32.37,0
61,22,3,22.2,82.5,3
61,25,18,52.02,395.65,12
61,26,5,19.98,130.8,6
61,28,1,7.0,32.5,1
61,29,2,38.2,76.0,2
61,33,9,27.85,188.32,6
61,34,4,8.1,74.0,4
61,35,10,27.1,190.5,9
61,36,5,12.39,68.0,1
61,37,14,37.09,335.33,9
61,38,1,14.0,41.5,1
61,39,25,80.47,541.16,19
61,40,1,2.53,18.17,0
61,41,4,41.74,129.25,3
61,42,7,75.64,369.1,6
61,45,6,24.5,164.09,5
61,46,1,20.1,57.5,1
61,47,3,30.7,147.5,3
61,48,5,39.8,183.75,4
61,49,20,33.7,332.11,14
61,51,2,20.8,109.0,2
61,52,3,4.1,67.11,2
61,55,5,48.8,180.5,5
61,56,2,12.2,70.0,2
61,61,97,45.18,1998.16,117
61,62,15,22.99,237.97,14
61,63,1,5.2,20.5,1
61,65,10,35.06,229.18,8
61,66,2,3.53,48.13,0
61,67,2,16.5,68.0,2
61,68,7,62.05,236.52,5
61,69,1,15.0,46.5,1
61,71,7,21.26,136.35,6
61,72,15,25.32,262.16,13
61,74,1,15.38,53.98,0
61,75,25,252.48,1099.75,23
61,76,35,128.49,795.71,28
61,77,9,24.63,184.56,7
61,78,1,18.4,52.5,1
61,79,3,18.7,80.5,3
61,80,8,14.21,188.59,6
61,81,4,76.22,230.83,3
61,82,1,6.2,28.5,1
61,83,1,8.28,33.7,0
61,85,9,20.97,154.43,5
61,86,1,12.2,44.5,1
61,87,6,31.16,157.12,5
61,88,14,74.3,371.68,13
61,89,15,49.97,329.94,12
61,90,4,27.44,139.65,2
61,91,13,48.87,297.28,7
61,92,2,29.17,86.4,1
61,95,3,24.62,97.06,2
61,97,16,45.08,278.58,11
61,100,5,40.1,166.5,5
61,102,1,4.1,19.5,1
61,106,3,9.37,61.76,2
61,107,7,49.1,191.5,7
61,108,1,7.8,41.5,1
61,112,5,23.28,128.67,0
61,114,1,5.5,26.5,1
61,116,1,13.0,45.5,1
61,117,3,24.9,124.5,3
61,121,2,8.4,76.1,1
61,123,2,11.0,67.5,2
61,124,5,26.71,88.8,5
61,127,1,18.4,60.5,1
61,128,1,18.38,63.99,0
61,129,3,19.24,109.97,1
61,130,5,40.52,171.57,4
61,131,1,8.8,32.5,1
61,132,29,292.12,1289.92,7
61,133,2,6.1,39.1,2
61,134,4,28.69,90.49,3
61,136,2,36.5,116.0,2
61,137,15,91.39,474.92,13
61,138,21,235.66,893.35,1
61,139,4,43.9,155.0,4
61,140,19,184.31,697.07,17
61,141,7,68.94,271.68,4
61,142,12,103.4,469.5,12
61,143,2,19.3,68.0,2
61,144,2,10.42,61.96,1
61,145,5,33.88,146.14,2
61,146,4,31.37,130.1,2
61,147,1,16.5,46.5,1
61,148,4,20.52,102.48,3
61,154,2,16.5,74.75,1
61,155,3,9.8,71.39,2
61,157,5,27.21,177.65,3
61,159,5,79.8,242.5,5
61,160,1,6.0,29.5,1
61,161,4,19.78,145.17,2
61,162,5,34.3,172.5,5
61,163,1,8.95,48.97,0
61,164,5,47.9,214.58,4
61,165,4,19.67,95.53,3
61,167,3,43.0,165.5,3
61,168,4,57.9,200.0,4
61,169,1,16.3,54.5,1
61,170,10,88.31,342.35,9
61,173,1,11.1,32.5,1
61,174,1,19.3,55.5,1
61,177,17,26.61,262.34,15
61,178,1,5.2,25.5,1
61,179,2,21.21,77.71,0
61,181,34,88.16,658.06,28
61,182,1,15.5,51.5,1
61,186,4,31.91,117.1,3
61,188,30,40.42,447.52,22
61,189,9,12.03,149.34,6
61,190,1,1.7,17.5,1
61,192,1,11.73,39.66,0
61,193,1,7.5,33.1,1
61,195,2,8.34,41.6,2
61,198,4,8.32,79.3,2
61,202,1,8.16,40.01,0
61,203,3,37.1,114.5,3
61,205,9,80.5,342.0,9
61,208,1,14.7,50.5,1
61,209,7,36.3,183.5,7
61,210,5,41.93,158.52,4
61,211,1,6.83,36.6,0
61,213,1,13.9,45.5,1
61,215,3,23.8,102.5,3
61,216,8,48.09,225.9,7
61,218,5,46.4,176.5,5
61,219,1,2.73,16.3,1
61,220,1,18.4,61.5,1
61,222,2,8.7,48.0,2
61,223,3,26.45,108.03,2
61,224,1,6.15,31.54,0
61,225,29,39.3,401.17,25
61,226,4,27.58,132.25,3
61,227,4,24.1,100.0,4
61,228,6,29.14,130.02,4
61,229,1,10.2,32.5,1
61,230,3,16.93,128.24,1
61,231,4,21.26,110.46,3
61,232,5,22.16,136.3,3
61,233,5,44.8,161.5,5
61,234,6,39.11,210.52,2
61,235,1,17.1,54.5,1
61,236,4,40.9,162.0,4
61,237,3,33.81,129.4,3
61,238,4,49.8,256.71,0
61,241,1,19.2,56.5,1
61,242,3,48.9,152.5,3
61,243,4,37.1,197.0,4
61,244,6,51.9,361.7,2
61,246,2,15.73,93.3,0
61,247,1,16.1,81.4,1
61,249,3,5.2,83.84,2
61,254,2,42.3,116.0,2
61,255,5,11.94,124.76,1
61,256,11,24.24,250.83,5
61,257,6,15.63,111.16,3
61,258,4,19.71,95.03,2
61,259,1,26.0,55.5,1
61,260,3,23.04,124.42,1
61,261,1,8.6,25.5,1
61,262,1,9.83,57.6,1
61,263,1,0.0,57.42,0
62,4,1,5.4,28.5,1
62,7,3,28.56,135.87,0
62,10,1,9.4,37.5,1
62,13,4,20.7,123.5,4
62,14,1,7.2,29.5,1
62,17,7,10.56,119.05,5
62,25,5,12.4,104.07,3
62,26,4,11.3,87.93,2
62,29,1,9.2,36.5,1
62,33,4,10.1,86.71,3
62,35,9,18.9,199.5,9
62,36,1,4.81,26.98,0
62,37,3,9.38,63.9,3
62,38,2,27.9,93.0,2
62,39,6,21.16,137.16,2
62,40,1,3.86,25.4,1
62,41,1,9.7,51.5,1
62,42,2,24.33,101.89,1
62,47,1,2.9,48.5,1
62,48,2,19.86,92.3,2
62,49,4,11.83,57.15,2
62,50,2,18.46,93.63,1
62,51,1,17.3,52.5,1
62,55,2,15.2,64.0,2
62,61,28,42.1,455.44,21
62,62,25,19.87,761.87,24
62,63,4,14.96,84.1,4
62,64,1,14.3,45.5,1
62,65,9,26.5,184.5,9
62,66,1,7.45,36.39,0
62,68,11,77.48,412.13,1
62,70,1,11.7,37.5,1
62,71,3,12.19,79.1,3
62,72,10,22.57,168.07,6
62,74,1,15.1,50.5,1
62,75,10,112.04,447.77,9
62,76,4,21.6,115.0,4
62,77,4,13.26,88.55,3
62,79,4,21.73,101.76,2
62,80,3,13.8,82.79,0
62,85,5,9.78,79.38,3
62,86,1,15.2,46.5,1
62,87,1,4.9,27.42,0
62,88,4,18.72,76.54,3
62,89,6,17.0,121.0,6
62,90,1,0.0,28.01,0
62,91,3,9.3,93.5,3
62,92,1,12.0,37.5,1
62,97,11,24.9,203.16,10
62,100,2,14.5,59.0,2
62,106,1,0.0,18.5,1
62,107,1,5.8,26.5,1
62,119,1,13.8,52.5,1
62,126,1,14.1,44.5,1
62,127,1,14.6,29.5,1
62,130,4,41.7,146.0,4
62,132,6,65.05,266.2,0
62,133,2,3.7,49.18,1
62,137,9,70.19,298.66,7
62,138,8,90.7,345.79,0
62,139,4,38.2,178.0,4
62,140,11,107.34,454.82,5
62,144,2,10.85,65.13,0
62,146,1,6.8,31.5,1
62,149,1,4.6,24.5,1
62,155,1,0.0,23.5,1
62,157,2,7.7,86.87,1
62,160,1,7.96,36.98,0
62,161,2,17.1,68.0,2
62,162,2,8.3,76.76,1
62,164,1,0.0,33.0,1
62,165,4,15.0,91.0,4
62,166,3,38.6,124.5,3
62,170,4,29.7,132.0,4
62,177,2,4.5,71.0,2
62,178,2,8.89,48.59,1
62,179,3,33.8,141.5,3
62,180,1,7.23,36.61,0
62,181,7,15.9,134.5,7
62,186,1,6.3,27.5,1
62,188,14,13.05,201.04,9
62,190,1,1.66,16.11,0
62,193,2,16.8,59.0,2
62,194,1,15.85,69.89,0
62,195,6,29.74,140.82,1
62,205,1,12.3,41.5,1
62,209,1,4.4,25.5,1
62,216,3,21.5,91.5,3
62,218,1,10.4,35.5,1
62,219,1,11.8,41.5,1
62,225,7,21.99,136.94,6
62,226,2,13.02,66.19,1
62,228,2,9.79,52.07,1
62,231,4,19.1,97.0,4
62,232,3,16.1,79.5,3
62,233,1,6.0,34.5,1
62,236,2,13.2,55.4,2
62,237,4,33.3,142.0,4
62,242,2,36.4,106.0,2
62,244,1,16.2,48.5,1
62,249,2,11.3,55.0,2
62,255,2,3.96,49.8,0
62,256,3,8.06,58.39,1
62,258,1,5.3,27.5,1
62,261,2,15.9,55.0,2
63,9,1,8.3,33.5,1
63,10,4,17.7,100.75,2
63,14,2,29.4,84.0,2
63,17,3,14.82,76.23,2
63,19,1,9.1,34.5,1
63,21,1,11.77,43.27,0
63,22,1,15.9,29.5,1
63,25,1,5.85,29.6,2
63,28,2,12.66,58.5,7
63,36,2,4.78,0.0,2
63,37,3,5.72,41.8,3
63,39,4,14.3,92.0,4
63,41,1,0.0,48.5,1
63,42,1,14.1,49.5,1
63,49,1,4.5,25.4,1
63,51,1,25.0,50.5,1
63,54,1,6.1,28.5,1
63,61,4,17.87,113.82,3
63,62,1,5.1,21.68,0
63,63,11,1.52,189.37,7
63,64,1,14.21,46.53,0
63,65,3,22.59,103.53,2
63,67,1,2.4,47.5,1
63,68,1,11.3,39.5,1
63,71,4,20.0,103.0,4
63,72,2,7.5,47.0,2
63,75,10,124.5,473.0,10
63,76,9,15.18,156.04,7
63,77,1,0.72,19.83,0
63,82,4,27.86,107.81,3
63,86,3,33.1,111.5,3
63,89,1,7.2,27.5,1
63,95,3,20.57,85.56,2
63,96,2,2.73,93.5,2
63,97,1,0.0,26.71,0
63,102,2,3.75,29.5,2
63,107,2,23.1,74.0,2
63,117,1,12.7,34.5,1
63,121,4,24.4,116.0,4
63,122,1,10.38,66.0,1
63,123,1,7.1,42.5,1
63,124,4,3.45,76.66,1
63,129,1,13.84,43.19,0
63,131,2,12.5,60.0,2
63,132,1,7.77,31.83,0
63,135,1,6.65,26.64,0
63,136,1,17.2,54.5,1
63,137,2,22.4,93.0,2
63,139,3,25.0,85.5,3
63,140,3,26.1,148.5,3
63,141,1,10.5,38.5,1
63,145,1,12.6,34.5,1
63,157,1,3.93,25.34,0
63,158,1,9.7,31.5,1
63,164,4,42.79,152.46,3
63,170,1,10.0,39.5,1
63,173,1,10.44,31.29,0
63,181,1,4.8,25.5,1
63,188,3,17.2,75.5,3
63,191,1,0.0,35.5,1
63,196,3,10.4,69.5,3
63,197,6,25.08,136.75,4
63,198,2,4.8,34.7,1
63,201,8,68.0,252.0,8
63,205,1,7.3,32.5,1
63,215,1,5.2,29.5,1
63,216,5,16.9,109.4,4
63,219,1,6.6,28.5,1
63,222,1,0.0,19.5,1
63,224,3,28.5,135.5,3
63,225,2,7.4,42.0,2
63,226,1,0.0,32.5,1
63,227,1,8.28,39.57,0
63,228,2,44.7,95.53,0
63,229,1,10.3,38.5,1
63,231,2,17.2,59.0,2
63,232,2,21.4,89.0,2
63,233,1,7.5,46.5,1
63,235,1,15.9,52.5,1
63,242,1,0.8,44.5,1
63,244,1,17.3,53.5,1
63,248,3,42.4,139.5,3
63,258,3,8.8,51.5,3
63,261,1,6.6,30.5,1
64,15,2,8.55,43.9,2
64,16,1,2.6,13.12,0
64,32,1,13.0,41.5,1
64,38,1,4.48,18.4,1
64,47,1,11.89,45.0,5
64,51,1,9.9,35.5,1
64,53,1,7.49,28.99,0
64,63,1,11.25,33.62,0
64,64,6,3.6,162.69,6
64,69,4,37.5,160.0,4
64,70,1,10.08,38.41,0
64,76,1,12.73,49.9,2
64,79,1,18.6,45.5,1
64,80,1,12.19,45.0,1
64,92,2,7.0,58.0,2
64,95,1,9.31,26.92,0
64,132,1,14.55,54.1,1
64,135,1,5.25,21.2,1
64,141,1,11.8,51.5,1
64,148,1,17.2,45.5,1
64,162,4,31.8,186.0,4
64,179,1,13.78,42.58,0
64,182,1,9.8,37.3,5
64,191,2,10.7,53.0,2
64,205,1,8.39,32.4,0
64,208,1,5.29,21.2,1
64,215,1,8.0,31.5,1
64,219,1,7.14,27.5,1
64,233,2,0.0,108.1,1
64,252,1,7.39,50.85,0
65,1,3,58.52,269.63,2
65,4,4,16.18,83.26,2
65,7,2,17.42,72.26,2
65,10,8,83.0,398.5,8
65,11,1,10.73,40.1,1
65,12,1,3.08,17.0,2
65,13,12,35.51,199.8,14
65,14,3,16.07,90.93,1
65,16,1,15.11,44.87,0
65,17,9,20.67,139.57,7
65,22,5,45.91,198.2,7
65,24,3,29.77,146.2,3
65,25,18,32.38,275.9,29
65,26,2,7.74,61.7,2
65,28,2,27.74,80.8,1
65,29,2,28.86,98.51,2
65,31,1,14.6,49.5,1
65,33,29,29.63,297.7,37
65,34,9,12.79,92.8,11
65,35,6,30.5,150.0,6
65,36,8,39.48,196.32,6
65,37,9,35.94,199.27,6
65,39,6,47.54,250.54,5
65,40,19,29.36,224.35,23
65,41,7,43.88,292.08,5
65,42,9,86.64,394.3,6
65,43,3,24.47,111.2,9
65,45,19,33.87,203.98,24
65,47,5,57.7,212.5,5
65,48,9,47.62,280.7,13
65,49,20,29.62,237.81,25
65,50,2,10.84,55.0,2
65,51,1,14.9,58.5,1
65,52,8,8.41,81.23,11
65,53,1,13.7,39.5,1
65,54,3,4.05,30.0,2
65,55,2,26.78,91.19,1
65,60,1,13.8,44.5,1
65,61,21,69.27,456.6,18
65,62,14,38.97,248.0,16
65,63,2,13.2,77.0,2
65,65,70,16.4,1622.87,88
65,66,46,40.63,446.45,58
65,67,1,7.2,28.9,1
65,68,30,136.59,926.63,23
65,69,1,11.3,38.5,1
65,71,8,35.27,207.97,6
65,72,6,43.8,175.69,5
65,74,2,20.84,72.1,3
65,75,4,36.39,153.66,3
65,76,4,28.7,134.9,4
65,77,1,6.39,31.0,1
65,79,28,84.79,457.37,28
65,80,9,29.91,159.22,8
65,82,1,7.52,30.11,0
65,83,1,7.3,35.2,2
65,85,2,7.64,28.93,0
65,86,2,31.8,114.0,2
65,87,19,43.13,291.22,22
65,88,10,27.81,149.05,11
65,89,9,37.2,252.38,5
65,90,3,15.89,81.8,4
65,91,7,50.03,227.87,6
65,92,3,36.81,99.32,1
65,93,2,20.0,-7.7,7
65,95,2,18.9,76.4,2
65,96,1,8.2,37.5,1
65,97,32,30.15,414.83,38
65,98,1,12.8,43.5,1
65,100,13,84.2,419.4,15
65,102,2,12.88,79.53,0
65,106,5,9.98,76.8,7
65,107,17,65.96,361.76,17
65,108,1,12.37,54.1,1
65,112,14,59.05,211.4,18
65,113,19,57.98,375.36,16
65,114,11,33.66,217.82,7
65,115,1,11.38,41.67,0
65,116,2,24.28,97.7,2
65,117,2,35.5,123.0,2
65,119,1,0.1,44.5,1
65,123,1,7.7,31.5,1
65,125,9,22.12,133.35,8
65,129,2,19.39,107.8,2
65,130,6,80.97,281.2,6
65,132,40,681.12,2738.02,56
65,133,4,12.26,115.77,2
65,134,3,32.08,124.0,4
65,137,17,79.4,387.09,21
65,138,31,307.07,1208.66,27
65,140,3,21.78,106.48,1
65,141,10,61.15,354.98,10
65,142,4,29.49,176.48,2
65,144,33,64.83,410.8,42
65,146,1,6.52,28.9,1
65,148,25,47.79,203.51,22
65,149,1,8.47,41.5,1
65,150,1,13.53,57.43,0
65,153,1,15.4,47.5,1
65,154,2,38.84,156.2,1
65,155,1,7.92,45.7,3
65,157,1,6.31,26.8,1
65,158,12,41.31,265.05,12
65,159,1,12.5,41.5,1
65,161,22,141.19,677.43,33
65,162,20,119.96,573.97,21
65,163,15,104.89,543.32,19
65,164,14,71.03,399.49,10
65,165,3,20.77,101.5,2
65,167,1,15.2,44.5,1
65,170,15,80.29,386.87,17
65,175,3,44.7,130.5,3
65,177,3,13.56,71.8,3
65,178,2,39.49,147.4,4
65,179,1,7.3,33.5,1
65,181,29,64.86,448.37,42
65,182,1,12.9,51.5,1
65,185,1,18.8,75.1,1
65,186,15,71.17,413.09,17
65,188,11,36.46,235.3,11
65,189,7,11.08,97.16,5
65,190,2,6.45,32.6,2
65,191,3,30.8,161.27,2
65,195,10,27.24,172.0,19
65,196,2,14.38,62.7,4
65,197,1,10.8,43.5,1
65,198,2,16.43,76.93,0
65,202,1,7.5,33.1,1
65,205,9,106.4,423.5,9
65,209,11,22.64,128.9,17
65,211,5,7.01,214.19,8
65,213,2,17.04,113.92,1
65,216,2,30.8,112.5,1
65,217,3,5.72,43.3,6
65,218,1,11.0,45.5,1
65,219,1,0.0,48.5,1
65,222,6,69.7,339.0,6
65,224,5,20.67,105.51,6
65,225,17,49.21,397.36,9
65,226,5,28.95,126.52,4
65,227,1,5.82,27.42,0
65,228,4,20.9,120.3,5
65,229,5,30.04,155.73,3
65,230,24,146.48,774.13,33
65,231,37,70.95,802.59,51
65,232,11,29.86,164.91,10
65,233,13,72.26,349.04,21
65,234,14,60.58,330.63,13
65,235,2,32.99,127.1,2
65,236,10,86.54,401.41,12
65,237,18,139.77,657.73,14
65,238,7,57.1,294.16,9
65,239,9,73.87,236.5,7
65,243,2,30.5,102.13,1
65,244,1,11.6,40.5,1
65,246,10,51.07,270.76,15
65,247,1,15.9,74.4,1
65,249,10,32.07,195.57,6
65,250,1,14.61,47.53,0
65,254,1,17.2,56.5,1
65,255,21,70.48,406.84,29
65,256,9,27.04,135.58,27
65,257,3,22.56,89.94,2
65,261,15,33.28,202.48,20
65,262,7,59.1,252.7,7
65,263,5,42.59,189.46,4
66,4,5,21.36,65.5,5
66,7,2,18.59,72.74,0
66,12,1,3.1,18.4,1
66,13,11,28.01,181.01,12
66,14,3,17.79,82.5,3
66,17,7,18.02,146.07,2
66,22,1,20.05,74.4,1
66,25,18,25.64,223.74,27
66,26,2,32.43,120.52,2
66,33,24,21.92,866.4,32
66,34,3,3.96,27.9,3
66,36,2,11.7,55.0,2
66,37,6,21.87,150.81,7
66,39,1,21.4,44.21,0
66,40,4,9.36,60.86,2
66,41,2,13.1,137.21,2
66,42,5,45.74,223.24,3
66,43,6,48.32,238.1,7
66,45,14,24.28,141.09,19
66,48,7,51.05,253.43,5
66,49,11,26.22,179.38,9
66,50,1,5.64,25.4,1
66,52,5,7.96,60.02,8
66,54,2,2.72,21.4,3
66,55,1,12.25,51.3,2
66,61,3,11.09,61.5,7
66,65,14,12.97,216.95,17
66,66,48,21.04,166.84,60
66,67,2,15.56,66.9,3
66,68,13,62.78,375.98,9
66,74,4,28.7,161.2,4
66,75,2,18.21,83.12,2
66,79,12,58.3,316.24,11
66,80,2,8.82,41.7,3
66,85,1,4.2,23.5,1
66,87,11,27.29,179.52,6
66,88,6,16.41,91.0,8
66,89,2,13.16,63.4,3
66,90,3,13.33,75.35,3
66,91,1,6.93,38.0,1
66,97,15,18.65,184.53,16
66,100,9,59.19,310.79,17
66,106,1,2.64,16.3,1
66,107,7,24.22,167.69,9
66,112,5,20.64,102.31,5
66,113,4,38139.03,87.72,1
66,114,5,15.63,61.8,10
66,116,1,13.94,50.48,0
66,119,1,12.82,49.2,2
66,125,4,15.36,82.01,6
66,129,3,15.91,149.51,4
66,130,1,12.91,48.32,0
66,132,17,309.84,1209.61,21
66,133,2,12.11,51.5,4
66,137,12,51.54,263.66,9
66,138,6,62.88,260.79,3
66,140,5,25.58,146.3,5
66,141,3,21.99,94.4,3
66,142,4,29.9,148.71,2
66,143,4,29.33,162.46,1
66,144,7,16.74,114.02,12
66,145,2,12.27,62.01,0
66,146,2,13.06,82.9,1
66,148,18,48.43,278.21,15
66,151,1,0.0,68.62,0
66,157,2,12.94,0.0,4
66,158,7,17.44,172.01,3
66,161,21,138.03,668.74,29
66,162,11,64.16,323.48,14
66,163,7,50.76,231.78,6
66,164,12,72.43,383.6,16
66,166,1,8.91,45.7,1
66,170,10,59.38,301.0,17
66,177,1,5.1,28.5,1
66,179,1,0.0,33.8,0
66,181,13,31.84,232.68,20
66,186,6,31.19,174.99,8
66,188,1,3.61,21.2,2
66,189,2,5.47,34.83,0
66,195,1,1.8,11.4,1
66,198,1,7.5,35.2,0
66,209,7,11.29,92.05,9
66,211,2,4.53,27.0,4
66,217,2,5.06,30.5,3
66,224,1,4.64,19.85,0
66,225,3,12.29,70.5,6
66,226,1,6.45,3.88,0
66,227,1,5.53,31.77,0
66,228,3,35.3,139.7,7
66,229,2,14.25,61.02,2
66,230,22,181.12,693.75,31
66,231,18,29.61,256.23,10
66,232,7,22.28,140.57,6
66,233,5,31.2,127.43,4
66,234,5,12.99,126.62,0
66,236,6,35.99,264.06,4
66,237,9,67.49,321.19,5
66,238,4,27.94,242.99,2
66,239,8,61.03,321.92,9
66,242,1,16.7,51.5,1
66,246,12,63.36,326.99,12
66,247,1,0.0,50.15,0
66,248,1,13.5,43.5,1
66,249,5,12.42,113.31,1
66,255,27,102.47,521.28,33
66,256,10,31.24,216.3,21
66,257,1,5.13,23.3,1
66,260,1,7.1,27.42,0
66,261,22,48.65,278.8,28
66,262,3,16.61,102.63,1
66,263,6,51.47,222.06,7
67,7,1,12.3,43.5,1
67,14,2,2.0,29.74,1
67,17,1,11.4,30.5,1
67,21,1,3.22,14.09,0
67,24,1,17.65,70.9,1
67,25,1,5.8,26.5,1
67,26,5,3.37,131.24,3
67,32,1,21.0,62.5,1
67,50,1,11.77,54.1,1
67,52,1,5.9,26.5,1
67,55,1,4.9,25.5,1
67,61,1,9.3,32.5,1
67,66,1,7.66,34.5,1
67,67,4,19.22,81.75,3
67,68,4,48.23,155.0,4
67,79,7,55.0,253.5,7
67,87,15,98.3,457.5,15
67,89,1,4.26,24.77,0
67,93,1,15.2,48.5,1
67,100,2,26.4,85.0,2
67,107,1,10.44,57.74,0
67,123,2,6.27,44.21,0
67,132,1,19.92,73.7,1
67,133,2,5.17,39.7,2
67,137,2,22.46,78.46,1
67,140,1,10.8,42.5,1
67,141,1,0.0,41.5,1
67,144,1,7.9,32.5,1
67,154,3,20.23,85.3,9
67,155,1,10.0,37.5,1
67,158,1,9.7,38.7,2
67,160,2,16.7,100.0,2
67,161,1,13.73,56.9,1
67,162,1,12.3,44.5,1
67,163,1,13.24,59.0,3
67,167,2,32.6,108.0,2
67,168,1,14.9,50.5,1
67,170,1,10.3,41.5,1
67,181,1,3.4,21.5,1
67,188,4,22.9,110.0,4
67,189,1,4.88,27.6,0
67,191,1,22.5,64.5,1
67,209,1,7.3,30.5,1
67,210,1,5.94,33.46,0
67,219,2,22.4,114.5,2
67,227,1,0.0,11.69,0
67,228,1,0.0,19.32,0
67,229,3,27.12,121.15,2
67,230,3,34.4,147.8,3
67,231,1,6.9,31.5,1
67,234,1,13.13,110.0,2
67,237,2,24.6,87.0,2
67,252,1,0.3,54.5,1
67,260,2,23.0,84.0,2
68,1,219,3645.33,18498.89,321
68,3,1,18.05,73.7,3
68,4,271,738.09,5058.93,306
68,6,2,30.92,121.5,6
68,7,85,518.8,2965.41,112
68,8,1,9.48,45.0,2
68,10,15,249.55,1095.4,23
68,11,5,73.5,309.0,5
68,12,62,252.58,1423.99,119
68,13,972,3072.14,17570.69,1312
68,14,55,600.34,2308.68,71
68,16,3,50.25,196.6,3
68,17,41,318.19,1717.15,58
68,18,11,88.97,514.11,10
68,19,2,37.21,151.6,2
68,20,5,55.85,252.5,10
68,21,3,45.73,184.0,5
68,22,4,46.97,194.0,4
68,24,153,700.86,3710.27,178
68,25,108,684.24,3621.0,138
68,26,5,54.68,250.9,7
68,28,3,38.9,181.2,4
68,29,1,19.5,81.4,2
68,31,4,58.91,246.5,5
68,32,3,39.41,163.1,3
68,33,158,890.03,4730.64,200
68,34,5,32.36,196.7,6
68,35,9,100.39,478.7,13
68,36,32,263.7,1252.29,37
68,37,48,358.82,1889.2,63
68,38,1,0.0,95.0,0
68,39,11,166.2,701.3,11
68,40,54,358.91,1745.4,74
68,41,261,1481.98,7623.88,337
68,42,182,1254.21,5767.74,209
68,43,558,1650.03,11054.57,825
68,45,219,706.05,4612.62,286
68,46,1,19.62,75.1,1
68,47,3,31.44,132.9,4
68,48,4120,4882.05,42881.92,5701
68,49,71,492.46,2640.43,99
68,50,1991,2784.44,22450.03,2625
68,51,2,32.01,127.8,2
68,52,57,363.8,1848.74,66
68,54,23,156.51,804.7,29
68,55,4,35.51,196.4,4
68,56,1,9.69,61.1,1
68,60,3,22.59,141.5,3
68,61,64,526.73,2434.6,82
68,62,25,218.64,987.0,29
68,65,89,483.82,2635.06,95
68,66,100,552.06,2898.28,108
68,67,8,75.16,246.2,8
68,68,4178,2921.91,40822.26,5415
68,69,20,197.01,890.8,32
68,70,25,213.95,946.9,32
68,71,5,67.24,313.2,6
68,72,6,64.81,330.5,6
68,73,3,39.53,170.0,3
68,74,150,939.49,4652.98,173
68,75,285,1436.25,7592.03,352
68,76,4,67.07,255.6,5
68,77,3,57.8,182.4,3
68,78,5,60.81,250.9,5
68,79,1631,3559.35,25744.2,2005
68,80,64,408.59,2211.5,79
68,81,2,30.7,119.9,6
68,82,12,91.39,452.5,15
68,83,8,50.84,256.4,8
68,84,1,26.16,100.3,3
68,85,11,113.69,557.3,17
68,86,1,30.2,118.5,1
68,87,634,2648.29,14615.32,793
68,88,292,1280.59,7012.55,359
68,89,32,319.71,1396.2,49
68,90,2252,2038.37,17742.26,2921
68,91,7,85.2,408.1,7
68,92,15,180.88,840.9,15
68,94,2,22.14,98.4,3
68,95,55,615.34,2588.5,64
68,96,1,0.0,33.0,1
68,97,81,469.16,2617.11,107
68,100,1345,1373.43,13617.98,1882
68,101,1,20.6,78.6,2
68,102,6,41.76,226.0,7
68,106,26,184.66,963.6,37
68,107,1768,2727.48,21907.79,2189
68,108,3,53.74,222.5,3
68,109,1,21.84,87.0,1
68,112,141,763.19,4312.52,166
68,113,1438,2357.91,17713.55,1772
68,114,991,1833.69,13828.12,1290
68,115,1,16.6,64.6,1
68,116,143,984.84,4658.63,154
68,117,1,20.26,84.9,1
68,118,2,32.67,128.5,2
68,119,8,70.67,324.1,8
68,120,1,0.0,40.58,0
68,121,1,11.73,48.5,1
68,123,4,42.64,180.3,4
68,124,1,16.47,73.0,1
68,125,686,1321.4,8787.86,908
68,126,2,25.97,106.8,3
68,127,51,505.46,2063.94,58
68,128,5,53.23,229.2,6
68,129,44,351.24,1734.9,55
68,130,12,171.16,766.6,19
68,131,2,33.75,110.2,2
68,132,581,10228.32,40058.25,860
68,133,23,217.37,924.4,29
68,134,7,83.33,335.7,9
68,135,3,34.67,181.9,3
68,136,4,35.11,200.4,7
68,137,852,1353.37,11679.44,1029
68,138,565,5942.93,26519.62,652
68,139,2,43.1,163.5,5
68,140,646,2312.85,15545.49,790
68,141,928,3099.92,20436.83,1155
68,142,1759,3658.74,26080.86,2340
68,143,1416,3089.35,20609.24,1715
68,144,922,2267.17,15977.38,1303
68,145,100,409.28,2402.02,131
68,146,31,144.79,821.0,40
68,147,5,41.32,197.0,7
68,148,810,2316.52,16146.17,1092
68,149,7,94.07,308.5,8
68,150,2,39.0,105.5,2
68,151,406,1742.16,9258.21,516
68,152,85,503.81,2294.96,115
68,153,4,48.66,197.5,4
68,155,1,19.9,59.5,1
68,156,10,185.88,750.0,10
68,157,5,31.66,159.2,5
68,158,1720,2013.92,15547.05,2241
68,159,8,66.97,327.1,17
68,160,16,80.92,536.5,14
68,161,2709,4660.62,41492.54,3642
68,162,1658,3336.34,27586.93,2206
68,163,1973,3746.0,29568.09,2729
68,164,2162,2501.64,23563.53,2919
68,165,9,111.59,463.2,10
68,166,298,1558.35,7855.91,357
68,167,3,25.95,130.1,4
68,168,25,218.41,820.5,33
68,169,12,124.49,534.4,22
68,170,2707,4031.68,35811.53,3427
68,171,3,43.18,175.6,4
68,172,1,19.02,70.9,1
68,173,3,35.31,142.93,3
68,174,2,26.84,111.5,7
68,175,1,14.4,56.9,1
68,176,1,20.85,88.4,1
68,177,5,56.39,284.2,6
68,178,1,10.5,43.6,1
68,179,49,318.71,1544.8,55
68,181,185,1388.27,6945.87,248
68,182,24,278.19,1108.9,26
68,183,2,22.4,91.0,2
68,185,3,43.09,173.5,6
68,186,1834,1638.29,15367.07,2493
68,187,4,73.62,300.0,4
68,188,40,349.69,1773.86,60
68,189,47,344.59,1782.0,53
68,190,7,62.61,314.77,5
68,191,1,15.1,54.5,1
68,192,1,15.13,69.5,1
68,193,10,46.75,274.1,17
68,194,2,16.93,88.6,3
68,195,30,217.6,1075.06,34
68,196,10,83.78,423.7,18
68,197,5,66.65,263.2,5
68,198,30,247.67,1190.86,31
68,200,29,366.46,1525.5,36
68,201,4,72.8,358.3,4
68,202,31,204.48,1126.7,39
68,206,1,17.0,73.0,2
68,208,10,136.81,557.0,11
68,209,223,867.7,5248.03,319
68,210,6,98.33,402.9,9
68,211,810,1742.14,12216.25,1075
68,212,7,89.62,391.0,7
68,213,4,52.65,219.9,9
68,216,9,131.5,608.3,14
68,217,10,58.46,350.48,14
68,218,3,53.7,239.3,4
68,219,4,68.28,285.5,9
68,220,19,215.64,904.7,22
68,223,52,405.94,2060.15,56
68,224,317,661.99,4757.69,411
68,225,44,359.47,1901.58,67
68,226,59,308.92,1700.8,84
68,227,3,30.24,138.78,2
68,228,22,191.6,888.73,29
68,229,897,2284.11,16360.81,1115
68,230,3864,5390.62,50424.35,5812
68,231,1608,4288.73,27330.89,2077
68,232,293,1087.3,6613.02,350
68,233,954,1882.91,15184.83,1265
68,234,2922,3407.39,29098.41,3764
68,235,9,79.17,360.19,10
68,236,1209,4866.39,29319.38,1590
68,237,1324,3908.91,27146.58,1672
68,238,1044,3883.44,21845.94,1312
68,239,1532,4522.76,27936.71,1976
68,241,5,45.82,191.6,5
68,242,6,85.4,247.2,9
68,243,109,983.64,4214.81,119
68,244,190,1510.73,6739.84,202
68,246,3519,2914.02,26908.88,4518
68,247,14,130.28,507.8,15
68,249,2767,3263.57,25671.33,3674
68,250,1,13.56,56.2,1
68,251,1,15.5,56.39,0
68,252,4,62.83,263.3,5
68,254,7,89.72,376.0,7
68,255,141,836.62,4749.2,201
68,256,124,640.81,3770.39,163
68,257,27,241.39,1089.8,36
68,259,4,61.71,230.9,4
68,260,14,96.56,446.2,26
68,261,461,1693.86,9965.67,601
68,262,480,2162.17,12890.68,589
68,263,661,2844.68,16755.15,860
69,1,1,22.2,82.93,0
69,4,3,29.5,106.5,3
69,7,2,14.1,53.0,2
69,9,1,11.8,41.5,1
69,13,1,12.6,47.5,1
69,18,6,13.6,129.67,4
69,20,4,8.7,87.59,2
69,35,1,20.1,52.5,1
69,37,2,25.9,83.0,2
69,41,10,24.76,186.5,10
69,42,15,33.84,267.75,13
69,43,1,2.9,21.5,1
69,45,2,8.9,75.0,2
69,47,6,10.29,98.03,5
69,48,4,35.1,167.4,3
69,49,1,0.0,44.5,1
69,50,4,23.7,136.5,4
69,51,3,26.2,113.7,3
69,60,1,2.3,18.5,1
69,61,5,80.2,273.5,5
69,64,2,28.3,81.0,2
69,68,2,20.07,84.14,1
69,69,16,5.09,216.08,15
69,70,1,9.1,28.5,1
69,71,2,34.8,113.0,2
69,74,8,18.87,162.01,7
69,75,7,25.24,152.54,5
69,76,4,51.5,208.0,4
69,79,2,19.9,66.0,2
69,81,1,10.8,31.89,0
69,82,1,13.0,38.5,1
69,86,2,20.9,137.7,1
69,87,1,10.0,36.5,1
69,88,5,47.4,207.5,5
69,89,3,48.66,170.64,2
69,91,1,18.8,67.5,1
69,92,1,11.06,36.51,0
69,93,1,13.1,35.5,1
69,94,4,9.59,61.11,2
69,100,1,8.3,35.5,1
69,102,1,14.12,47.49,0
69,107,2,15.8,70.0,2
69,113,1,8.0,31.5,1
69,116,5,8.5,90.55,4
69,117,1,12.7,66.5,1
69,121,1,15.0,47.5,1
69,123,1,34.1,62.5,1
69,126,1,11.1,46.4,1
69,127,2,8.14,42.3,3
69,129,1,11.0,31.5,1
69,130,2,15.6,103.87,1
69,131,1,17.9,42.5,1
69,133,1,15.7,52.5,1
69,136,3,6.68,50.69,0
69,137,9,63.7,302.5,9
69,138,1,8.49,34.4,0
69,140,10,57.9,276.0,10
69,141,5,32.49,155.01,4
69,142,5,37.73,193.1,4
69,143,3,23.0,98.5,3
69,146,1,7.4,40.5,1
69,147,2,1.89,28.99,1
69,148,1,0.0,40.0,1
69,152,2,8.1,41.0,2
69,153,1,5.19,25.4,1
69,159,7,7.29,101.86,12
69,161,1,6.0,27.5,1
69,162,1,5.6,27.5,1
69,163,4,31.0,138.0,4
69,164,1,9.6,35.5,1
69,166,6,20.53,140.22,5
69,167,6,9.16,82.16,5
69,168,8,15.32,73.24,13
69,169,3,3.96,42.9,3
69,170,2,17.1,67.0,2
69,173,2,0.0,67.94,0
69,174,5,30.21,140.0,5
69,177,1,14.4,54.5,1
69,180,1,16.9,48.5,1
69,182,1,6.2,27.5,1
69,186,3,36.82,111.28,2
69,188,2,14.6,100.5,2
69,189,1,12.2,45.5,1
69,191,1,14.3,44.5,1
69,195,1,12.6,45.5,1
69,200,1,8.86,34.0,0
69,208,2,12.4,55.0,2
69,209,3,30.3,115.5,3
69,212,3,10.7,63.5,3
69,213,2,2.9,47.09,1
69,215,1,0.0,47.5,1
69,224,1,8.1,29.5,1
69,225,1,7.2,53.5,1
69,226,2,8.8,70.0,2
69,227,2,33.9,110.0,2
69,229,1,0.0,31.5,1
69,231,1,10.9,39.5,1
69,234,2,17.8,63.0,2
69,235,6,9.0,115.05,5
69,236,4,28.2,96.0,4
69,237,7,40.3,190.5,7
69,238,2,12.22,65.7,2
69,239,2,13.23,69.78,1
69,240,3,13.5,81.51,3
69,241,1,5.02,25.07,0
69,242,3,14.91,94.04,1
69,243,2,8.3,49.75,1
69,244,3,6.6,55.08,2
69,246,3,26.45,118.07,2
69,247,11,19.47,175.52,10
69,248,3,6.3,60.11,2
69,250,1,3.7,22.5,1
69,254,1,7.87,28.84,0
69,261,1,10.2,41.5,1
69,262,3,15.52,90.04,2
69,263,3,15.1,72.5,3
70,1,17,504.88,2232.9,25
70,3,7,100.98,239.7,11
70,4,32,325.12,1357.4,41
70,7,107,358.6,1707.21,138
70,8,1,7.94,31.7,1
70,9,5,41.72,170.4,6
70,10,16,159.3,666.1,19
70,11,1,19.6,71.6,1
70,13,72,1055.81,4284.4,108
70,14,17,283.33,1119.7,23
70,15,15,116.88,476.9,16
70,16,21,188.92,829.21,29
70,17,58,542.6,2256.4,80
70,18,5,61.4,271.6,10
70,19,6,75.29,293.8,9
70,20,18,199.51,824.4,24
70,21,2,41.86,153.7,2
70,22,2,42.03,169.8,5
70,23,1,25.02,104.5,1
70,24,34,306.85,1346.4,39
70,25,84,886.63,3703.4,122
70,26,22,358.35,1336.1,34
70,28,15,107.74,448.9,30
70,29,3,67.07,263.1,4
70,31,1,11.25,42.2,1
70,32,3,26.23,140.06,2
70,33,61,648.41,2687.6,75
70,34,1,8.69,38.0,1
70,35,6,76.06,339.3,7
70,36,32,262.82,1173.34,36
70,37,59,511.33,2248.71,73
70,38,6,87.1,337.2,7
70,39,5,74.57,288.0,5
70,40,32,378.24,1566.7,38
70,41,91,665.04,2848.3,129
70,42,81,596.73,2453.76,108
70,43,89,847.89,3792.58,127
70,45,17,192.1,789.5,17
70,47,4,36.19,152.0,5
70,48,259,2741.32,12145.6,386
70,49,56,512.99,2305.3,69
70,50,66,773.5,3276.7,91
70,51,14,185.49,686.75,15
70,52,17,190.86,799.3,22
70,53,16,87.0,384.7,18
70,54,5,61.13,240.4,5
70,55,4,83.37,292.9,8
70,56,27,115.74,414.73,42
70,58,3,36.43,142.7,6
70,61,61,671.24,2994.2,86
70,62,21,246.73,1072.1,31
70,63,2,22.67,92.8,2
70,64,9,104.76,412.0,9
70,65,59,592.52,2522.0,79
70,66,14,142.85,567.0,14
70,67,4,67.43,267.7,8
70,68,220,2226.35,10014.1,299
70,69,22,173.82,689.3,35
70,70,294,167.04,2538.05,386
70,71,5,74.76,309.0,9
70,72,14,210.79,926.6,13
70,73,10,63.18,285.5,16
70,74,78,524.3,2208.0,105
70,75,70,530.95,2184.5,92
70,76,8,100.05,297.7,8
70,77,5,63.41,255.1,6
70,78,9,90.16,285.6,12
70,79,155,1540.05,6356.2,230
70,80,52,365.64,1575.84,65
70,81,5,66.3,262.8,7
70,82,30,126.01,565.6,50
70,83,11,38.33,189.52,13
70,85,3,42.7,191.7,3
70,86,2,39.4,155.8,8
70,87,117,1484.83,5975.1,156
70,88,49,654.39,2523.1,63
70,89,29,446.62,1866.4,44
70,90,137,1404.68,5989.3,182
70,91,3,55.01,221.1,4
70,92,79,350.07,1594.97,99
70,93,7,17.35,18.41,8
70,94,2,22.78,80.8,2
70,95,80,434.42,1912.1,107
70,96,2,19.63,80.9,3
70,97,45,441.53,1935.4,68
70,98,11,90.19,372.5,17
70,100,192,1824.46,8002.0,266
70,101,10,136.14,429.3,11
70,102,9,79.49,329.4,10
70,106,9,112.67,468.0,9
70,107,161,1518.41,6379.15,213
70,108,3,64.45,249.8,4
70,109,1,36.34,133.2,1
70,111,1,14.6,58.3,1
70,112,93,644.28,2739.09,124
70,113,86,885.39,3796.2,115
70,114,48,513.53,2069.3,68
70,116,40,340.18,1461.5,51
70,117,3,54.19,198.0,2
70,119,10,82.89,340.8,13
70,121,16,112.26,415.1,19
70,123,4,52.67,297.1,6
70,124,2,23.88,97.0,5
70,125,51,623.92,2582.3,66
70,126,7,76.14,305.9,15
70,127,21,221.23,896.7,27
70,128,2,21.89,89.3,2
70,129,118,256.46,1346.11,160
70,130,27,209.42,892.3,32
70,131,21,201.35,687.8,28
70,132,156,1927.72,7857.43,205
70,133,10,147.47,566.9,15
70,134,21,142.84,677.64,31
70,135,46,290.47,1241.2,72
70,136,7,74.24,226.37,6
70,137,58,521.48,2098.5,69
70,138,223,214.58,3095.94,296
70,139,9,133.38,535.9,10
70,140,132,1164.5,4878.6,172
70,141,219,1951.99,8177.9,280
70,142,154,1586.55,7002.48,204
70,143,88,961.22,4193.8,121
70,144,71,748.18,3190.1,101
70,145,80,552.45,2398.4,113
70,146,48,226.98,1162.9,61
70,147,5,37.13,84.6,6
70,148,92,938.9,3711.1,129
70,149,5,109.46,421.7,7
70,150,3,54.1,160.5,3
70,151,76,696.37,2978.3,97
70,152,20,168.2,753.0,34
70,155,5,110.89,446.2,5
70,157,19,106.9,432.5,27
70,158,38,435.72,1929.8,48
70,159,8,60.46,248.7,8
70,160,19,121.21,483.83,29
70,161,470,4609.99,20014.71,689
70,162,355,3318.26,14069.7,462
70,163,309,3174.72,14391.5,434
70,164,370,3410.97,14933.52,531
70,165,9,161.99,657.7,11
70,166,79,642.04,2887.2,118
70,167,9,78.86,258.3,14
70,168,17,129.4,527.0,20
70,169,6,62.82,263.7,7
70,170,250,2233.41,9532.8,367
70,171,18,92.28,439.7,35
70,172,1,2.78,91.2,1
70,173,17,47.21,224.53,24
70,174,4,57.99,217.1,6
70,175,4,41.74,163.2,6
70,177,4,47.6,187.0,7
70,178,5,98.28,364.97,4
70,179,46,162.28,789.7,63
70,180,3,31.96,131.5,3
70,181,95,1126.49,4839.9,123
70,182,5,52.42,206.8,6
70,185,13,158.92,495.7,17
70,186,139,1370.51,5924.2,185
70,188,40,496.69,2083.8,56
70,189,38,398.0,1718.4,46
70,190,5,59.78,258.6,8
70,191,15,169.82,691.1,23
70,192,4,22.5,93.9,5
70,193,11,57.78,292.7,11
70,194,5,36.18,153.9,5
70,195,11,136.42,569.2,17
70,196,24,126.47,538.1,37
70,197,13,100.75,321.7,15
70,198,25,200.03,857.6,26
70,200,15,216.71,828.3,15
70,201,2,44.56,182.4,1
70,202,29,157.74,772.3,38
70,203,5,79.64,315.3,8
70,205,8,83.1,340.3,11
70,206,1,23.41,87.7,1
70,207,2,11.35,48.7,3
70,208,12,123.19,484.0,14
70,209,46,572.67,2357.0,68
70,210,2,43.36,163.5,2
70,211,51,550.69,2402.8,66
70,212,9,87.29,346.9,13
70,213,12,116.88,465.1,18
70,214,1,21.92,96.1,1
70,215,13,105.7,482.91,22
70,216,19,186.04,706.7,30
70,217,34,276.87,1079.8,44
70,218,8,92.83,386.6,10
70,219,8,104.28,416.7,8
70,220,15,187.72,739.5,15
70,222,2,14.64,100.1,3
70,223,88,272.29,1393.65,119
70,224,46,461.42,1878.9,57
70,225,24,234.03,988.1,44
70,226,58,298.5,1362.27,87
70,227,6,89.85,388.3,6
70,228,14,196.41,804.45,19
70,229,185,1755.36,7129.67,232
70,230,814,8250.99,37295.9,1296
70,231,114,1411.15,5960.9,148
70,232,38,380.89,1515.8,60
70,233,208,1865.87,7525.9,271
70,234,116,1145.59,4828.3,165
70,235,4,39.98,159.7,4
70,236,216,1801.3,7599.4,292
70,237,206,1894.55,8189.2,273
70,238,180,1623.14,6969.9,246
70,239,247,2446.4,10558.26,351
70,241,10,126.5,504.6,15
70,242,5,50.14,255.55,7
70,243,61,604.84,2506.55,92
70,244,60,584.54,2446.9,76
70,245,1,22.31,84.2,5
70,246,86,930.02,4144.1,107
70,247,4,37.45,160.4,10
70,248,5,52.29,144.1,7
70,249,64,685.95,2936.7,81
70,250,9,87.45,344.1,23
70,252,18,106.03,415.5,23
70,254,9,131.86,357.7,13
70,255,94,678.16,2788.6,120
70,256,70,557.52,2396.8,94
70,257,15,222.61,878.0,22
70,258,9,88.1,363.77,15
70,259,4,54.04,212.2,5
70,260,37,131.21,609.76,50
70,261,97,1320.35,5240.8,116
70,262,172,1384.73,5746.1,228
70,263,188,1523.64,6258.83,233
71,4,1,0.0,39.35,0
71,10,2,9.2,78.04,1
71,11,2,15.6,50.0,2
71,14,4,39.96,140.02,3
71,17,3,11.05,79.44,2
71,25,8,31.4,188.15,7
71,26,3,14.63,63.54,2
71,29,7,60.4,213.5,7
71,35,6,14.09,110.77,5
71,36,1,5.49,32.45,0
71,37,4,15.73,96.36,2
71,38,4,47.3,178.0,4
71,39,23,58.51,567.94,19
71,45,1,6.7,26.5,1
71,48,1,10.8,42.5,1
71,49,3,11.2,60.5,3
71,50,2,21.0,75.0,2
71,51,1,20.6,59.5,1
71,55,5,32.0,145.5,5
71,61,18,46.58,366.42,17
71,62,8,15.17,147.2,8
71,63,5,18.6,119.5,5
71,65,4,24.2,101.0,4
71,68,2,19.3,67.0,2
71,69,2,35.1,115.0,2
71,71,20,14.28,366.57,18
71,72,18,30.56,291.34,14
71,75,6,79.2,278.0,6
71,76,11,41.39,264.93,7
71,77,4,7.4,79.93,3
71,80,2,0.0,59.0,2
71,85,3,2.63,24.06,0
71,86,3,44.3,133.5,3
71,87,2,14.9,59.0,2
71,88,1,9.2,28.5,1
71,89,14,18.59,225.35,12
71,90,1,8.6,34.5,1
71,91,10,24.64,193.49,10
71,94,1,20.6,58.5,1
71,97,4,24.7,97.0,4
71,107,2,11.4,70.0,2
71,114,1,10.5,34.5,1
71,117,8,106.0,312.0,8
71,123,3,6.1,69.9,2
71,127,1,20.11,70.73,0
71,130,11,119.79,450.48,8
71,131,1,10.6,37.5,1
71,137,8,68.1,292.57,7
71,138,1,12.57,31.58,0
71,139,1,10.7,38.5,1
71,140,4,46.0,167.0,4
71,141,1,3.8,42.5,1
71,142,3,40.7,123.5,3
71,144,1,6.1,32.5,1
71,145,3,18.5,103.21,2
71,149,4,12.2,86.0,4
71,150,1,5.2,24.5,1
71,155,5,14.25,89.8,5
71,161,6,70.6,250.0,6
71,162,3,29.0,98.5,3
71,165,7,17.01,123.43,4
71,170,2,12.5,78.0,2
71,177,3,4.21,82.12,2
71,181,11,37.2,245.34,10
71,186,1,10.24,64.6,2
71,188,29,32.96,532.12,25
71,191,2,11.8,97.16,1
71,196,1,7.3,33.5,1
71,197,1,3.9,45.5,1
71,201,1,0.0,32.5,1
71,203,2,10.4,97.0,1
71,205,3,29.8,121.0,3
71,210,4,15.9,89.0,4
71,215,1,10.6,38.5,1
71,216,2,15.5,69.0,2
71,222,6,17.36,120.59,3
71,225,2,2.77,40.78,0
71,226,2,7.7,75.0,2
71,227,2,7.6,44.0,2
71,228,5,22.0,124.5,5
71,229,1,12.3,42.5,1
71,230,1,11.4,41.5,1
71,231,6,36.5,180.0,6
71,232,1,6.2,35.5,1
71,233,3,49.3,98.5,3
71,234,2,8.4,62.0,2
71,235,1,18.3,62.5,1
71,236,2,28.1,96.0,2
71,237,2,21.5,89.0,2
71,246,2,18.8,70.0,2
71,255,1,5.39,28.9,1
71,257,1,5.7,39.5,1
71,260,1,7.9,32.5,1
71,261,1,0.0,37.5,1
72,7,6,57.6,253.0,6
72,14,5,38.0,169.5,5
72,15,1,14.1,45.5,1
72,17,1,1.9,18.5,1
72,21,2,11.8,73.0,2
72,22,1,12.55,48.74,0
72,25,8,39.0,209.55,7
72,26,7,26.18,179.72,5
72,28,1,8.4,33.5,1
72,33,7,33.1,174.5,7
72,35,14,13.0,225.96,12
72,36,3,8.7,58.5,3
72,37,2,4.44,56.71,0
72,39,11,14.89,179.39,9
72,41,1,15.9,47.5,1
72,42,2,16.1,108.5,2
72,43,1,12.5,52.5,1
72,45,3,30.7,100.5,3
72,48,4,36.01,187.55,3
72,49,1,3.7,22.5,1
72,51,1,18.7,56.5,1
72,52,2,5.7,54.5,2
72,61,23,33.76,387.44,16
72,62,7,13.2,136.08,6
72,65,3,9.47,85.95,1
72,66,1,6.3,42.5,1
72,67,1,9.0,39.08,0
72,68,2,20.4,87.0,2
72,70,2,21.1,77.0,2
72,71,17,19.09,307.36,13
72,72,16,6.63,353.91,14
72,74,4,43.4,213.0,4
72,75,11,164.13,584.69,8
72,76,17,38.47,325.22,12
72,82,3,30.2,90.5,3
72,85,7,10.34,96.01,5
72,86,2,23.9,91.0,2
72,87,2,11.7,57.0,2
72,89,4,8.8,81.0,4
72,90,4,42.5,145.0,4
72,91,6,12.87,94.82,3
72,93,1,11.79,40.55,0
72,97,8,22.3,205.1,6
72,98,1,11.9,37.5,1
72,100,2,20.1,84.0,2
72,102,1,3.9,23.5,1
72,106,5,13.0,112.5,5
72,107,5,45.7,154.5,5
72,108,2,13.5,65.0,2
72,117,2,9.7,77.0,2
72,121,1,8.1,33.5,1
72,122,1,10.67,57.75,0
72,123,1,0.0,23.0,1
72,124,2,10.78,54.0,1
72,128,1,20.7,62.5,1
72,129,1,14.41,44.11,0
72,130,4,28.9,144.0,4
72,132,6,57.52,198.23,6
72,136,1,0.0,87.0,0
72,137,3,30.44,122.32,2
72,140,13,137.6,557.0,13
72,141,1,11.5,57.5,1
72,142,10,93.1,451.0,11
72,143,1,10.9,45.5,1
72,146,1,9.8,32.5,1
72,148,1,7.9,27.5,1
72,155,4,11.5,81.0,4
72,161,12,94.7,461.5,12
72,162,1,9.0,37.5,1
72,164,2,18.4,84.0,2
72,165,5,19.9,113.5,5
72,166,6,75.0,316.0,6
72,167,3,52.4,166.5,3
72,168,9,98.0,481.5,9
72,169,1,18.9,55.5,1
72,170,4,44.3,171.0,4
72,174,1,20.6,57.5,1
72,177,5,9.76,112.18,4
72,181,7,21.59,163.2,6
72,188,34,60.16,556.42,31
72,189,2,7.06,39.31,1
72,190,1,2.5,19.5,1
72,191,1,0.8,39.5,1
72,194,3,32.1,159.0,3
72,203,2,24.57,80.37,1
72,205,1,0.0,39.5,1
72,209,1,8.8,34.5,1
72,210,1,4.3,23.5,1
72,215,4,39.7,146.0,4
72,216,4,17.2,113.0,4
72,217,2,15.7,48.0,2
72,218,5,39.87,168.94,4
72,219,1,9.3,36.5,1
72,222,2,5.06,38.85,1
72,224,1,12.5,38.5,1
72,225,3,7.93,66.7,2
72,226,1,8.51,45.91,0
72,227,3,8.5,74.3,2
72,229,5,49.1,210.5,5
72,230,1,10.16,51.09,0
72,231,2,17.2,63.0,2
72,232,4,16.8,114.5,4
72,233,2,21.1,79.0,2
72,234,1,8.2,30.5,1
72,235,1,21.8,59.5,1
72,236,2,32.0,100.0,2
72,237,1,11.32,55.45,0
72,238,6,83.36,275.04,5
72,239,3,42.3,126.5,3
72,240,1,22.3,65.5,1
72,243,1,18.4,57.5,1
72,244,1,9.2,55.5,1
72,252,1,0.0,59.24,0
72,256,1,5.75,39.69,0
72,258,1,6.7,29.5,1
72,263,1,14.3,45.5,1
73,14,3,36.1,161.5,3
73,16,1,2.2,19.5,1
73,25,3,21.7,115.5,3
73,28,2,5.66,31.34,1
73,53,2,8.08,61.3,2
73,57,1,1.8,25.5,1
73,68,1,11.47,47.8,1
73,73,3,0.03,81.5,3
73,74,3,27.2,103.5,3
73,82,1,3.89,19.8,1
73,86,1,16.4,46.5,1
73,90,2,14.2,79.0,2
73,112,1,10.57,46.48,0
73,129,2,12.08,49.7,1
73,138,1,6.27,26.8,1
73,140,2,26.3,82.0,2
73,145,1,9.6,31.11,0
73,166,1,0.0,42.72,0
73,169,1,12.2,39.5,1
73,171,1,0.0,6.83,0
73,192,2,8.03,52.2,2
73,205,1,5.7,26.5,1
73,226,5,36.96,148.72,4
73,242,1,7.4,33.5,1
73,243,1,13.8,57.41,0
74,1,3,75.32,371.74,1
74,3,4,19.6,177.6,3
74,4,20,109.22,414.74,15
74,7,14,56.38,231.3,18
74,12,1,7.9,33.5,1
74,13,4,41.88,161.88,3
74,17,1,9.6,37.5,1
74,18,5,30.76,142.6,5
74,20,9,60.31,265.6,9
74,22,1,17.9,56.5,1
74,24,64,106.24,823.28,88
74,25,5,21.8,187.5,5
74,28,2,10.5,77.0,2
74,32,4,23.5,121.0,4
74,33,5,40.4,194.0,5
74,35,4,45.14,206.99,3
74,37,2,21.2,75.3,2
74,39,1,18.0,50.0,1
74,40,2,24.1,90.5,2
74,41,400,380.98,3453.29,452
74,42,325,488.22,4122.52,344
74,43,91,158.94,1116.43,117
74,45,12,75.18,446.44,13
74,46,1,12.2,37.5,1
74,47,12,59329.73,290.92,12
74,48,44,176.75,1168.33,34
74,49,1,10.6,37.5,1
74,50,24,113.49,676.92,34
74,51,8,79.0,293.0,8
74,56,2,18.05,85.8,2
74,60,3,15.56,79.5,4
74,61,4,32.1,188.5,4
74,62,2,11.8,96.0,1
74,65,1,8.6,36.5,1
74,66,7,76.45,273.7,11
74,68,30,178.64,930.22,18
74,69,11,37.44,194.9,17
74,70,1,7.4,35.2,1
74,71,1,12.7,47.5,1
74,74,684,482.26,8858.87,821
74,75,947,996.5,8169.03,1141
74,76,1,19.22,76.5,1
74,77,5,66.1,238.5,5
74,78,6,38.07,181.22,5
74,79,25,118.11,679.86,14
74,81,4,46.83,175.0,4
74,82,3,19.42,31.7,3
74,83,1,9.13,56.2,1
74,85,1,13.7,48.5,1
74,86,1,25.1,58.5,1
74,87,12,71.21,434.15,4
74,88,16,146.21,554.59,15
74,89,2,14.41,111.1,2
74,90,16,87.75,510.26,16
74,91,2,16.0,117.5,2
74,93,5,25.32,188.0,5
74,94,5,25.53,131.2,5
74,95,1,9.8,39.4,1
74,97,4,36.94,175.4,3
74,100,26,126.29,716.96,13
74,102,1,11.9,42.5,1
74,107,29,151.89,847.57,22
74,108,1,18.7,59.5,1
74,113,11,59.02,339.3,7
74,114,8,50.97,298.76,5
74,116,72,155.66,1137.38,53
74,119,8,27.97,144.4,11
74,121,1,9.3,37.5,1
74,125,2,8.8,73.3,2
74,126,6,31.43,79.2,7
74,127,19,72.83,440.1,14
74,128,1,6.01,26.63,0
74,129,6,28.4,151.82,3
74,130,7,87.5,302.5,7
74,132,44,748.66,3003.4,46
74,135,1,9.9,37.5,1
74,136,6,32.46,157.7,6
74,137,51,240.75,1185.11,53
74,138,67,455.59,1923.72,62
74,139,2,35.5,117.0,2
74,140,153,397.17,2751.45,154
74,141,186,435.28,2567.77,208
74,142,56,195.16,1218.22,56
74,143,20,89.01,456.52,21
74,144,6,33.87,205.64,2
74,145,5,30.66,159.59,3
74,146,5,21.25,101.16,2
74,147,3,10.7,23.6,4
74,148,24,158.56,758.09,30
74,149,1,18.74,69.5,1
74,151,115,250.08,1738.76,140
74,152,70,117.03,957.34,66
74,153,1,6.4,29.6,1
74,158,3,6.24,110.27,1
74,159,18,37.12,293.28,22
74,161,47,177.97,1068.48,49
74,162,41,153.16,916.96,40
74,163,29,102.53,576.64,24
74,164,25,111.65,646.61,20
74,166,129,241.43,1722.98,130
74,167,15,39.37,284.8,24
74,168,82,134.64,910.52,96
74,169,8,39.09,199.2,9
74,170,22,90.88,536.5,18
74,171,3,25.11,129.6,3
74,174,8,70.02,271.7,9
74,177,3,17.0,165.2,3
74,179,8,28.12,114.35,8
74,181,4,44.3,158.0,4
74,182,8,49.41,245.5,8
74,183,3,16.67,96.7,3
74,185,4,25.13,139.8,7
74,186,22,118.02,600.66,18
74,191,5,88.3,232.5,5
74,193,2,12.2,47.1,2
74,194,21,38.86,219.1,28
74,195,3,47.24,133.44,3
74,196,2,19.1,73.5,2
74,197,2,0.3,87.5,2
74,198,1,0.0,49.0,1
74,200,1,8.2,32.5,1
74,201,2,51.1,155.0,2
74,202,1,5.71,29.6,2
74,203,1,0.0,87.5,0
74,205,3,31.1,135.5,3
74,207,1,5.05,24.7,1
74,208,2,15.57,69.5,2
74,209,5,36.46,171.84,3
74,211,6,30.71,203.73,2
74,212,3,11.8,68.0,3
74,213,11,52.04,265.8,11
74,215,3,23.9,124.5,3
74,216,7,89.39,392.1,7
74,218,2,2.6,93.0,2
74,219,1,0.0,53.0,1
74,220,3,17.0,87.5,3
74,223,9,33.89,187.63,13
74,224,7,34.23,202.81,5
74,225,3,11.8,128.5,3
74,226,11,57.75,310.84,14
74,228,4,41.9,191.1,4
74,229,55,195.35,1030.64,56
74,230,33,151.57,765.47,31
74,231,25,153.56,888.32,13
74,232,14,82.52,404.64,8
74,233,26,102.01,554.79,25
74,234,24,127.04,670.54,19
74,235,11,37.57,215.1,14
74,236,287,507.47,3628.33,321
74,237,106,295.95,1723.09,112
74,238,164,399.85,2751.06,173
74,239,87,263.94,1600.53,104
74,241,1,6.73,27.5,2
74,242,11,74.22,335.7,11
74,243,29,136.88,670.19,23
74,244,67,248.68,1496.6,66
74,246,21,110.79,639.23,5
74,247,19,59.36,437.78,18
74,248,3,16.33,85.0,3
74,249,8,53.96,247.46,4
74,250,5,34.42,150.8,5
74,254,9,80.89,310.9,10
74,256,1,9.57,41.5,1
74,257,1,12.0,36.5,1
74,259,3,25.81,101.4,3
74,260,1,6.2,33.1,1
74,261,16,155.34,588.58,10
74,262,150,292.77,1770.92,164
74,263,453,671.23,4329.62,503
75,1,7,164.67,789.6,10
75,3,4,20.79,135.6,4
75,4,43,219.65,1089.57,44
75,7,29,161.56,836.95,42
75,10,4,63.9,203.9,4
75,11,1,16.64,63.9,1
75,12,2,18.43,84.4,3
75,13,17,149.74,731.7,12
75,14,4,13.6,190.0,4
75,17,6,51.36,282.9,8
75,18,5,28.84,157.36,5
75,20,2,14.02,64.1,3
75,21,2,15.2,110.0,2
75,22,4,63.9,221.0,4
75,24,183,288.83,1957.92,214
75,25,7,44.48,259.0,7
75,26,6,89.7,391.1,8
75,28,7,47.5,303.8,7
75,29,1,18.8,48.5,1
75,32,5,36.74,164.6,5
75,33,6,56.64,257.4,9
75,34,1,9.7,54.8,1
75,35,6,83.07,342.1,6
75,36,2,20.0,86.3,2
75,37,2,20.8,75.0,2
75,39,7,113.59,444.46,5
75,40,1,11.4,58.3,1
75,41,512,736.45,5332.33,600
75,42,351,826.73,5196.86,360
75,43,299,355.48,3220.5,363
75,45,21,143.7,667.61,20
75,47,13,70.28,270.17,7
75,48,179,635.04,3623.44,177
75,49,1,11.11,77.18,0
75,50,52,203.06,1129.58,47
75,51,13,127.93,520.9,16
75,52,2,19.27,77.4,2
75,55,7,109.0,380.5,7
75,56,7,59.07,272.64,6
75,57,5,49.16,121.22,7
75,59,1,14.1,27.5,1
75,61,12,129.96,564.39,11
75,62,5,49.8,208.5,5
75,63,2,29.4,100.0,2
75,65,6,36.42,228.4,7
75,66,6,46.56,180.98,5
75,67,1,14.85,54.99,0
75,68,136,642.3,3584.72,136
75,69,25,97.01,593.87,26
75,70,2,13.56,63.7,3
75,71,2,12.1,95.0,2
75,72,4,47.9,201.0,4
75,73,1,11.4,41.5,1
75,74,1576,1890.4,13567.38,1849
75,75,1640,975.2,15637.14,1977
75,76,6,70.7,315.5,6
75,77,3,41.9,153.5,3
75,78,9,57.78,222.5,12
75,79,91,493.08,2601.7,83
75,80,6,57.05,251.9,10
75,81,3,21.94,120.4,3
75,82,10,64.64,318.7,15
75,83,2,13.43,67.2,6
75,85,1,11.0,45.5,1
75,86,5,86.5,308.0,5
75,87,23,176.51,714.33,14
75,88,22,179.36,750.08,15
75,89,10,85.3,450.5,10
75,90,49,244.87,1241.96,50
75,91,4,43.8,209.5,4
75,92,3,33.75,139.17,2
75,93,3,26.5,33.8,3
75,94,1,5.4,27.5,1
75,95,11,117.07,494.4,14
75,97,3,34.14,151.1,4
75,100,85,314.42,1960.61,92
75,107,96,447.61,2403.87,109
75,112,6,41.18,189.5,7
75,113,44,226.08,1222.71,57
75,114,23,134.04,761.95,19
75,116,109,355.58,2279.1,108
75,117,7,128.5,450.0,7
75,119,15,67.81,306.6,23
75,120,3,13.27,67.1,4
75,121,7,90.87,280.04,7
75,122,1,16.1,46.5,1
75,123,7,107.3,448.6,7
75,124,1,18.9,77.5,1
75,125,17,127.66,586.57,17
75,126,4,26.97,116.25,4
75,127,34,197.36,991.68,28
75,128,2,14.32,53.61,1
75,129,39,247.38,1040.58,46
75,130,7,46.9,296.0,7
75,131,1,16.0,45.5,1
75,132,126,2224.7,8490.32,131
75,133,1,13.1,44.5,1
75,134,2,19.92,92.8,3
75,135,5,56.49,222.78,4
75,136,7,43.08,196.8,7
75,137,133,566.41,2748.67,146
75,138,131,1031.05,4292.45,127
75,139,2,38.2,118.0,2
75,140,417,837.6,5751.05,448
75,141,632,1094.63,7571.19,759
75,142,525,1340.85,8361.04,609
75,143,237,670.38,4301.36,256
75,144,23,162.38,781.79,22
75,145,10,44.02,250.5,14
75,146,4,18.39,105.1,5
75,147,3,13.59,74.6,3
75,148,30,205.07,920.83,30
75,151,611,849.58,6522.43,705
75,152,52,137.53,855.2,61
75,153,1,6.83,35.2,1
75,155,8,125.8,457.0,8
75,157,5,47.02,183.5,5
75,158,32,213.03,1039.23,35
75,159,27,84.38,489.02,28
75,160,1,10.48,45.0,2
75,161,381,1009.4,6907.38,414
75,162,276,738.19,4864.77,298
75,163,180,455.31,3056.28,191
75,164,106,384.84,2569.74,110
75,165,4,49.7,216.2,4
75,166,351,703.19,4645.12,392
75,167,14,64.44,269.0,19
75,168,64,152.9,871.6,76
75,169,8,43.33,159.0,15
75,170,154,533.42,3418.12,168
75,173,2,15.3,72.5,2
75,174,2,17.23,77.9,2
75,175,2,16.6,108.8,2
75,177,4,52.6,207.0,4
75,179,8,37.11,195.38,6
75,180,2,13.3,96.0,2
75,181,7,44.95,298.2,8
75,182,14,128.65,399.41,16
75,183,1,11.62,44.3,2
75,185,5,36.03,195.0,5
75,186,138,578.04,3560.44,155
75,188,7,73.08,237.5,7
75,190,1,10.1,52.5,1
75,191,13,170.6,624.0,13
75,192,1,7.4,37.5,1
75,193,7,31.49,183.89,9
75,194,4,9.77,99.5,4
75,195,2,11.9,93.0,3
75,197,2,23.6,84.0,2
75,198,2,26.99,84.4,2
75,200,6,63.06,257.5,7
75,202,4,13.41,105.1,4
75,203,2,36.8,126.0,2
75,205,5,76.1,242.5,5
75,208,4,34.02,144.1,4
75,209,11,69.62,355.4,7
75,210,5,101.9,310.5,5
75,211,12,79.1,434.88,5
75,212,9,61.31,216.0,9
75,213,22,142.49,582.1,25
75,215,6,78.3,268.0,6
75,216,7,93.83,357.8,7
75,217,8,78.06,402.0,11
75,218,12,144.1,596.0,12
75,219,15,241.72,911.0,15
75,220,13,112.31,535.6,16
75,222,2,42.1,108.0,2
75,223,13,70.25,344.8,11
75,224,31,152.81,789.08,30
75,225,5,50.3,216.5,5
75,226,32,181.0,849.5,40
75,227,2,28.9,98.5,2
75,228,3,13.9,127.5,3
75,229,234,647.59,4128.31,300
75,230,140,455.12,2973.06,133
75,231,51,393.59,1853.84,52
75,232,50,289.43,1449.9,47
75,233,113,380.46,2144.56,114
75,234,81,341.34,2172.93,82
75,235,19,106.67,509.6,22
75,236,1668,1519.37,13619.76,2039
75,237,851,1470.99,10752.41,1014
75,238,1290,1707.73,13097.22,1537
75,239,600,1166.17,7768.64,693
75,240,3,27.2,104.3,2
75,241,5,41.38,189.1,5
75,242,16,131.37,539.29,14
75,243,49,290.38,1397.62,48
75,244,124,535.03,2960.13,96
75,246,73,372.12,1978.93,74
75,247,20,70.59,335.9,26
75,248,8,48.39,229.2,12
75,249,37,229.41,1260.57,34
75,250,9,64.86,286.2,9
75,252,1,13.5,37.5,1
75,254,13,97.12,409.9,13
75,255,7,69.06,305.2,6
75,256,3,26.3,113.8,3
75,258,1,11.9,48.5,1
75,259,2,23.65,82.4,2
75,260,3,20.61,100.0,3
75,261,19,133.71,718.02,17
75,262,527,691.62,5781.6,623
75,263,1132,1125.42,9951.85,1373
76,3,1,20.9,54.5,1
76,7,2,17.9,94.0,2
76,9,1,8.8,41.5,1
76,10,10,64.2,249.57,9
76,14,6,86.17,283.0,4
76,15,6,77.1,284.0,6
76,16,1,0.0,36.5,1
76,17,8,33.19,188.45,7
76,19,1,9.5,37.5,1
76,21,2,21.99,103.47,1
76,22,3,18.7,95.39,2
76,25,13,96.69,392.96,12
76,26,3,21.2,124.5,3
76,28,1,7.55,30.3,1
76,29,3,27.22,93.6,3
76,31,1,18.8,56.5,1
76,33,7,47.5,212.0,7
76,35,26,55.89,482.75,22
76,36,1,3.4,20.5,1
76,37,17,69.7,402.5,17
76,39,28,76.51,546.73,23
76,41,2,41.1,104.0,2
76,42,2,36.56,114.99,1
76,43,2,37.03,144.58,1
76,45,1,8.09,35.37,0
76,47,1,21.5,51.5,1
76,48,7,110.4,357.5,7
76,49,8,45.97,216.05,7
76,52,1,7.1,28.5,1
76,55,7,61.76,262.69,5
76,56,7,51.22,241.57,6
76,60,1,0.1,48.5,1
76,61,33,111.65,769.71,29
76,62,10,54.11,251.98,7
76,63,15,20.29,241.24,12
76,65,13,83.12,385.86,12
76,67,1,12.4,43.5,1
76,68,2,22.7,89.0,2
76,69,2,17.6,113.0,2
76,71,18,69.7,415.37,16
76,72,22,54.36,436.25,19
76,73,1,6.8,37.5,1
76,74,4,41.0,214.8,3
76,75,14,194.69,760.09,12
76,76,86,80.75,1363.01,65
76,77,18,23.02,323.07,13
76,78,1,17.8,65.5,1
76,79,2,16.5,96.51,1
76,80,5,19.9,111.92,3
76,81,1,26.1,54.5,1
76,82,1,7.04,41.86,0
76,83,1,7.7,43.5,1
76,85,1,8.5,20.5,1
76,86,6,72.2,203.0,6
76,87,4,52.8,224.0,4
76,88,6,59.8,261.0,6
76,89,8,44.34,226.4,13
76,91,8,27.1,196.6,7
76,92,3,34.4,105.5,3
76,93,1,9.7,36.5,1
76,95,4,26.1,116.0,4
76,96,1,2.7,32.5,1
76,97,16,83.98,478.6,14
76,100,4,50.3,180.0,4
76,101,1,10.4,44.5,1
76,107,6,72.4,255.0,6
76,116,2,13.9,105.0,2
76,117,6,47.3,207.0,6
76,120,1,19.2,54.5,1
76,121,4,26.6,118.0,4
76,123,8,59.3,306.0,8
76,124,5,10.46,84.4,7
76,128,1,21.7,64.5,1
76,129,1,13.41,41.8,0
76,130,15,99.12,448.7,13
76,131,5,34.25,180.75,3
76,132,8,46.38,232.44,5
76,133,3,16.32,94.55,1
76,134,3,17.2,78.5,3
76,135,2,15.5,64.0,2
76,136,3,18.3,224.5,1
76,137,17,211.6,822.0,17
76,138,1,12.42,52.1,0
76,139,1,0.0,32.5,1
76,140,11,132.2,621.5,11
76,141,1,11.0,43.5,1
76,142,3,30.3,165.5,3
76,143,1,12.4,52.5,1
76,144,2,16.9,62.0,2
76,145,2,26.5,74.0,2
76,146,1,16.1,49.5,1
76,148,2,20.9,95.0,2
76,149,2,14.41,61.81,1
76,150,1,8.9,33.5,1
76,152,2,31.8,122.5,2
76,155,7,18.46,165.53,5
76,157,3,20.1,73.5,3
76,158,2,17.9,99.0,2
76,159,2,30.0,97.0,2
76,161,3,43.35,127.97,2
76,162,8,101.7,381.6,11
76,163,10,147.9,485.0,10
76,164,3,34.6,137.5,3
76,165,9,72.67,303.14,8
76,166,1,18.24,58.88,0
76,167,1,21.3,51.5,1
76,168,1,11.8,52.5,1
76,170,11,120.33,516.4,11
76,171,2,20.5,73.0,2
76,174,4,92.5,229.0,4
76,175,1,14.5,47.5,1
76,177,19,49.16,390.72,17
76,178,1,10.5,37.5,1
76,179,3,45.93,142.79,2
76,180,5,9.66,83.38,4
76,181,9,42.88,317.97,8
76,182,1,20.1,51.5,1
76,186,2,34.7,90.0,2
76,188,21,77.44,487.78,17
76,189,5,25.6,124.5,5
76,191,6,67.8,222.0,6
76,192,1,8.4,37.5,1
76,193,2,21.4,72.0,2
76,195,1,18.3,54.5,1
76,196,5,29.4,145.5,5
76,197,11,54.5,276.5,11
76,198,5,17.04,112.95,4
76,201,1,9.5,36.5,1
76,202,2,8.0,91.0,2
76,203,1,11.4,32.5,1
76,205,6,45.0,185.5,6
76,208,1,12.3,61.5,1
76,209,4,39.4,161.0,4
76,210,2,17.0,65.0,2
76,212,1,15.9,51.5,1
76,215,7,33.01,185.32,6
76,216,9,34.89,233.92,7
76,218,6,30.88,160.59,4
76,219,3,16.11,72.97,2
76,220,1,19.3,57.5,1
76,222,11,32.2,226.48,8
76,223,1,12.51,40.21,0
76,224,1,12.5,43.5,1
76,225,5,14.31,111.8,3
76,226,10,65.1,370.23,9
76,227,7,96.2,318.5,7
76,228,2,15.3,99.0,2
76,229,2,12.9,82.5,2
76,230,8,103.74,363.94,7
76,231,11,100.3,419.5,11
76,232,2,11.1,67.0,2
76,233,5,65.2,203.5,5
76,234,4,60.2,185.0,4
76,237,1,19.4,53.5,1
76,238,4,67.2,222.0,4
76,242,2,37.6,104.0,2
76,243,2,18.5,114.0,2
76,244,6,115.54,411.62,4
76,248,1,15.1,46.5,1
76,249,1,7.6,37.5,1
76,250,1,19.7,51.5,1
76,252,1,11.2,38.5,1
76,254,2,44.4,123.0,2
76,255,1,4.95,37.95,0
76,256,1,0.0,32.76,0
76,257,1,6.2,56.5,1
76,258,8,11.07,126.7,5
76,259,2,37.4,127.0,2
76,261,1,9.6,52.0,1
76,262,4,49.5,202.0,4
76,263,1,19.64,70.0,2
77,7,1,14.15,45.15,0
77,9,1,10.5,38.5,1
77,10,1,6.4,32.5,1
77,14,1,12.3,42.5,1
77,17,3,11.45,85.17,1
77,20,2,40.8,108.0,2
77,21,3,30.72,115.93,2
77,25,4,28.0,102.0,4
77,26,1,6.6,27.5,1
77,28,2,20.7,59.0,2
77,33,5,45.1,138.5,5
77,35,8,7.87,120.2,6
77,36,3,7.5,67.5,3
77,37,3,6.54,50.7,2
77,38,4,40.7,150.0,4
77,39,1,2.9,20.5,1
77,40,1,7.34,53.19,0
77,41,2,18.8,99.0,2
77,42,3,53.5,152.5,3
77,45,7,62.4,217.5,7
77,48,3,32.6,146.5,3
77,49,1,4.1,23.5,1
77,51,1,11.4,50.5,1
77,61,9,29.94,226.6,5
77,62,4,12.63,84.55,3
77,63,1,3.03,20.98,0
77,65,1,6.1,25.5,1
77,68,1,9.7,34.5,1
77,70,1,9.6,30.15,0
77,71,2,6.23,41.22,1
77,72,3,2.4,45.21,2
77,74,3,28.6,149.5,3
77,75,2,19.6,103.0,2
77,76,19,29.08,316.1,14
77,77,9,6.58,161.47,6
77,80,1,3.86,28.22,0
77,81,1,16.4,50.5,1
77,85,2,6.6,42.0,2
77,89,1,3.7,22.5,1
77,90,1,10.5,50.5,1
77,91,1,4.1,22.5,1
77,92,1,10.7,44.5,1
77,93,1,6.8,55.5,1
77,95,1,5.5,26.5,1
77,97,5,37.8,129.5,5
77,98,5,31.8,167.5,5
77,106,1,6.7,27.5,1
77,107,3,45.4,128.5,3
77,116,1,18.82,72.3,2
77,121,3,26.0,84.5,3
77,131,1,13.2,33.5,1
77,132,2,7.62,65.46,0
77,134,1,4.5,16.5,1
77,136,1,0.0,85.0,0
77,137,7,58.3,324.0,7
77,142,1,17.2,70.5,1
77,145,2,17.4,75.0,2
77,146,3,31.8,136.5,3
77,148,1,8.2,44.5,1
77,151,8,122.2,428.0,8
77,159,1,20.1,49.5,1
77,162,6,73.6,259.0,6
77,164,1,10.6,48.5,1
77,165,1,5.0,26.5,1
77,170,6,67.7,257.0,6
77,174,1,17.9,52.5,1
77,177,1,1.69,10.7,1
77,181,4,24.21,107.17,3
77,186,2,23.73,102.02,1
77,188,6,20.48,128.63,4
77,190,1,6.8,26.5,1
77,192,1,10.1,33.5,1
77,193,1,13.7,47.5,1
77,197,1,4.2,23.5,1
77,198,1,2.8,14.53,0
77,202,1,0.0,49.0,1
77,205,3,25.4,104.5,3
77,210,2,16.0,62.0,2
77,213,1,22.6,49.5,1
77,215,2,14.0,56.0,2
77,216,2,11.22,48.87,1
77,218,2,6.7,65.5,2
77,220,1,0.0,62.5,1
77,225,6,13.94,122.28,5
77,230,2,31.1,100.0,2
77,231,3,26.9,94.5,3
77,233,1,10.9,48.5,1
77,234,1,9.3,50.5,1
77,236,1,12.7,52.5,1
77,241,2,38.02,129.83,1
77,242,2,34.1,97.0,2
77,246,3,33.2,170.5,3
77,254,1,25.2,54.5,1
77,259,1,18.4,54.5,1
78,17,1,16.3,51.5,1
78,18,3,4.87,50.5,3
78,20,2,2.44,17.24,0
78,24,3,17.6,87.0,3
78,35,3,45.8,152.5,3
78,36,1,18.6,43.5,1
78,37,4,61.0,174.0,4
78,41,6,38.45,126.1,5
78,42,13,64.6,343.5,13
78,45,2,28.2,89.0,2
78,47,1,5.5,17.5,1
78,48,1,9.4,34.5,1
78,49,1,13.1,44.5,1
78,51,6,38.6,167.0,6
78,56,2,33.09,85.41,1
78,60,4,5.5,81.0,4
78,61,1,27.6,37.5,1
78,65,1,11.5,46.5,1
78,69,1,1.78,12.8,2
78,72,1,17.9,51.5,1
78,74,4,15.57,106.48,2
78,75,7,43.73,217.57,6
78,76,2,18.4,107.0,3
78,77,1,12.8,48.5,1
78,78,12,4.22,183.22,12
78,80,1,11.0,38.5,1
78,81,1,8.0,31.5,1
78,82,1,9.9,35.5,1
78,88,1,0.9,43.5,1
78,91,2,37.1,130.0,2
78,94,1,0.0,13.24,0
78,100,3,29.7,111.5,3
78,107,2,19.9,72.0,2
78,116,2,8.8,47.0,2
78,119,1,0.0,15.26,0
78,122,1,12.6,41.5,1
78,123,1,23.2,71.5,1
78,126,2,6.0,40.0,2
78,127,1,6.15,25.09,0
78,129,1,9.0,33.5,1
78,136,4,19.12,38.0,4
78,137,5,51.1,170.5,5
78,140,1,6.5,32.5,1
78,141,1,10.9,33.5,1
78,143,1,10.2,36.5,1
78,151,2,11.7,63.0,2
78,152,1,4.7,25.5,1
78,155,1,29.7,55.5,1
78,158,1,11.31,58.18,0
78,159,1,2.4,19.5,1
78,161,1,11.44,50.6,1
78,165,1,19.5,56.5,1
78,167,2,2.15,16.5,3
78,168,1,4.78,21.2,1
78,171,1,8.8,33.5,1
78,173,1,8.9,33.5,1
78,174,4,7.6,83.45,3
78,177,2,17.1,99.0,2
78,182,1,1.5,17.5,1
78,185,2,2.5,24.7,2
78,186,1,8.8,37.5,1
78,188,1,18.9,55.5,1
78,200,3,19.44,90.2,3
78,203,1,16.1,52.5,1
78,209,1,15.1,42.5,1
78,212,2,4.7,39.0,2
78,213,5,9.4,98.5,5
78,216,1,16.3,44.5,1
78,224,1,2.3,36.5,1
78,226,1,11.9,38.5,1
78,228,1,17.5,53.5,1
78,229,3,23.2,112.99,2
78,230,2,19.3,75.0,2
78,233,1,8.74,44.35,0
78,234,1,12.91,69.87,0
78,235,1,1.8,18.5,1
78,236,2,9.4,65.0,2
78,237,2,19.7,0.0,2
78,238,2,17.57,75.56,1
78,239,1,6.1,33.5,1
78,242,1,2.3,18.5,1
78,243,1,3.25,16.3,1
78,244,6,21.34,134.78,2
78,246,3,19.8,108.36,2
78,247,3,10.61,66.7,3
78,249,1,12.39,57.43,0
78,250,2,3.3,36.9,1
78,254,3,12.14,67.72,1
78,259,2,11.45,52.69,1
78,262,1,5.1,36.5,1
79,1,78,1182.94,6030.18,97
79,4,1297,1044.07,9481.57,1600
79,7,150,965.61,4285.69,190
79,9,1,12.1,48.5,1
79,10,1,0.53,5.8,1
79,11,2,26.46,106.1,2
79,12,6,22.55,119.5,14
79,13,403,1377.09,7743.43,465
79,14,29,314.14,1099.07,30
79,16,2,32.39,136.9,7
79,17,72,324.43,1813.81,92
79,18,2,23.2,90.5,2
79,19,1,0.0,49.0,1
79,20,2,26.52,109.6,2
79,21,2,20.6,77.9,2
79,22,7,80.07,324.2,7
79,24,100,648.94,3176.83,108
79,25,136,552.93,3034.73,169
79,26,5,51.45,228.5,5
79,27,1,23.17,89.8,1
79,28,3,36.52,153.2,5
79,29,1,17.6,68.8,1
79,31,1,13.69,54.8,1
79,32,1,5.1,42.5,1
79,33,229,916.71,4839.41,283
79,34,9,33.06,192.14,8
79,35,10,66.84,345.22,10
79,36,63,343.86,1730.24,87
79,37,117,567.13,3201.98,139
79,39,2,34.79,152.7,2
79,40,74,375.43,1864.2,92
79,41,181,1270.81,5769.32,187
79,42,137,1089.98,4788.99,159
79,43,197,818.07,4626.72,245
79,45,484,694.0,5383.62,595
79,48,970,3093.33,19708.06,1180
79,49,143,619.98,3507.35,169
79,50,384,33301.24,8310.29,439
79,51,1,0.0,47.0,1
79,52,63,271.57,1444.1,87
79,53,1,12.0,50.36,0
79,54,20,100.71,514.35,22
79,55,1,16.81,68.8,1
79,56,3,32.15,139.9,6
79,57,1,10.73,44.3,1
79,60,1,10.1,41.5,1
79,61,87,504.77,2664.86,115
79,62,17,89.92,509.26,16
79,65,116,370.98,2108.74,136
79,66,106,361.52,2032.49,128
79,67,1,9.1,39.03,0
79,68,1606,3303.78,23755.78,1968
79,69,7,65.9,115.5,7
79,70,5,49.63,213.36,4
79,71,8,62.41,299.7,9
79,72,2,22.19,95.9,2
79,73,1,12.3,38.5,1
79,74,155,928.67,4318.45,161
79,75,294,1541.21,7514.84,342
79,76,1,8.26,41.5,1
79,77,5,45.77,125.0,5
79,78,2,26.12,105.4,2
79,79,4424,2630.85,37420.2,5940
79,80,132,513.74,2887.43,176
79,81,2,34.91,136.2,2
79,82,6,50.52,211.47,9
79,83,19,130.79,505.3,23
79,85,7,52.34,254.1,7
79,87,899,2431.17,14637.39,1067
79,88,258,829.68,4617.01,291
79,89,50,468.0,1903.79,69
79,90,1574,2420.46,18588.29,1989
79,91,5,42.8,240.3,5
79,92,3,44.81,47.8,3
79,93,3,24.48,132.2,6
79,94,3,35.89,130.7,4
79,95,21,203.03,850.18,18
79,96,2,22.71,101.2,2
79,97,115,414.4,2403.2,143
79,98,3,41.01,160.9,3
79,100,511,1234.77,8536.95,628
79,101,2,3.07,91.6,1
79,106,19,97.97,443.7,26
79,107,3712,3289.73,27497.29,4795
79,111,2,17.15,83.7,3
79,112,161,728.56,3792.47,207
79,113,1566,1306.82,12545.34,1986
79,114,1973,1685.26,16230.47,2633
79,116,82,701.58,3668.53,77
79,119,2,18.8,83.0,2
79,120,1,0.0,50.76,0
79,121,5,62.83,162.16,4
79,123,4,48.84,209.4,7
79,125,540,765.24,6001.18,688
79,127,29,322.47,1319.14,28
79,128,3,36.2,145.5,2
79,129,41,325.08,1385.04,52
79,130,1,13.78,57.6,1
79,131,2,27.06,111.0,2
79,132,253,4392.38,17502.28,319
79,133,20,158.77,719.22,17
79,134,2,24.02,101.2,2
79,135,2,26.56,88.8,2
79,136,1,12.23,47.8,1
79,137,2573,3151.51,22744.46,3374
79,138,252,2579.33,10442.35,233
79,140,838,2749.53,15239.49,999
79,141,1300,4209.39,22616.07,1599
79,142,635,2681.71,15168.38,751
79,143,308,1389.99,7875.56,386
79,144,1522,1491.24,13943.21,1987
79,145,123,506.93,2595.14,154
79,146,21,108.14,539.7,29
79,147,3,29.56,38.0,3
79,148,2659,2338.7,23062.26,3643
79,149,1,12.21,54.1,1
79,151,159,997.85,4903.58,192
79,152,40,336.53,1423.22,33
79,153,1,12.82,51.3,1
79,157,5,28.22,144.3,4
79,158,890,1381.11,10946.91,1139
79,159,8,67.09,278.97,9
79,160,6,49.93,266.3,11
79,161,1010,2564.43,17282.17,1293
79,162,1519,3360.37,21171.77,1968
79,163,527,1648.43,10525.32,631
79,164,1375,2400.62,17180.54,1762
79,165,5,49.88,232.04,4
79,166,155,1130.65,5474.11,175
79,167,1,8.95,40.8,1
79,168,19,149.81,591.8,24
79,170,3231,5153.16,35591.19,4153
79,171,1,13.83,53.4,1
79,173,4,39.98,171.6,4
79,174,1,13.7,56.2,1
79,175,1,16.94,63.2,1
79,177,19,112.37,554.48,27
79,178,1,10.8,38.5,1
79,179,63,431.03,1831.88,67
79,180,1,0.58,7.2,1
79,181,189,948.9,5050.89,228
79,182,2,23.74,94.2,2
79,185,1,13.89,52.7,1
79,186,1452,2914.83,21085.21,1841
79,188,63,376.3,1976.77,74
79,189,97,450.24,2440.86,127
79,190,16,86.92,455.4,17
79,192,1,11.22,45.0,1
79,193,10,48.59,269.28,13
79,195,28,163.83,745.8,37
79,196,9,71.85,321.0,9
79,197,4,40.76,169.33,5
79,198,50,343.81,1574.19,66
79,200,7,108.1,413.7,8
79,201,3,75.18,287.6,6
79,202,19,106.42,511.6,23
79,208,1,13.25,62.5,1
79,209,333,828.04,5078.13,433
79,211,1042,1200.65,10355.52,1339
79,212,2,22.51,81.84,0
79,213,1,12.36,49.9,1
79,215,1,13.0,43.5,1
79,216,2,27.85,124.1,2
79,217,17,53.77,326.33,25
79,220,8,108.81,430.7,11
79,223,78,660.32,2896.52,100
79,224,740,641.34,5561.27,967
79,225,101,531.2,2756.04,137
79,226,76,425.77,2012.71,90
79,227,14,139.65,501.5,20
79,228,30,250.31,1025.52,37
79,229,1529,3708.54,21497.12,1900
79,230,885,2551.33,16829.31,1234
79,231,1423,2592.31,18835.07,1764
79,232,1158,1521.49,11893.7,1421
79,233,1667,3107.78,19651.24,2112
79,234,2076,2561.25,20605.48,2632
79,235,1,10.9,43.6,1
79,236,779,3316.68,17882.79,965
79,237,768,2499.64,14634.41,949
79,238,483,2733.6,14334.51,581
79,239,649,3231.6,17280.13,801
79,241,4,51.33,205.0,5
79,242,2,23.6,93.5,2
79,243,55,569.38,2314.28,46
79,244,82,809.94,3434.17,75
79,246,926,2410.38,16021.73,1109
79,247,3,27.49,119.6,3
79,248,2,22.49,90.7,2
79,249,2668,3266.68,27896.64,3420
79,250,1,10.92,44.3,1
79,254,1,19.9,80.7,1
79,255,216,767.11,4473.99,279
79,256,248,715.15,4309.29,315
79,257,31,244.23,1101.29,40
79,258,2,24.23,101.9,6
79,259,4,64.46,214.0,4
79,260,32,214.95,926.5,48
79,261,362,1062.44,6209.22,452
79,262,641,2704.32,13706.61,785
79,263,1073,4478.85,22444.35,1326
80,1,3,34.12,221.71,1
80,4,3,8.8,62.85,2
80,7,7,31.87,208.62,1
80,14,1,10.77,45.91,0
80,17,9,17.22,177.47,4
80,22,1,15.18,58.3,1
80,25,4,9.66,95.39,0
80,26,2,9.1,84.19,0
80,28,1,7.61,29.6,1
80,33,7,21.43,154.46,10
80,35,1,3.73,29.6,2
80,36,15,22.62,221.37,15
80,37,23,48.61,327.65,17
80,39,2,9.4,62.89,1
80,42,5,51.13,167.9,1
80,45,4,16.09,154.75,6
80,48,4,33.61,156.96,3
80,49,11,39.85,208.52,9
80,50,2,15.14,70.25,0
80,52,1,4.1,23.5,1
80,54,1,4.0,23.5,1
80,61,13,37.43,268.0,2
80,62,4,17.17,122.45,2
80,63,2,4.65,57.48,0
80,66,2,3.9,38.58,2
80,68,6,31.06,179.48,2
80,71,1,5.8,120.0,1
80,74,2,9.52,70.88,0
80,75,6,44.36,229.32,2
80,76,5,26.17,159.22,4
80,79,16,51.74,479.18,10
80,80,70,56.66,1356.44,80
80,82,2,9.9,48.0,2
80,87,2,5.07,50.32,0
80,89,3,19.68,83.25,1
80,90,4,24.76,127.71,3
80,92,1,7.57,31.6,0
80,93,6,36.45,43.1,6
80,95,3,18.75,26.14,1
80,97,6,22.49,137.73,6
80,100,2,11.77,65.51,0
80,102,1,3.6,19.1,1
80,106,1,4.19,20.98,0
80,107,5,21.21,142.78,0
80,112,24,32.83,270.77,24
80,113,3,11.21,67.0,2
80,114,4,17.03,142.27,3
80,119,1,11.3,38.5,1
80,124,2,17.12,80.99,1
80,129,11,51.61,217.16,7
80,130,2,19.11,65.16,1
80,132,22,313.93,1275.45,23
80,133,1,0.0,45.41,0
80,134,6,47.2,236.31,3
80,137,6,28.26,162.93,7
80,138,11,75.55,346.15,5
80,140,13,78.25,323.73,11
80,141,5,23.5,134.98,3
80,142,4,30.78,156.84,0
80,143,1,6.4,30.3,1
80,144,10,35.04,383.53,6
80,145,5,17.5,100.88,5
80,146,4,4.31,94.2,0
80,148,12,35.14,300.13,6
80,150,1,19.01,71.6,2
80,151,1,8.8,34.5,1
80,152,1,0.0,48.79,0
80,157,3,7.76,47.97,1
80,158,2,11.56,95.85,2
80,159,3,30.6,126.6,2
80,160,5,11.05,41.56,3
80,161,2,17.92,60.22,1
80,162,5,20.85,150.75,1
80,163,2,7.92,66.2,3
80,164,4,17.35,98.66,2
80,168,1,0.0,39.5,1
80,170,6,33.49,156.09,6
80,171,1,9.76,35.78,0
80,173,1,0.0,27.27,0
80,174,1,14.9,48.5,1
80,177,4,11.1,38.05,3
80,178,1,6.6,36.5,1
80,179,3,14.15,84.58,0
80,181,13,60.19,355.6,5
80,185,1,16.1,45.5,1
80,186,2,19.28,0.0,2
80,188,6,30.96,163.81,1
80,189,3,7.52,67.06,1
80,190,1,4.34,21.9,1
80,191,2,27.36,136.41,1
80,196,3,15.37,19.1,3
80,197,3,20.38,130.0,1
80,198,10,23.4,113.57,6
80,201,10,132.3,635.0,10
80,203,1,15.1,46.5,1
80,209,1,3.73,23.88,0
80,211,3,10.13,66.67,3
80,212,2,11.6,81.0,2
80,215,5,45.1,198.5,5
80,216,2,20.09,125.87,2
80,218,1,10.93,52.0,1
80,223,6,31.73,152.71,2
80,224,1,5.56,22.78,0
80,225,12,17.62,177.13,7
80,226,5,11.8,78.02,4
80,227,2,13.46,65.79,1
80,229,3,16.32,73.69,2
80,230,3,21.81,88.67,1
80,231,5,26.73,216.71,1
80,232,8,22.32,197.33,8
80,233,2,9.21,55.12,0
80,234,5,12.96,143.54,0
80,236,2,18.4,130.25,0
80,237,2,4.4,68.32,0
80,238,6,43.6,301.32,6
80,239,4,23.81,162.2,1
80,241,1,15.45,60.4,1
80,244,4,47.49,172.44,2
80,246,4,23.89,119.45,0
80,249,9,42.49,233.73,4
80,255,19,19.93,325.77,14
80,256,23,21.25,495.0,18
80,257,1,7.9,33.1,1
80,258,1,6.13,28.55,0
80,260,2,8.43,33.93,1
80,261,1,4.0,26.5,1
80,262,3,21.52,106.24,2
80,263,7,49.5,239.15,0
81,3,1,0.7,15.5,1
81,20,1,2.3,20.5,1
81,32,1,1.38,8.6,1
81,42,6,51.2,213.0,6
81,47,1,8.5,31.5,1
81,48,2,19.7,93.0,2
81,50,1,6.9,45.5,1
81,51,5,6.2,85.5,5
81,60,1,6.7,29.5,1
81,61,2,23.5,111.0,2
81,63,2,26.7,102.0,2
81,65,6,138.5,339.0,6
81,71,1,20.4,57.5,1
81,74,1,10.4,36.5,1
81,75,1,10.8,44.5,1
81,76,1,18.1,59.5,1
81,80,1,15.9,49.5,1
81,81,6,2.2,425.0,6
81,86,1,21.5,61.5,1
81,87,1,0.0,52.5,1
81,100,1,15.5,47.5,1
81,102,1,20.1,47.5,1
81,116,4,30.31,138.18,3
81,119,1,7.95,40.4,0
81,120,1,9.3,34.5,1
81,126,1,7.9,28.5,1
81,130,1,14.12,46.53,0
81,136,2,8.3,48.08,1
81,140,4,52.3,168.0,4
81,141,3,37.6,121.5,3
81,142,1,13.8,46.5,1
81,147,1,5.0,30.5,1
81,159,1,5.3,32.5,1
81,162,4,12.7,180.5,4
81,163,1,0.9,55.5,1
81,166,1,1.6,55.5,1
81,167,2,8.01,57.89,0
81,168,1,9.4,40.5,1
81,169,1,4.78,34.04,0
81,174,5,18.3,89.8,4
81,177,1,16.4,50.5,1
81,179,1,8.0,41.5,1
81,181,1,17.3,56.5,1
81,185,4,13.38,72.78,1
81,195,1,20.3,59.5,1
81,197,1,16.14,64.6,1
81,203,1,0.0,53.0,1
81,208,2,10.8,79.0,2
81,220,2,8.95,63.54,1
81,225,1,19.3,55.5,1
81,229,2,27.2,90.0,2
81,230,1,14.8,45.5,1
81,231,1,15.5,52.5,1
81,234,1,15.3,48.5,1
81,235,1,5.9,27.5,1
81,237,2,11.4,83.0,2
81,241,2,8.9,47.0,2
81,242,2,5.1,38.0,2
81,243,2,6.0,63.0,2
81,244,5,46.97,201.5,5
81,246,6,93.7,333.0,6
81,247,1,7.9,33.5,1
81,248,1,6.7,28.5,1
81,250,1,4.1,33.5,1
81,254,2,1.69,16.76,0
81,259,2,1.93,32.36,1
81,260,1,14.7,57.5,1
82,7,7,22.11,91.97,8
82,9,1,8.06,35.2,1
82,10,1,7.4,31.5,1
82,13,3,24.58,167.6,4
82,19,1,10.9,43.6,1
82,20,1,11.6,43.5,1
82,28,3,19.58,72.12,1
82,29,1,14.7,46.5,1
82,33,1,8.94,33.8,1
82,35,1,9.7,43.5,1
82,36,2,8.73,50.95,1
82,38,2,22.09,77.86,1
82,41,1,6.4,30.3,0
82,42,1,0.5,23.5,1
82,45,1,7.36,70.0,2
82,48,6,42.4,445.0,12
82,49,2,14.31,55.27,1
82,50,4,28.46,182.65,4
82,51,1,15.04,3.69,0
82,54,1,9.43,33.84,0
82,56,10,9.98,94.68,6
82,57,1,0.0,12.92,0
82,61,2,14.16,72.23,1
82,63,2,14.1,63.0,2
82,65,2,18.49,99.5,6
82,68,6,34.35,357.25,11
82,69,1,10.33,41.41,0
82,70,3,11.15,53.1,3
82,71,2,24.0,95.53,0
82,74,1,0.0,26.66,0
82,75,12,84.96,344.94,11
82,77,1,8.0,30.5,1
82,79,3,22.34,210.0,4
82,80,2,11.54,58.5,2
82,82,65,30.56,1091.03,60
82,83,10,9.87,139.88,10
82,86,1,6.1,25.4,1
82,87,2,20.06,108.5,2
82,88,2,22.62,134.5,3
82,90,1,7.05,70.0,1
82,91,2,21.7,80.0,2
82,92,5,19.28,67.67,3
82,95,4,10.29,75.64,3
82,97,1,7.5,30.5,1
82,98,1,5.66,22.02,0
82,100,5,33.24,268.0,5
82,102,3,8.43,57.49,2
82,107,6,40.67,241.35,7
82,112,8,38.7,153.69,9
82,113,2,14.55,140.0,1
82,114,1,0.0,28.05,0
82,117,2,15.0,80.5,2
82,121,5,18.04,118.78,3
82,123,4,33.5,207.0,4
82,124,2,6.27,60.05,1
82,125,1,7.62,34.79,0
82,126,1,0.0,34.96,0
82,129,35,45.35,453.6,35
82,130,3,13.11,105.66,2
82,131,3,28.43,113.64,3
82,132,7,70.34,415.05,9
82,134,3,8.5,70.5,3
82,135,2,7.56,45.87,1
82,137,20,130.81,833.34,23
82,138,5,18.13,88.81,4
82,140,4,15.45,223.98,4
82,141,2,8.31,64.7,2
82,142,6,42.98,267.9,6
82,143,1,6.17,32.4,1
82,144,1,8.5,28.27,0
82,145,7,32.47,73.88,7
82,146,2,7.0,43.0,2
82,151,4,27.41,108.44,2
82,157,11,15.58,194.84,14
82,158,2,17.06,152.0,2
82,160,5,6.58,62.43,4
82,161,4,29.32,199.0,4
82,162,9,58.79,584.5,12
82,163,4,28.42,234.5,6
82,164,7,46.35,404.7,12
82,165,1,16.5,48.5,1
82,166,2,9.4,82.1,4
82,167,1,8.2,33.5,1
82,169,1,10.3,37.5,1
82,170,8,46.92,492.9,9
82,173,14,21.75,227.0,13
82,174,1,0.0,79.79,0
82,179,3,11.69,68.71,3
82,182,1,10.9,43.6,1
82,185,1,12.6,49.9,1
82,186,6,36.69,299.72,10
82,192,2,7.47,52.17,1
82,193,2,9.29,46.54,1
82,196,10,13.54,126.81,8
82,197,3,15.08,73.71,1
82,198,1,3.62,25.08,0
82,203,3,27.86,164.1,3
82,211,1,8.4,70.0,3
82,216,5,21.61,123.74,3
82,217,2,11.64,65.35,1
82,222,1,0.0,33.5,1
82,223,5,11.07,53.43,3
82,226,16,45.83,290.97,12
82,229,4,30.84,195.7,6
82,230,5,34.19,284.69,5
82,231,1,8.4,110.0,1
82,232,6,46.12,325.1,7
82,233,3,18.86,165.5,3
82,234,1,6.91,82.3,1
82,237,5,33.06,256.22,6
82,238,1,8.01,61.6,0
82,243,1,9.1,46.4,1
82,244,1,0.0,32.81,0
82,246,1,18.08,70.0,1
82,249,3,25.19,210.0,4
82,255,1,4.76,21.2,1
82,256,5,27.23,140.68,5
82,258,6,34.06,96.8,7
82,260,20,29.61,232.13,20
82,263,4,29.56,118.31,6
83,7,3,9.31,48.46,2
83,16,1,5.9,36.5,1
83,18,1,12.62,50.6,1
83,19,2,57.5,45.9,2
83,20,1,0.0,34.88,0
83,28,2,16.1,60.9,2
83,33,1,7.48,35.9,1
83,41,1,7.1,31.5,1
83,48,1,0.0,33.53,0
83,51,2,14.3,98.94,2
83,55,1,21.07,67.44,0
83,56,3,11.33,66.46,2
83,60,1,9.64,33.35,0
83,67,2,28.83,93.99,2
83,70,3,8.81,105.3,9
83,79,2,12.59,50.53,1
83,82,18,26.0,207.03,17
83,83,37,29.25,1995.33,56
83,88,1,9.58,37.3,1
83,92,2,12.7,55.0,2
83,94,1,11.07,40.06,0
83,95,2,3.5,39.84,1
83,107,2,16.44,61.16,2
83,112,1,5.27,25.19,0
83,129,10,16.25,234.29,12
83,130,1,10.16,33.62,0
83,131,1,0.0,35.4,0
83,132,4,45.1,330.0,7
83,134,1,4.7,24.0,1
83,137,3,19.7,80.5,3
83,138,11,50.02,594.78,19
83,139,1,15.1,55.5,1
83,141,1,4.36,19.8,1
83,142,1,5.55,35.9,1
83,144,2,15.74,109.5,3
83,145,2,7.38,48.42,1
83,148,1,6.38,26.8,1
83,150,2,26.1,91.0,2
83,160,1,1.63,11.4,5
83,162,2,12.48,78.1,2
83,163,1,5.34,33.08,0
83,164,1,0.0,25.5,1
83,170,1,0.0,25.5,1
83,173,5,14.23,82.85,5
83,179,1,0.0,16.34,0
83,193,1,3.92,19.8,1
83,196,2,4.47,26.82,1
83,197,1,0.0,22.5,1
83,198,2,7.05,49.7,1
83,209,1,8.52,36.88,0
83,211,1,6.99,35.49,0
83,219,2,20.2,77.0,2
83,223,3,8.45,62.0,3
83,226,8,14.51,96.08,7
83,229,1,9.74,38.7,1
83,230,1,8.2,27.5,1
83,233,1,5.27,48.58,0
83,237,2,9.68,68.51,0
83,246,1,6.69,30.3,1
83,255,1,0.0,17.47,0
83,260,6,4.97,65.4,6
83,263,1,6.9,31.5,1
84,84,2,0.0,73.4,2
85,11,1,3.9,30.5,1
85,14,1,7.16,31.48,0
85,17,2,5.89,47.96,1
85,25,2,7.5,45.0,2
85,26,1,3.35,33.71,0
85,35,9,26.56,187.79,8
85,37,2,9.12,50.22,0
85,39,12,39.42,246.99,11
85,41,2,30.5,98.0,2
85,42,1,15.3,49.5,1
85,49,1,3.9,23.5,1
85,52,2,5.2,56.49,1
85,55,2,17.5,54.0,2
85,56,3,41.6,118.5,3
85,60,1,1.1,55.5,1
85,61,3,8.53,58.85,2
85,62,4,9.59,67.6,4
85,63,1,5.7,26.5,1
85,66,1,4.6,25.5,1
85,71,4,5.57,66.33,3
85,72,7,15.5,113.23,6
85,75,1,11.9,45.5,1
85,76,6,25.87,141.71,5
85,77,1,3.5,21.5,1
85,82,1,13.0,34.5,1
85,83,1,9.5,43.21,0
85,85,8,9.23,208.7,11
85,87,2,7.5,60.5,2
85,88,1,0.0,35.97,0
85,89,7,5.6,104.83,6
85,91,4,7.85,56.59,3
85,96,1,0.0,54.5,1
85,97,4,11.0,108.44,2
85,106,4,16.0,86.0,4
85,107,5,41.27,190.54,4
85,108,1,6.6,32.5,1
85,113,1,6.6,28.5,1
85,117,1,11.6,38.5,1
85,131,2,26.7,84.0,2
85,133,2,1.9,26.17,1
85,134,2,16.4,49.0,2
85,137,9,79.8,329.5,9
85,138,3,23.63,121.29,1
85,139,1,10.9,36.5,1
85,140,1,10.9,40.5,1
85,141,3,18.7,146.65,2
85,144,1,6.6,27.5,1
85,145,1,7.9,30.5,1
85,146,1,10.49,50.42,0
85,152,1,16.0,51.5,1
85,155,2,6.52,45.09,1
85,161,1,8.4,47.89,0
85,162,1,12.1,40.5,1
85,165,1,3.28,20.5,2
85,169,2,32.2,108.0,2
85,170,1,8.4,37.5,1
85,177,1,2.8,20.5,1
85,178,1,2.7,21.5,1
85,181,4,4.9,86.0,4
85,182,1,17.0,54.5,1
85,183,1,18.3,55.5,1
85,185,1,6.1,58.5,1
85,188,9,6.93,129.38,7
85,191,2,14.1,99.0,2
85,192,1,11.1,39.5,1
85,202,2,18.7,69.0,2
85,205,1,11.4,44.5,1
85,215,1,9.2,38.5,1
85,219,1,0.0,49.15,0
85,222,3,3.9,77.52,2
85,225,2,8.55,61.19,1
85,226,1,11.6,36.5,1
85,228,1,5.85,37.04,0
85,231,3,21.9,79.5,3
85,232,1,5.1,26.5,1
85,233,2,19.45,76.27,1
85,238,1,12.8,47.5,1
85,242,1,20.5,58.5,1
85,243,1,0.0,53.5,1
85,246,1,9.5,34.5,1
85,255,1,5.92,37.59,0
85,256,1,4.2,23.5,1
85,257,1,1.0,17.5,1
85,261,2,15.08,56.09,1
85,263,1,14.92,59.7,1
86,7,2,28.7,97.0,2
86,14,1,23.3,52.5,1
86,16,2,26.8,97.0,2
86,17,2,29.5,83.0,2
86,24,1,1.5,59.5,1
86,25,5,95.7,288.5,5
86,29,1,13.6,55.5,1
86,33,3,63.2,194.5,3
86,35,2,26.5,83.0,2
86,36,1,11.6,44.5,1
86,37,4,58.3,182.0,4
86,38,1,8.2,32.5,1
86,39,4,50.1,161.0,4
86,42,5,50.0,293.5,5
86,47,1,21.6,61.5,1
86,48,5,100.3,299.5,5
86,50,2,26.7,141.0,2
86,55,2,27.6,92.0,2
86,61,10,146.5,451.0,10
86,62,4,58.4,178.0,4
86,63,3,30.6,106.5,3
86,64,1,10.7,57.5,1
86,65,1,16.3,60.5,1
86,67,1,20.3,59.5,1
86,69,2,31.4,122.0,2
86,71,2,31.6,92.0,2
86,72,2,0.0,107.73,1
86,74,4,92.64,245.77,3
86,75,4,62.3,245.0,4
86,76,10,98.31,392.11,9
86,80,1,15.9,57.5,1
86,86,22,5.49,528.86,15
86,87,1,14.3,79.5,1
86,88,3,76.5,210.5,3
86,89,3,43.7,127.5,3
86,91,4,55.0,165.0,4
86,92,1,3.4,44.5,1
86,93,1,13.3,43.5,1
86,97,1,16.4,65.5,1
86,100,4,91.6,232.0,4
86,101,3,34.2,118.5,3
86,107,4,65.3,235.0,4
86,108,4,50.5,174.0,4
86,113,1,21.0,59.5,1
86,117,10,11.29,207.33,5
86,119,4,59.6,254.0,4
86,122,3,25.93,99.55,2
86,130,4,37.71,166.19,2
86,136,1,0.0,65.5,1
86,137,2,35.1,116.0,2
86,139,1,4.6,25.5,1
86,140,4,86.82,281.45,3
86,142,1,21.51,79.16,0
86,148,1,20.4,61.5,1
86,149,2,30.1,83.0,2
86,150,1,9.8,43.5,1
86,154,1,9.5,46.5,1
86,155,3,42.4,112.5,3
86,157,1,17.4,43.5,1
86,158,1,20.4,59.5,1
86,159,7,93.7,424.5,7
86,162,3,42.2,177.5,3
86,164,3,58.4,168.5,3
86,165,1,11.0,41.5,1
86,167,2,0.0,152.41,0
86,168,3,55.36,185.51,2
86,170,1,10.4,55.5,1
86,174,1,20.0,67.5,1
86,177,1,12.4,43.5,1
86,188,5,55.6,223.5,5
86,191,3,31.77,118.87,2
86,201,1,3.9,19.09,0
86,203,3,12.54,16.3,5
86,205,1,6.3,29.5,1
86,209,2,15.1,148.5,2
86,210,9,114.2,403.5,9
86,213,1,11.2,55.5,1
86,215,4,33.49,161.45,3
86,216,1,9.73,42.91,0
86,218,1,7.01,41.98,0
86,219,1,4.87,25.09,0
86,220,1,24.0,69.5,1
86,223,1,19.5,52.5,1
86,225,2,32.0,107.0,2
86,226,1,16.4,34.5,1
86,227,2,31.0,127.0,2
86,228,1,27.1,60.5,1
86,231,7,131.9,497.5,7
86,236,1,25.3,61.5,1
86,237,4,61.8,254.0,4
86,238,1,3.4,62.5,1
86,241,2,45.8,139.0,2
86,242,1,0.0,58.5,1
86,244,3,22.6,195.0,3
86,246,1,10.9,60.5,1
86,248,2,42.13,128.35,1
86,256,3,60.6,172.5,3
86,258,1,10.57,46.44,0
86,259,2,49.6,143.0,2
86,261,4,81.5,308.0,4
87,1,71,1140.29,6013.25,114
87,4,139,400.82,2119.41,158
87,6,2,24.44,0.0,2
87,7,15,152.92,649.1,21
87,10,1,17.1,75.8,1
87,11,3,28.6,121.7,3
87,12,20,14.55,131.7,37
87,13,266,328.71,2710.8,319
87,14,27,220.29,949.34,24
87,17,8,34.6,213.7,13
87,18,1,14.25,88.26,0
87,19,1,16.8,53.5,1
87,22,2,19.66,90.0,2
87,23,1,19.06,73.7,1
87,24,8,70.41,315.06,7
87,25,68,201.01,1163.38,74
87,26,2,16.15,79.5,2
87,27,1,16.98,89.1,1
87,32,1,0.0,48.5,1
87,33,111,257.96,1548.78,141
87,34,6,16.39,98.5,7
87,35,3,17.9,85.9,3
87,36,4,28.24,134.5,5
87,37,9,49.34,290.2,11
87,39,7,60.85,326.6,7
87,40,31,105.0,565.5,33
87,41,21,211.32,917.27,23
87,42,34,354.13,1359.58,33
87,43,45,306.14,1401.49,62
87,45,233,224.64,2009.82,300
87,48,180,891.61,4637.15,216
87,49,35,128.8,794.7,34
87,50,72,359.98,2044.46,100
87,52,26,79.55,432.2,33
87,54,7,30.85,164.36,8
87,55,2,28.73,105.42,1
87,61,18,95.97,531.96,23
87,62,8,43.39,283.0,8
87,64,1,28.12,107.3,1
87,65,48,117.59,677.0,60
87,66,102,231.9,1407.94,135
87,67,2,20.75,97.7,5
87,68,300,1178.97,6849.82,365
87,69,4,44.63,177.9,8
87,70,2,21.76,84.5,7
87,71,2,14.01,70.2,2
87,72,1,0.0,36.0,0
87,74,35,300.26,1337.2,36
87,75,47,376.31,1602.66,49
87,77,3,26.96,123.1,3
87,78,1,14.0,58.3,1
87,79,576,1666.27,9571.13,638
87,80,22,105.82,548.74,24
87,81,2,36.45,126.2,3
87,82,2,12.94,73.9,4
87,84,3,73.94,272.2,3
87,85,1,5.8,29.5,1
87,87,350,152.77,8009.11,440
87,88,177,96.88,1269.43,230
87,89,4,29.16,127.25,3
87,90,149,485.17,2936.95,162
87,92,3,45.69,188.2,4
87,93,1,13.89,54.8,4
87,95,4,47.11,197.5,5
87,97,34,108.93,660.6,39
87,100,127,606.51,3328.13,177
87,102,1,8.2,37.5,1
87,106,5,20.52,111.6,5
87,107,272,980.9,5402.62,291
87,108,1,14.0,54.1,1
87,111,1,4.65,24.7,1
87,112,25,148.57,679.48,33
87,113,152,394.39,2647.96,183
87,114,202,448.53,3037.06,247
87,115,1,12.47,53.4,1
87,116,13,144.26,611.57,13
87,117,1,23.0,68.5,1
87,118,1,18.83,77.9,1
87,121,2,15.8,85.0,2
87,123,2,18.69,97.7,2
87,124,2,35.3,125.0,2
87,125,92,163.59,1229.28,102
87,126,2,24.41,92.8,2
87,127,8,81.29,347.32,5
87,129,3,28.18,119.6,3
87,130,1,17.89,70.9,2
87,131,3,47.29,194.5,4
87,132,243,5031.72,17163.45,355
87,133,4,24.97,121.2,5
87,135,1,14.05,52.0,1
87,137,230,925.46,4691.18,255
87,138,171,2231.38,8800.51,174
87,140,170,999.2,4700.05,195
87,141,177,1084.53,4870.33,211
87,142,100,630.22,3283.79,105
87,143,75,451.15,2406.2,78
87,144,291,435.43,3616.98,398
87,145,23,176.19,741.11,26
87,146,2,17.1,73.9,3
87,148,420,690.27,4965.64,539
87,150,1,10.6,45.5,1
87,151,50,416.37,1910.59,53
87,152,6,64.4,259.15,9
87,153,1,12.5,45.5,1
87,157,1,8.8,38.7,1
87,158,155,416.52,2551.0,178
87,159,2,20.2,79.0,2
87,160,2,20.44,82.3,2
87,161,301,1633.77,8350.87,397
87,162,338,1733.76,8436.82,381
87,163,107,661.14,3448.52,152
87,164,236,1053.68,5721.68,282
87,165,3,24.46,114.0,3
87,166,21,197.35,879.78,20
87,167,2,22.4,86.7,2
87,168,2,20.03,90.0,2
87,170,304,1421.05,7136.76,345
87,171,1,17.55,66.7,1
87,172,1,14.43,56.2,1
87,174,2,35.05,128.1,5
87,176,1,16.0,61.8,1
87,177,1,6.7,37.3,1
87,179,3,30.27,131.5,3
87,181,86,371.6,2066.21,98
87,182,1,15.88,63.9,1
87,186,249,977.33,5843.73,280
87,188,7,50.45,268.2,8
87,189,26,112.38,620.0,39
87,190,2,9.88,48.0,2
87,193,2,16.95,74.6,5
87,195,20,84.49,448.74,22
87,196,3,21.34,166.3,3
87,197,6,55.3,262.6,6
87,198,7,62.81,288.4,10
87,200,2,33.07,132.0,2
87,201,4,91.21,348.7,6
87,202,1,9.34,-40.8,2
87,204,1,25.38,80.94,0
87,205,1,12.6,49.5,1
87,208,1,16.3,70.9,1
87,209,141,83.73,1066.13,183
87,210,1,15.71,68.1,1
87,211,229,382.93,2975.13,301
87,213,1,13.0,42.5,1
87,215,1,14.9,46.5,1
87,216,1,17.2,70.9,1
87,217,7,42.6,159.2,12
87,222,14,105.6,823.5,14
87,223,4,44.57,171.65,4
87,224,93,323.15,1585.43,92
87,225,10,57.76,247.3,14
87,226,26,211.61,937.72,26
87,228,12,74.18,371.25,15
87,229,207,1074.34,4972.57,205
87,230,258,1374.13,7681.9,351
87,231,590,697.18,5907.9,699
87,232,344,577.26,3777.41,418
87,233,213,1004.6,4711.41,262
87,234,241,911.85,5292.98,292
87,236,118,860.69,3934.36,123
87,237,109,695.17,3389.31,132
87,238,93,694.59,3319.46,94
87,239,74,522.71,2638.57,85
87,241,2,15.4,93.0,2
87,243,6,79.69,217.99,3
87,244,20,231.34,1001.84,24
87,246,220,890.74,4893.89,263
87,247,3,35.38,144.6,4
87,249,282,687.02,4468.21,350
87,255,32,149.49,770.1,41
87,256,34,135.75,757.54,44
87,257,19,111.72,500.8,25
87,258,3,27.69,153.78,2
87,260,4,33.73,139.4,4
87,261,236,187.83,1934.13,309
87,262,116,778.37,3556.67,124
87,263,138,1018.69,4456.35,150
88,1,22,325.12,1804.35,35
88,3,2,36.1,99.0,2
88,4,59,177.71,920.43,78
88,7,8,81.46,349.73,7
88,10,1,18.23,70.9,2
88,12,12,14.63,183.1,14
88,13,239,243.5,2102.87,310
88,14,18,155.34,641.2,24
88,15,1,18.3,56.5,1
88,17,3,15.9,88.02,2
88,21,2,23.0,105.4,1
88,22,1,11.8,49.2,1
88,23,1,14.3,54.1,1
88,24,6,45.21,243.75,3
88,25,40,137.58,739.5,52
88,26,3,20.62,113.3,3
88,29,1,14.5,56.2,3
88,33,57,155.61,920.57,62
88,35,5,39.27,195.5,5
88,36,3,23.42,104.9,3
88,37,3,29.63,143.4,3
88,38,1,17.9,64.5,1
88,39,5,64.33,270.5,5
88,40,13,46.69,239.9,16
88,41,11,102.46,460.75,7
88,42,22,219.85,933.01,28
88,43,37,258.37,1309.69,62
88,45,119,150.26,1160.27,193
88,47,1,10.8,43.5,1
88,48,135,711.18,3822.03,162
88,49,14,58.88,274.7,18
88,50,47,231.65,1307.88,48
88,51,6,83.7,317.0,6
88,52,17,57.91,309.3,17
88,54,2,8.14,41.7,2
88,55,5,50.1,221.7,5
88,60,5,55.2,208.5,5
88,61,17,105.56,544.1,21
88,62,2,14.35,71.1,2
88,65,22,64.32,347.7,32
88,66,58,162.32,965.0,105
88,67,2,17.82,78.8,5
88,68,215,853.7,4865.89,272
88,69,2,21.57,85.9,2
88,70,1,12.87,52.0,1
88,71,2,17.2,60.0,2
88,72,1,6.9,32.5,1
88,74,13,89.22,472.21,12
88,75,21,137.18,686.29,22
88,76,2,36.6,67.0,2
88,79,204,687.92,3769.44,249
88,80,11,63.25,308.1,13
88,81,1,19.2,70.2,1
88,82,4,42.08,185.6,4
88,83,2,15.1,66.0,2
88,85,2,14.31,59.5,2
88,86,3,69.6,210.5,3
88,87,176,115.46,1308.45,229
88,88,154,68.9,3693.6,189
88,89,6,44.67,200.0,7
88,90,75,281.7,1566.43,94
88,91,2,19.9,98.4,2
88,95,7,75.31,343.5,8
88,97,33,117.17,677.27,33
88,99,1,21.82,70.0,1
88,100,92,468.7,2585.65,133
88,106,4,19.25,102.3,5
88,107,119,495.32,2550.4,136
88,108,1,11.5,33.5,1
88,112,11,73.45,346.6,17
88,113,87,287.45,1704.13,106
88,114,98,258.0,1642.66,115
88,115,1,14.46,54.1,1
88,116,15,171.11,714.88,19
88,117,1,23.7,62.5,1
88,119,1,11.4,47.5,1
88,121,1,13.8,52.0,1
88,123,1,8.79,36.6,2
88,125,53,101.55,776.45,54
88,126,8,108.41,369.0,13
88,127,4,53.97,132.0,6
88,129,10,95.18,331.47,14
88,130,11,146.18,583.5,12
88,131,1,19.9,49.5,1
88,132,81,1762.86,5627.43,125
88,137,83,367.53,1736.76,99
88,138,95,1283.54,5019.46,101
88,139,2,21.7,126.0,2
88,140,101,625.2,2783.47,111
88,141,95,585.69,2757.78,101
88,142,54,346.76,1785.64,61
88,143,54,331.81,1690.8,68
88,144,103,212.1,1597.98,135
88,145,5,40.75,183.0,6
88,146,3,25.08,116.1,3
88,148,160,356.05,2320.41,221
88,149,3,29.57,136.4,3
88,151,25,198.08,975.9,27
88,152,8,79.8,343.37,8
88,155,2,28.95,111.7,2
88,157,4,34.11,142.9,4
88,158,121,346.55,2066.18,170
88,161,184,1085.88,5439.27,279
88,162,216,1197.63,5604.35,287
88,163,77,492.88,2561.79,106
88,164,160,777.1,4148.29,240
88,165,6,39.77,239.0,6
88,166,8,75.49,364.3,9
88,167,1,11.87,49.9,1
88,168,2,9.5,71.1,2
88,170,187,934.12,4711.9,228
88,171,1,14.13,56.2,1
88,176,2,33.64,128.5,2
88,177,3,22.66,115.03,3
88,178,2,18.9,66.4,2
88,179,3,30.53,134.3,7
88,181,50,246.29,1239.96,54
88,182,2,21.0,89.0,2
88,185,1,20.4,45.5,1
88,186,152,674.63,3741.07,204
88,187,1,14.53,59.0,1
88,188,10,62.32,337.3,10
88,189,17,78.13,375.4,20
88,195,11,51.29,288.5,18
88,196,1,11.38,70.0,2
88,197,4,44.78,223.7,7
88,198,2,18.12,76.5,5
88,201,4,90.26,349.4,4
88,202,3,28.81,131.5,4
88,203,2,18.0,171.0,1
88,206,2,15.02,107.54,1
88,208,1,18.12,69.5,2
88,209,123,99.85,895.09,191
88,210,1,13.9,44.5,1
88,211,99,213.19,1457.17,147
88,212,3,24.6,126.5,3
88,213,1,11.6,42.5,1
88,214,2,25.54,101.2,2
88,215,1,0.0,49.0,1
88,216,1,17.44,67.4,1
88,217,3,11.33,63.6,5
88,218,1,17.4,70.5,1
88,219,3,39.6,209.5,3
88,223,4,48.68,189.8,4
88,224,49,184.98,929.36,56
88,225,7,40.59,214.91,6
88,226,8,61.89,283.4,6
88,227,1,6.0,25.4,1
88,228,8,43.7,200.4,8
88,229,104,578.64,2569.97,116
88,230,266,1545.43,8055.3,426
88,231,315,429.56,3372.9,408
88,232,193,415.07,2507.01,269
88,233,113,584.51,2475.16,146
88,234,126,560.61,3031.81,170
88,236,76,557.9,2683.31,67
88,237,83,555.02,2576.58,102
88,238,38,297.21,1305.59,37
88,239,57,408.79,2036.82,74
88,241,1,14.1,45.5,1
88,243,11,118.68,568.71,12
88,244,2,10.47,86.5,0
88,246,153,627.86,3398.94,244
88,249,135,350.47,2221.25,163
88,254,1,7.4,51.5,1
88,255,24,116.67,632.02,31
88,256,14,66.88,304.8,16
88,257,7,39.96,187.6,11
88,258,3,35.0,126.5,3
88,260,8,78.16,336.2,9
88,261,160,135.44,1393.34,221
88,262,75,547.59,2495.83,88
88,263,99,746.08,3110.91,93
89,4,2,17.3,67.0,2
89,7,1,10.9,45.5,1
89,10,1,10.6,37.5,1
89,11,2,13.4,46.0,2
89,14,4,23.32,122.48,2
89,17,7,22.24,173.5,3
89,21,5,12.23,115.19,2
89,25,7,27.42,157.6,7
89,26,4,9.25,70.34,3
89,28,1,12.1,38.5,1
89,29,2,9.0,48.0,2
89,33,4,19.2,100.0,4
89,34,1,3.8,22.5,1
89,35,7,23.7,150.5,7
89,36,1,6.1,27.5,1
89,37,4,25.15,161.04,1
89,38,4,63.5,231.0,4
89,39,10,24.9,232.4,5
89,40,1,2.8,21.5,1
89,41,3,44.8,148.5,3
89,42,3,31.7,145.5,3
89,43,1,0.0,40.5,1
89,45,2,6.4,70.0,2
89,48,6,56.9,200.0,6
89,49,20,57.41,408.74,19
89,50,1,12.4,36.5,1
89,52,2,3.6,50.01,1
89,53,2,14.2,102.5,2
89,55,6,31.3,159.5,6
89,61,11,27.49,197.58,7
89,62,8,19.78,152.35,5
89,63,2,12.1,55.0,2
89,65,2,8.9,46.0,2
89,66,1,3.9,24.5,1
89,67,2,9.82,45.13,1
89,68,2,16.72,77.91,0
89,71,10,14.67,294.62,8
89,72,13,28.85,248.4,10
89,74,3,45.1,147.5,3
89,75,9,111.8,411.5,9
89,76,9,43.08,264.29,5
89,77,2,4.29,50.8,2
89,78,1,20.5,57.5,1
89,79,4,14.6,178.6,2
89,85,9,5.6,124.5,9
89,86,4,70.4,195.0,4
89,87,1,7.7,29.5,1
89,88,1,4.16,26.1,0
89,89,57,44.98,1479.83,53
89,91,19,42.73,365.4,18
89,97,11,37.6,252.15,8
89,98,1,17.1,52.5,1
89,100,8,78.35,298.0,8
89,106,3,9.1,60.2,2
89,107,7,65.28,266.5,7
89,108,2,4.3,51.5,2
89,112,1,6.98,48.84,0
89,113,1,8.1,31.5,1
89,114,1,0.0,30.5,1
89,116,2,30.5,97.0,2
89,117,1,19.8,37.5,1
89,122,1,15.5,63.5,1
89,123,4,13.9,80.0,4
89,126,1,22.3,56.5,1
89,127,1,18.97,79.11,0
89,129,1,10.8,38.5,1
89,130,1,11.2,40.5,1
89,132,11,155.92,665.48,3
89,133,3,7.01,49.25,1
89,135,1,9.4,36.5,1
89,137,8,78.89,304.03,6
89,138,5,71.28,272.33,0
89,139,2,25.9,107.0,2
89,140,7,68.68,294.75,6
89,141,1,13.66,-2.12,0
89,143,1,0.0,65.0,0
89,145,1,10.3,42.5,1
89,148,1,7.0,29.9,0
89,149,3,7.3,63.5,3
89,151,1,12.7,48.5,1
89,153,1,0.0,71.2,0
89,154,2,8.68,0.0,2
89,155,3,8.04,53.8,3
89,159,1,19.2,50.5,1
89,161,3,25.8,120.0,3
89,162,5,57.4,196.5,5
89,163,1,10.49,58.84,0
89,164,1,0.0,60.48,0
89,165,14,17.01,279.25,17
89,166,3,41.3,127.5,3
89,168,1,17.5,49.5,1
89,170,10,93.7,378.0,10
89,174,3,58.4,190.5,3
89,175,3,46.5,139.5,3
89,177,2,4.95,54.91,1
89,178,5,6.97,133.21,4
89,181,19,42.75,329.31,14
89,185,2,39.2,121.0,2
89,186,2,18.2,70.0,2
89,188,20,46.33,322.61,16
89,189,3,8.1,60.5,3
89,191,3,51.9,155.5,3
89,192,3,22.2,138.5,3
89,193,4,35.8,130.0,4
89,195,3,12.85,80.51,1
89,197,1,11.4,34.5,1
89,201,4,34.6,136.1,3
89,205,5,55.7,257.0,5
89,210,4,16.3,79.0,4
89,216,2,25.1,85.0,2
89,218,1,13.45,70.03,0
89,220,1,20.2,61.5,1
89,222,2,12.85,67.55,1
89,223,1,16.7,38.5,1
89,224,2,16.69,80.69,1
89,225,6,19.64,158.15,1
89,227,1,5.1,25.5,1
89,228,6,18.29,121.51,4
89,229,2,21.93,95.69,1
89,230,1,10.6,39.5,1
89,231,9,56.21,241.38,8
89,232,2,17.2,67.0,2
89,233,2,19.1,76.0,2
89,234,6,53.8,217.82,5
89,236,3,34.1,128.5,3
89,237,5,44.9,202.0,5
89,238,2,24.2,87.0,2
89,239,5,58.3,218.7,4
89,240,1,21.5,65.5,1
89,241,1,20.9,60.5,1
89,242,2,3.6,127.5,2
89,244,2,16.2,113.5,2
89,246,4,36.06,161.46,3
89,247,1,15.4,51.5,1
89,249,1,6.6,31.5,1
89,255,2,13.78,59.43,1
89,257,2,3.43,36.7,3
89,258,1,7.7,29.5,1
89,260,3,26.8,106.5,3
89,261,4,24.38,125.59,3
90,1,116,1839.93,9034.45,171
90,3,1,29.55,110.8,1
90,4,220,454.34,3132.49,257
90,6,1,13.95,54.8,1
90,7,74,455.26,2231.04,89
90,12,23,82.15,451.2,42
90,13,452,1282.94,7669.49,532
90,14,12,116.68,516.67,10
90,16,2,14.96,100.4,2
90,17,34,213.52,1068.7,40
90,18,2,25.56,107.5,2
90,20,1,13.7,42.5,1
90,21,2,29.3,119.4,1
90,22,3,24.19,123.8,3
90,24,97,512.03,2770.19,107
90,25,60,297.26,1645.32,84
90,26,2,20.15,94.9,2
90,27,1,24.8,94.0,1
90,28,3,37.42,151.2,4
90,29,1,15.2,42.5,1
90,32,1,14.0,54.8,1
90,33,95,454.1,2361.24,108
90,34,2,10.04,60.6,2
90,35,7,78.48,414.56,6
90,36,25,191.88,957.0,26
90,37,35,233.66,1267.03,46
90,39,9,109.92,425.6,9
90,40,24,146.11,744.0,25
90,41,129,795.38,4006.94,146
90,42,88,607.52,2969.47,93
90,43,219,694.88,4591.13,304
90,45,99,238.11,1653.56,100
90,46,2,39.49,153.7,2
90,47,1,12.06,59.7,1
90,48,1637,2646.21,20666.87,2080
90,49,38,215.44,1220.51,44
90,50,629,1242.86,8554.91,764
90,51,1,14.0,46.5,1
90,52,20,109.28,580.8,24
90,54,8,49.5,242.41,9
90,55,1,15.76,65.3,1
90,56,3,28.71,123.1,4
90,57,1,11.05,44.3,1
90,61,39,276.99,1473.36,43
90,62,10,57.93,333.83,13
90,65,36,154.66,881.13,40
90,66,47,207.35,1100.3,58
90,67,10,108.38,448.13,10
90,68,2835,2229.49,21191.93,3604
90,69,1,10.3,42.98,0
90,70,3,35.49,153.2,4
90,72,6,62.62,299.2,8
90,73,1,12.0,57.6,1
90,74,79,445.42,2268.34,83
90,75,168,835.47,4484.7,189
90,77,1,10.2,59.7,1
90,79,1456,2256.84,17487.77,1793
90,80,41,223.16,1194.02,47
90,82,6,40.02,219.5,8
90,83,1,7.05,38.0,1
90,85,1,10.38,47.1,1
90,87,300,993.01,5879.31,358
90,88,125,471.24,2624.19,162
90,89,12,106.79,415.0,14
90,90,1512,779.38,15102.36,1958
90,92,3,28.81,139.5,3
90,95,12,117.01,519.0,25
90,96,2,19.2,69.0,2
90,97,44,215.59,1236.74,72
90,98,1,13.4,64.6,1
90,100,995,997.61,9286.31,1294
90,101,1,19.25,89.1,1
90,106,6,33.88,124.0,10
90,107,1693,1660.98,15105.0,2071
90,112,47,247.03,1388.36,53
90,113,1262,1251.22,10971.42,1507
90,114,854,1088.26,8795.97,1088
90,116,69,514.77,2511.64,83
90,118,1,19.95,75.1,1
90,119,3,29.1,129.4,4
90,121,7,92.54,412.3,8
90,125,540,717.52,5115.52,655
90,126,5,49.89,132.9,6
90,127,24,256.55,1078.34,23
90,128,5,55.66,228.5,7
90,129,16,131.02,637.4,18
90,130,1,13.37,59.0,1
90,132,399,6877.64,27341.28,574
90,133,7,59.99,261.1,10
90,134,5,43.39,217.2,6
90,136,5,58.3,122.4,9
90,137,791,1047.55,8852.87,927
90,138,296,3159.59,13499.57,365
90,140,314,1111.47,6879.87,381
90,141,440,1479.5,9144.79,545
90,142,809,2189.69,14730.58,1002
90,143,544,1647.42,10113.16,689
90,144,544,1021.23,7586.36,702
90,145,54,229.41,1258.26,84
90,146,18,81.04,422.5,20
90,147,1,10.04,40.8,1
90,148,529,1157.7,8438.54,696
90,151,277,1375.73,7151.53,369
90,152,33,213.35,1090.75,38
90,153,1,11.0,44.62,0
90,157,5,30.71,275.6,7
90,158,1193,1221.17,10083.21,1518
90,159,10,75.96,276.7,11
90,160,5,37.99,174.6,5
90,161,1296,2153.42,16815.33,1631
90,162,679,1352.56,10021.99,834
90,163,787,1570.22,12001.96,996
90,164,1404,1328.0,12014.72,1817
90,166,123,726.78,3741.53,146
90,168,4,32.38,153.4,4
90,169,1,10.94,45.0,1
90,170,1738,2490.77,20168.23,2139
90,171,1,13.95,59.7,1
90,173,1,0.0,24.7,1
90,175,1,14.0,54.8,1
90,177,3,19.65,111.7,4
90,179,34,216.31,1046.3,45
90,181,98,632.83,3235.67,116
90,182,2,24.2,89.4,2
90,183,1,14.82,58.3,2
90,184,1,29.55,-110.8,1
90,185,1,4.6,43.5,1
90,186,1878,1270.21,12642.49,2393
90,188,16,124.78,640.98,13
90,189,31,172.46,949.8,52
90,190,5,31.04,163.4,5
90,193,5,16.34,127.1,5
90,194,1,4.57,29.6,1
90,195,7,37.12,210.1,8
90,196,3,27.33,120.3,4
90,197,1,11.15,46.4,1
90,198,19,151.96,641.08,20
90,200,5,64.33,255.1,5
90,202,17,93.43,507.4,20
90,205,1,16.58,73.7,1
90,209,69,207.02,1279.45,96
90,211,629,978.06,7375.23,778
90,213,2,23.47,89.2,2
90,216,1,16.51,64.6,1
90,217,11,49.99,325.6,15
90,219,1,17.41,84.2,1
90,220,3,36.01,150.4,2
90,222,1,22.02,86.02,0
90,223,22,174.3,820.26,23
90,224,311,429.79,3406.71,382
90,225,16,100.63,502.55,16
90,226,49,277.76,1323.6,61
90,227,4,34.17,143.93,2
90,228,13,114.54,510.8,17
90,229,511,1323.01,8836.54,639
90,230,1391,2080.24,17730.91,1897
90,231,1163,2367.83,15516.58,1448
90,232,195,572.24,3541.48,240
90,233,442,863.37,6264.53,543
90,234,1905,1268.53,13490.33,2335
90,235,2,23.85,101.2,2
90,236,609,2379.83,14280.68,773
90,237,659,1934.76,13049.5,811
90,238,539,2344.09,13172.86,682
90,239,710,2583.41,15286.16,909
90,241,4,56.33,235.4,4
90,242,2,28.88,115.9,2
90,243,53,489.33,2132.24,55
90,244,98,825.45,3519.92,110
90,246,2403,2589.76,21177.6,2958
90,247,4,36.54,145.1,4
90,248,1,13.42,52.7,2
90,249,2670,2146.95,18811.41,3439
90,250,1,13.5,40.5,1
90,254,2,30.92,128.5,3
90,255,59,327.16,1834.23,73
90,256,75,338.38,2038.0,98
90,257,11,89.86,393.5,15
90,258,1,10.36,42.9,1
90,259,2,31.83,116.3,2
90,260,6,37.11,178.3,6
90,261,203,613.56,3777.87,263
90,262,243,1075.89,6168.02,276
90,263,339,1431.93,8099.59,426
91,4,1,0.0,45.56,0
91,9,1,0.0,43.5,1
91,10,2,14.3,76.0,2
91,13,5,40.8,164.0,5
91,14,3,34.57,112.79,2
91,17,2,5.43,64.2,1
91,21,4,36.64,129.48,3
91,22,3,18.61,71.02,1
91,25,15,81.3,410.5,15
91,26,9,28.6,192.39,8
91,28,1,0.8,44.5,1
91,29,3,18.22,77.69,2
91,32,1,16.8,64.5,1
91,33,3,24.1,82.5,3
91,35,8,14.82,167.26,5
91,37,4,21.82,121.65,2
91,38,1,17.12,51.08,0
91,39,13,26.2,217.93,11
91,41,3,36.7,208.5,2
91,42,2,35.2,107.0,2
91,43,1,0.0,70.0,1
91,45,1,7.6,32.5,1
91,48,1,11.1,44.5,1
91,49,7,35.2,172.5,7
91,51,2,23.5,115.0,2
91,52,1,7.1,28.5,1
91,55,1,9.45,40.1,3
91,56,1,12.2,41.5,1
91,61,8,36.41,201.06,7
91,65,6,28.6,192.2,5
91,67,1,4.2,41.5,1
91,68,6,50.0,226.0,6
91,71,6,9.9,114.11,5
91,72,1,3.18,21.4,0
91,74,1,17.1,42.5,1
91,75,8,118.7,400.0,8
91,76,8,38.21,204.43,6
91,78,1,15.1,59.5,1
91,79,8,93.0,301.0,8
91,80,4,23.2,111.0,4
91,85,6,13.6,114.0,6
91,86,2,30.8,77.0,2
91,87,4,38.52,148.74,3
91,89,35,71.41,609.97,28
91,90,1,19.6,45.5,1
91,91,45,14.13,703.64,42
91,92,1,13.95,53.87,0
91,93,1,16.4,45.5,1
91,95,2,21.2,85.0,2
91,96,1,5.2,54.5,1
91,97,3,21.9,79.5,3
91,100,2,23.5,79.0,2
91,106,19,107.75,537.9,20
91,107,4,31.61,145.6,5
91,108,4,30.18,105.89,2
91,116,1,2.5,56.5,1
91,117,1,10.0,35.5,1
91,121,1,11.1,38.5,1
91,123,8,17.6,156.0,8
91,125,1,0.0,44.83,0
91,130,6,43.7,257.82,5
91,132,1,0.2,3.0,1
91,133,2,5.07,51.16,1
91,137,10,124.0,440.0,10
91,139,4,35.2,157.0,4
91,140,9,60.4,412.22,8
91,141,2,18.41,112.5,3
91,143,1,13.7,41.5,1
91,145,2,18.5,87.3,1
91,146,1,14.58,64.87,0
91,149,5,11.3,101.5,5
91,150,1,4.2,23.5,1
91,154,3,4.05,57.86,2
91,155,7,9.7,110.88,5
91,160,1,7.3,30.5,1
91,161,3,35.0,131.5,3
91,162,4,53.7,169.0,4
91,163,1,11.7,41.5,1
91,165,4,4.44,66.8,4
91,166,1,15.7,47.5,1
91,168,2,17.9,108.02,1
91,169,4,83.6,240.0,4
91,170,3,25.4,126.5,3
91,177,2,8.6,46.0,2
91,178,2,4.3,37.0,2
91,180,2,13.6,57.0,2
91,181,8,40.7,217.46,6
91,185,1,19.8,58.5,1
91,186,3,23.8,111.5,3
91,188,19,42.98,369.6,15
91,191,2,31.4,99.0,2
91,192,1,10.7,39.5,1
91,205,1,16.02,45.19,0
91,210,1,1.8,17.5,1
91,215,1,14.09,52.18,0
91,216,1,8.34,34.5,1
91,219,2,10.9,78.5,2
91,220,1,19.5,60.5,1
91,222,1,4.5,21.5,1
91,225,6,28.1,149.0,6
91,227,4,26.0,102.0,4
91,228,12,78.7,368.0,12
91,229,1,13.9,45.5,1
91,230,1,13.0,45.5,1
91,231,1,7.9,33.5,1
91,232,1,9.1,35.5,1
91,233,2,16.1,105.0,2
91,234,1,13.4,60.5,1
91,235,1,24.7,60.5,1
91,237,1,2.9,45.5,1
91,243,1,22.0,59.5,1
91,249,1,17.1,35.5,1
91,257,2,4.3,39.0,2
91,258,1,1.5,36.5,1
91,263,1,18.5,49.5,1
92,9,2,6.12,37.72,1
92,10,1,7.5,30.5,1
92,13,1,13.3,45.5,1
92,14,1,14.9,51.5,1
92,16,1,2.04,16.94,0
92,17,1,11.43,38.47,0
92,18,5,58.24,271.75,1
92,19,1,8.75,38.0,2
92,22,1,0.0,57.56,0
92,28,1,5.0,25.5,1
92,32,1,8.9,32.5,1
92,33,2,22.3,82.0,2
92,35,2,19.5,73.0,2
92,36,3,22.3,89.5,3
92,41,1,0.0,38.18,0
92,42,1,12.28,36.54,0
92,48,1,0.0,46.05,0
92,49,1,11.8,39.5,1
92,53,2,5.72,38.13,1
92,56,2,4.6,38.0,2
92,61,3,32.4,110.5,3
92,62,2,19.9,78.0,2
92,64,1,6.6,31.5,1
92,70,1,2.0,18.5,1
92,73,1,1.68,11.56,0
92,74,1,8.8,31.5,1
92,75,6,69.79,220.38,5
92,76,3,20.5,95.5,3
92,78,1,11.32,41.5,1
92,82,2,6.93,39.2,2
92,83,1,5.39,26.1,6
92,87,3,24.48,157.15,2
92,92,28,8.82,804.77,34
92,95,3,9.2,67.5,3
92,97,1,9.5,45.5,1
92,112,1,9.28,32.09,0
92,113,1,20.8,39.5,1
92,117,1,14.9,48.5,1
92,121,3,4.62,54.48,1
92,129,6,23.6,126.01,8
92,130,6,32.95,168.15,6
92,131,3,15.6,81.5,3
92,132,7,71.45,289.52,10
92,134,5,14.43,111.39,4
92,135,1,5.28,27.5,1
92,137,5,55.2,184.5,5
92,138,6,19.1,97.08,5
92,140,4,9.3,161.0,4
92,141,1,7.4,34.5,1
92,142,1,9.7,43.5,1
92,144,1,10.32,47.05,0
92,145,4,25.99,123.52,0
92,146,1,5.7,29.5,1
92,151,1,10.1,40.5,1
92,159,1,9.75,47.52,0
92,160,1,3.5,21.2,1
92,163,20,179.0,837.6,21
92,164,2,26.44,89.9,3
92,166,2,23.89,106.11,1
92,168,1,9.05,26.81,0
92,169,1,11.5,37.5,1
92,171,11,17.91,173.16,9
92,173,3,13.18,45.35,2
92,181,2,22.7,86.0,2
92,182,1,5.93,24.7,1
92,191,2,15.8,59.0,2
92,192,3,3.4,50.27,2
92,193,2,14.89,57.02,1
92,195,1,12.0,41.5,1
92,200,2,14.6,118.5,2
92,201,1,14.1,43.5,1
92,203,1,14.38,37.35,0
92,205,2,16.6,68.0,2
92,208,1,5.36,70.0,1
92,213,1,4.76,21.2,1
92,216,2,7.4,62.59,1
92,218,1,9.9,36.5,1
92,219,1,10.42,30.2,0
92,223,1,6.15,28.2,1
92,226,3,17.61,93.52,0
92,228,2,28.9,95.0,2
92,230,2,20.58,79.86,1
92,231,5,75.2,217.5,5
92,233,1,10.5,36.5,1
92,234,1,9.9,35.5,1
92,238,3,32.4,156.0,3
92,244,1,11.8,41.5,1
92,246,1,12.2,40.5,1
92,248,1,6.02,24.7,1
92,249,1,11.6,39.5,1
92,252,6,17.21,110.96,5
92,254,2,21.5,83.0,2
92,256,1,9.8,43.6,1
92,259,1,0.0,36.0,1
92,260,1,6.39,22.96,0
92,262,1,9.5,37.5,1
92,263,1,10.51,38.41,0
93,1,2,52.08,262.75,3
93,3,1,9.9,37.3,1
93,4,1,11.44,70.0,2
93,7,3,15.42,70.6,3
93,8,3,16.98,67.1,4
93,10,2,10.6,45.9,2
93,13,1,13.98,70.0,1
93,19,1,6.9,27.5,1
93,24,3,36.11,222.69,3
93,25,2,20.31,84.4,2
93,28,1,0.06,45.0,2
93,29,1,17.25,68.93,0
93,33,1,10.6,40.1,1
93,35,1,5.2,26.5,1
93,41,4,41.79,280.0,5
93,42,4,40.96,235.69,7
93,48,9,92.42,515.0,19
93,53,1,2.65,21.42,0
93,56,2,1.18,0.0,2
93,65,3,35.48,113.76,1
93,68,9,91.92,539.69,16
93,72,1,7.1,31.5,1
93,73,2,8.53,38.2,2
93,74,7,62.64,339.05,9
93,75,6,60.49,394.7,13
93,76,1,15.2,35.5,1
93,79,5,49.59,363.0,11
93,80,2,16.51,84.8,2
93,81,2,0.0,0.0,4
93,82,1,3.62,15.6,1
93,83,1,4.7,28.5,1
93,87,4,51.68,266.9,4
93,90,3,29.83,210.0,4
93,93,31,23.73,1235.29,36
93,95,2,3.87,32.6,2
93,97,1,18.9,80.0,5
93,100,3,27.14,210.0,6
93,107,7,69.22,490.0,10
93,112,3,22.12,93.1,7
93,113,2,23.42,153.94,3
93,114,1,9.63,70.0,1
93,125,1,0.02,82.55,1
93,128,1,16.22,70.0,1
93,129,4,15.56,76.0,4
93,132,51,382.83,3029.01,77
93,134,5,11.14,183.3,11
93,137,3,28.57,161.9,5
93,138,15,54.59,434.1,19
93,140,3,48.81,210.0,3
93,141,4,45.06,280.0,5
93,142,4,40.28,280.0,5
93,143,5,61.46,366.0,5
93,144,2,20.69,140.0,2
93,145,23,158.34,394.1,28
93,146,1,7.38,28.9,1
93,148,4,41.6,280.0,4
93,151,2,21.7,123.69,2
93,152,1,8.74,70.0,1
93,158,1,10.62,70.0,2
93,160,1,2.65,14.9,2
93,161,1,11.26,70.0,5
93,162,7,63.21,350.0,8
93,163,9,96.93,626.42,13
93,164,13,129.65,770.0,22
93,166,2,22.18,140.0,3
93,169,1,10.07,-38.0,1
93,170,9,75.0,579.1,11
93,175,1,0.0,20.8,0
93,179,2,8.97,40.3,2
93,181,1,10.91,45.7,1
93,185,1,8.56,34.5,5
93,186,5,43.76,428.0,5
93,188,1,8.0,40.5,1
93,189,2,27.44,93.5,2
93,192,1,0.09,70.0,1
93,193,2,13.61,114.2,3
93,194,2,16.23,-9.8,2
93,196,1,3.97,37.7,1
93,197,2,5.88,30.5,2
93,203,1,9.86,39.4,1
93,209,3,37.14,210.0,3
93,211,3,33.45,183.59,2
93,213,1,11.37,44.3,1
93,216,6,30.56,209.9,9
93,218,1,15.4,56.9,3
93,223,12,67.84,137.0,13
93,224,2,21.99,140.0,2
93,226,10,57.67,89.0,14
93,227,1,14.9,50.5,1
93,229,10,95.82,560.0,12
93,230,22,219.33,1595.1,37
93,231,2,27.35,140.0,2
93,232,2,29.22,138.1,4
93,233,6,51.76,420.0,11
93,234,6,67.43,437.0,7
93,235,1,10.07,38.0,1
93,236,8,90.94,584.94,10
93,237,3,22.37,195.18,3
93,238,9,107.28,630.0,11
93,239,7,86.41,386.8,10
93,243,1,14.36,70.0,2
93,244,1,13.21,70.0,1
93,246,5,58.01,355.1,6
93,249,1,12.29,70.0,1
93,250,1,7.87,30.3,3
93,252,4,20.61,86.9,7
93,255,1,9.02,36.6,2
93,256,5,43.37,226.7,8
93,260,3,20.32,83.6,3
93,261,1,11.75,70.0,1
93,262,11,122.83,770.0,19
93,263,11,113.19,782.94,14
94,7,1,9.2,34.5,1
94,24,1,7.4,30.5,1
94,32,1,1.8,18.5,1
94,37,1,16.6,51.5,1
94,41,2,10.7,50.0,2
94,47,2,1.4,32.0,2
94,48,1,10.4,32.5,1
94,50,1,7.9,33.5,1
94,51,1,6.3,23.5,1
94,61,1,18.7,49.5,1
94,68,2,12.6,73.0,2
94,69,2,4.6,38.0,2
94,73,1,11.46,45.21,0
94,74,2,10.7,53.0,2
94,75,3,13.0,81.94,2
94,76,1,18.07,57.06,0
94,81,2,8.0,45.0,2
94,82,1,11.0,39.5,1
94,85,1,16.5,58.5,1
94,87,1,12.6,45.5,1
94,90,1,13.6,37.5,1
94,94,4,0.0,218.0,7
94,97,1,16.24,76.89,0
94,107,1,11.4,39.5,1
94,119,2,4.4,36.0,2
94,127,3,6.54,49.66,1
94,129,1,8.9,33.5,1
94,130,1,14.8,49.5,1
94,136,1,0.88,9.83,0
94,140,2,16.2,71.15,1
94,142,1,9.3,35.5,1
94,145,8,68.4,292.0,8
94,166,2,9.69,56.76,1
94,168,1,5.35,23.04,0
94,169,3,3.0,48.5,3
94,170,4,32.5,153.0,4
94,174,5,13.01,90.6,5
94,177,1,15.2,51.5,1
94,181,1,16.9,51.5,1
94,185,1,2.69,23.76,0
94,188,1,0.0,63.5,1
94,196,1,13.5,44.5,1
94,197,1,15.8,44.5,1
94,208,1,6.1,30.5,1
94,220,1,1.4,17.5,1
94,226,1,12.4,34.5,1
94,233,1,8.4,37.5,1
94,235,1,0.0,15.78,0
94,239,1,0.0,26.36,0
94,243,2,5.85,34.1,2
94,244,1,4.1,19.1,2
94,248,2,5.5,37.0,2
94,250,1,2.9,23.5,1
94,254,3,10.0,67.5,3
94,255,1,14.8,50.55,0
95,3,2,24.2,79.0,2
95,7,5,25.01,151.17,0
95,10,6,41.46,157.34,5
95,14,1,21.2,61.5,1
95,16,2,7.29,42.8,2
95,17,1,9.87,30.04,0
95,22,2,18.3,105.0,2
95,25,1,9.73,38.81,0
95,28,10,15.98,143.63,10
95,29,3,48.43,137.7,2
95,33,1,20.1,38.5,1
95,41,1,11.65,1.6,0
95,42,1,0.0,34.5,1
95,48,1,8.38,53.72,0
95,49,1,7.7,31.5,1
95,50,4,41.74,197.52,2
95,53,3,10.12,65.37,1
95,56,9,15.58,114.41,5
95,61,3,24.63,92.36,2
95,62,1,7.9,33.5,1
95,63,2,20.6,51.0,2
95,65,2,9.2,70.0,2
95,66,1,12.27,40.72,0
95,68,2,19.13,77.9,2
95,70,2,7.2,44.0,2
95,71,2,24.15,74.79,1
95,72,2,9.5,63.0,2
95,73,1,3.3,21.5,1
95,75,4,36.6,146.0,4
95,76,3,21.78,86.4,0
95,80,2,10.9,60.0,2
95,82,11,21.79,195.6,6
95,83,2,7.32,45.3,1
95,86,1,9.5,41.5,1
95,87,2,24.44,102.92,1
95,88,8,72.9,364.0,8
95,90,1,8.6,36.5,1
95,91,1,11.4,41.22,0
95,92,8,26.12,176.29,5
95,93,3,4.5,42.0,3
95,95,94,70.9,1418.4,101
95,96,1,2.0,31.5,1
95,97,2,6.9,70.0,2
95,98,1,3.6,15.6,1
95,100,3,14.1,102.84,2
95,101,1,0.0,33.0,1
95,102,7,13.44,118.2,4
95,107,2,23.97,69.65,1
95,114,1,12.85,61.1,3
95,121,10,26.04,142.21,6
95,122,1,4.1,23.0,1
95,124,1,4.3,23.5,1
95,126,1,7.9,41.5,1
95,127,9,133.1,373.5,9
95,129,3,12.57,70.26,1
95,130,4,6.92,71.3,4
95,131,6,24.99,123.33,5
95,132,30,234.74,1692.1,45
95,133,1,11.2,37.5,1
95,134,18,21.53,324.42,16
95,135,12,24.24,177.38,12
95,137,4,31.85,84.7,3
95,138,6,26.88,147.81,4
95,140,13,118.32,516.41,10
95,141,5,43.01,166.0,6
95,142,4,42.5,161.0,4
95,145,2,15.59,57.75,1
95,146,3,24.89,107.71,0
95,155,1,0.0,42.5,1
95,160,3,4.8,35.92,2
95,161,9,75.42,318.08,8
95,162,3,24.0,107.5,3
95,163,1,9.2,32.5,1
95,164,1,7.9,31.5,1
95,165,1,27.8,54.5,1
95,167,1,8.0,39.5,1
95,170,7,55.7,226.5,7
95,171,1,8.52,35.9,1
95,173,4,15.56,75.36,1
95,175,2,12.65,48.14,1
95,177,2,10.9,54.0,2
95,180,1,4.95,27.41,0
95,184,1,10.7,48.5,1
95,186,2,15.34,75.77,1
95,188,3,25.1,99.5,3
95,191,4,25.41,106.07,3
95,192,1,13.7,20.5,1
95,196,21,20.07,214.36,20
95,197,16,31.59,283.6,16
95,198,2,10.6,47.0,2
95,200,2,33.6,134.64,1
95,202,1,11.57,47.24,0
95,203,1,12.8,41.5,1
95,205,1,6.3,26.5,1
95,210,2,29.8,86.0,2
95,211,1,9.93,53.08,0
95,215,5,19.85,118.88,4
95,216,4,20.62,91.69,3
95,218,2,11.8,60.0,2
95,222,1,6.6,30.5,1
95,223,4,20.72,97.67,1
95,225,4,19.89,131.35,2
95,226,7,36.06,174.54,5
95,227,1,12.7,44.5,1
95,229,3,20.84,115.17,0
95,230,1,9.15,70.0,1
95,231,2,23.3,87.0,2
95,232,2,24.05,82.34,1
95,233,3,27.94,91.32,2
95,234,7,51.64,281.46,1
95,236,1,0.0,39.0,1
95,237,15,125.5,514.5,15
95,239,1,19.7,45.5,1
95,241,1,14.5,46.5,1
95,242,1,9.0,33.5,1
95,243,1,14.63,-2.31,0
95,246,1,10.1,32.5,1
95,252,1,4.9,30.5,1
95,258,4,5.59,73.28,1
95,260,6,17.64,147.4,11
95,262,1,7.5,37.5,1
95,263,2,21.95,106.6,3
96,30,1,6.8,29.6,1
96,76,2,26.16,103.3,2
96,96,3,0.2,70.0,3
96,132,2,12.46,112.3,2
96,150,1,20.63,60.4,1
96,198,1,4.11,19.1,4
96,258,2,0.9,85.83,3
97,1,1,0.0,71.0,0
97,4,4,16.24,77.23,2
97,7,5,44.4,173.95,2
97,10,1,13.9,45.5,1
97,11,1,9.86,44.09,0
97,13,4,20.74,101.16,3
97,14,7,46.44,246.51,6
97,17,32,57.4,426.67,30
97,21,1,8.3,44.5,1
97,22,2,22.78,0.0,2
97,24,1,10.89,53.38,0
97,25,33,25.79,280.6,35
97,26,4,15.31,122.14,3
97,28,1,10.88,86.0,2
97,29,1,13.04,67.4,1
97,33,41,49.87,453.22,52
97,34,4,3.78,53.23,3
97,35,17,71.38,428.23,13
97,36,3,7.62,94.4,2
97,37,16,54.63,332.69,11
97,39,9,53.91,245.33,8
97,40,15,23.42,153.27,17
97,45,8,16.09,127.98,6
97,48,5,34.68,121.0,6
97,49,43,49.74,441.48,50
97,50,3,20.94,72.57,1
97,51,2,39.2,110.0,2
97,52,7,10.56,92.5,9
97,54,3,6.7,46.1,3
97,55,2,21.6,78.0,2
97,56,1,0.0,31.5,1
97,61,25,55.47,422.78,25
97,62,10,18.93,175.23,8
97,65,37,27.42,414.65,39
97,66,23,32.56,263.02,26
97,68,9,49.55,258.93,6
97,70,2,17.5,71.0,2
97,71,3,13.6,72.5,3
97,72,9,41.37,233.64,5
97,74,3,31.56,123.79,3
97,75,7,58.29,260.78,5
97,76,16,86.3,492.49,16
97,77,3,15.1,83.32,2
97,78,1,0.0,47.0,1
97,79,26,84.33,493.15,26
97,80,8,26.11,108.48,9
97,81,1,18.3,56.5,1
97,82,2,14.1,63.0,2
97,83,1,7.65,32.4,1
97,85,4,14.78,91.6,4
97,86,1,16.77,73.4,0
97,87,10,25.95,179.38,5
97,88,3,8.82,57.0,6
97,89,19,69.35,433.53,16
97,90,3,14.59,80.83,2
97,91,5,29.25,142.1,5
97,92,2,24.06,88.44,1
97,94,2,35.1,48.51,2
97,95,2,17.62,-4.1,3
97,97,69,74.03,1016.47,83
97,100,3,17.0,83.7,3
97,102,2,10.1,72.0,2
97,106,5,11.23,79.57,3
97,107,11,41.55,211.03,9
97,112,10,45.15,249.15,7
97,113,14,47.44,295.77,7
97,114,3,6.15,62.5,1
97,116,1,15.61,54.76,0
97,117,1,0.0,66.5,1
97,119,2,25.7,82.0,2
97,123,1,15.3,61.1,1
97,124,1,8.2,31.5,1
97,125,1,3.3,17.42,0
97,127,1,14.9,68.8,1
97,128,1,14.1,50.5,1
97,129,5,38.89,180.87,5
97,130,2,24.75,112.2,2
97,132,9,132.45,573.09,5
97,133,3,15.24,78.86,4
97,134,1,9.12,36.6,2
97,135,1,10.3,37.5,1
97,136,3,45.5,143.5,3
97,137,19,71.24,400.56,19
97,138,14,153.56,540.78,5
97,140,6,43.73,188.38,5
97,141,4,32.04,139.23,6
97,142,5,42.67,164.32,5
97,143,4,29.69,144.08,3
97,144,9,24.44,156.11,16
97,145,3,18.66,82.2,1
97,146,1,7.1,37.76,0
97,147,1,12.5,42.5,1
97,148,20,51.76,222.59,21
97,151,2,20.37,121.84,0
97,155,2,14.4,56.0,2
97,157,3,18.26,78.9,3
97,158,4,15.15,79.9,6
97,160,2,12.52,54.06,1
97,161,7,50.22,255.58,1
97,162,6,34.06,173.7,6
97,163,5,28.39,172.74,3
97,164,3,15.83,99.11,1
97,165,6,33.28,177.99,6
97,166,2,19.0,81.0,2
97,167,3,38.05,148.2,5
97,170,13,70.55,408.0,12
97,171,1,0.0,41.0,1
97,177,18,69.52,444.89,14
97,178,2,13.21,63.76,1
97,181,33,60.14,462.33,31
97,185,1,17.52,68.1,1
97,186,5,26.03,138.55,5
97,188,20,55.86,389.67,17
97,189,12,13.38,129.41,11
97,190,2,5.86,38.9,3
97,195,5,14.84,88.71,8
97,198,4,24.95,97.0,3
97,202,1,7.3,1.79,0
97,203,1,0.0,77.5,0
97,205,1,16.1,50.5,1
97,209,12,31.1,240.0,11
97,210,5,38.62,196.5,7
97,211,3,9.62,53.71,2
97,215,1,10.7,44.5,1
97,216,2,23.38,92.0,1
97,217,3,7.76,58.0,8
97,218,3,26.6,134.5,3
97,219,3,48.18,166.22,2
97,222,2,16.6,56.0,2
97,224,2,7.33,44.8,2
97,225,19,48.76,265.78,23
97,226,4,16.6,62.07,2
97,227,3,10.84,91.32,4
97,228,10,37.62,248.58,12
97,229,5,37.62,174.65,2
97,230,10,84.1,418.79,9
97,231,13,35.86,217.71,11
97,232,14,37.8,202.21,14
97,233,3,13.75,88.7,3
97,234,8,37.17,201.57,5
97,235,1,12.0,48.5,1
97,236,4,26.92,163.91,6
97,237,1,9.02,44.86,0
97,238,5,43.4,229.66,4
97,239,9,87.54,421.85,13
97,241,3,58.33,177.06,1
97,243,2,31.3,103.13,1
97,244,2,25.33,102.8,2
97,246,10,53.32,310.82,5
97,249,4,12.51,83.67,5
97,250,1,16.8,50.5,1
97,254,2,20.7,57.89,1
97,255,15,54.42,283.61,14
97,256,19,61.69,351.03,25
97,257,4,13.81,76.4,5
97,261,3,8.44,50.08,2
97,262,3,8.04,110.51,1
97,263,3,24.49,108.3,3
98,7,1,7.5,49.5,1
98,9,5,4.59,48.8,5
98,13,5,60.0,247.5,5
98,15,1,3.6,21.5,1
98,39,1,12.1,41.5,1
98,45,1,15.3,62.5,1
98,56,2,8.3,0.0,2
98,61,1,11.42,42.17,0
98,72,1,13.2,38.5,1
98,75,1,11.3,39.5,1
98,76,1,10.0,34.5,1
98,77,2,18.0,63.0,2
98,80,5,43.0,189.0,5
98,86,1,12.1,41.5,1
98,87,2,30.4,113.0,2
98,92,3,11.6,64.5,3
98,97,1,12.0,41.5,1
98,98,13,1.78,289.93,17
98,100,1,8.7,41.5,1
98,107,2,11.7,79.0,2
98,121,1,0.7,15.5,1
98,130,1,2.2,18.5,1
98,131,1,1.9,19.5,1
98,137,1,12.0,37.5,1
98,140,3,30.6,146.5,3
98,157,1,8.97,38.7,1
98,161,1,19.0,39.5,1
98,170,1,11.7,37.5,1
98,175,2,0.1,136.92,1
98,180,1,7.3,31.5,1
98,191,2,5.11,44.19,1
98,192,1,0.0,17.0,1
98,205,1,3.9,23.5,1
98,215,1,9.4,22.5,1
98,231,3,13.9,148.5,3
98,233,1,10.0,37.5,1
98,239,2,36.6,113.0,2
98,244,1,14.31,49.52,0
100,1,201,3554.37,16962.37,338
100,3,1,13.9,46.5,1
100,4,115,350.01,2185.1,137
100,6,1,17.9,73.7,1
100,7,97,481.9,2622.73,125
100,8,1,5.82,30.3,1
100,9,2,12.56,87.3,2
100,10,9,139.71,594.01,11
100,11,5,71.74,300.3,9
100,12,70,337.94,1825.6,126
100,13,397,1703.25,9352.41,581
100,14,23,310.85,1205.22,31
100,15,2,30.91,125.7,2
100,16,4,64.07,256.3,4
100,17,19,149.99,711.3,22
100,18,5,66.16,280.3,7
100,20,2,23.65,111.0,2
100,21,4,51.9,210.6,6
100,22,6,79.88,305.9,7
100,23,1,18.51,76.5,1
100,24,111,449.49,2509.44,115
100,25,17,117.58,643.66,24
100,26,6,67.69,325.3,8
100,27,1,27.62,115.0,1
100,28,3,24.36,112.6,8
100,29,3,49.16,24.6,3
100,31,1,14.25,62.5,2
100,32,2,27.28,99.5,2
100,33,52,353.98,1677.02,70
100,34,8,44.89,264.8,8
100,35,5,45.62,269.4,5
100,36,13,106.68,512.1,12
100,37,21,149.34,739.37,21
100,38,5,99.64,368.8,8
100,39,10,158.47,495.9,9
100,40,9,69.61,333.6,9
100,41,201,975.33,5290.57,253
100,42,159,978.61,4866.41,170
100,43,570,1196.11,8752.92,845
100,45,96,369.35,2300.43,136
100,46,1,19.12,73.0,1
100,47,6,65.26,273.5,8
100,48,1673,1499.34,16432.86,2296
100,49,26,187.45,943.2,38
100,50,895,1119.9,9802.91,1128
100,51,3,39.0,159.9,8
100,52,7,47.03,224.0,7
100,53,4,51.04,210.8,4
100,54,4,42.22,189.1,5
100,56,5,25.14,170.4,5
100,57,2,20.59,85.8,2
100,58,2,29.42,116.6,2
100,60,7,82.9,333.2,10
100,61,31,269.12,1316.3,42
100,62,13,129.64,554.6,15
100,63,4,41.3,147.4,4
100,64,2,33.37,129.9,2
100,65,33,204.41,932.79,42
100,66,36,234.1,1149.23,56
100,67,7,94.35,292.9,8
100,68,1538,1516.99,14458.37,2063
100,69,11,99.06,444.5,12
100,70,27,247.85,971.0,33
100,72,2,19.81,99.8,1
100,73,1,12.98,54.8,1
100,74,140,713.87,3594.63,152
100,75,278,1101.03,6118.57,334
100,76,5,69.61,203.6,6
100,77,1,13.8,48.5,1
100,78,10,102.17,280.4,11
100,79,612,1529.7,10171.77,773
100,80,19,120.2,595.9,27
100,81,2,33.25,115.7,2
100,82,21,166.15,734.2,30
100,83,15,99.81,472.7,22
100,85,4,49.34,198.3,5
100,86,2,32.5,118.0,2
100,87,239,1140.47,6137.61,317
100,88,197,1030.43,5349.72,299
100,89,17,187.78,798.4,18
100,90,1112,1116.85,9256.13,1376
100,91,3,39.75,174.7,5
100,92,14,174.02,689.8,19
100,93,3,37.94,162.1,5
100,94,2,22.35,91.4,2
100,95,33,306.22,1254.6,44
100,96,1,2.77,16.3,1
100,97,20,132.95,687.2,27
100,100,1046,468.11,15014.15,1402
100,101,1,26.14,32.53,0
100,102,2,21.71,92.8,3
100,106,1,9.18,40.8,2
100,107,739,1192.02,8839.99,912
100,108,1,16.2,38.5,1
100,111,1,8.96,42.2,1
100,112,53,237.77,1317.5,64
100,113,413,788.31,5506.3,528
100,114,329,725.2,5014.49,439
100,116,66,452.55,2063.84,86
100,117,1,11.5,51.5,1
100,119,3,26.76,132.2,4
100,120,1,7.42,33.8,1
100,121,4,58.27,62.7,7
100,123,3,42.11,185.4,3
100,124,2,33.66,-3.5,2
100,125,227,537.42,3307.49,290
100,126,4,36.9,155.6,4
100,127,19,182.33,717.12,16
100,129,27,189.47,1009.5,35
100,130,5,65.91,295.7,8
100,131,5,71.76,158.29,6
100,132,610,10307.79,41579.54,1027
100,133,7,61.29,260.4,13
100,134,16,166.18,781.34,17
100,135,6,75.54,304.3,6
100,137,829,1208.91,9755.22,1031
100,138,645,6746.1,29787.42,859
100,139,1,0.0,54.5,1
100,140,611,1659.9,11639.23,726
100,141,717,1731.42,12170.24,879
100,142,1295,2170.86,16933.74,1709
100,143,800,1614.03,11971.85,1003
100,144,354,1002.01,6561.88,539
100,145,90,328.79,1827.9,126
100,146,15,55.81,345.0,15
100,147,2,16.6,79.5,3
100,148,284,967.52,5921.86,386
100,149,1,13.1,66.7,0
100,151,322,1228.99,7096.93,385
100,152,77,442.43,2138.27,85
100,155,2,42.3,197.1,3
100,157,8,54.97,173.4,16
100,158,406,773.32,5319.31,520
100,159,14,110.24,377.77,16
100,160,13,93.72,438.0,14
100,161,3342,3181.34,31339.02,4363
100,162,1612,1964.01,17566.92,2072
100,163,2174,2557.15,23262.46,2949
100,164,1236,1036.76,11188.07,1685
100,165,9,107.95,509.4,11
100,166,238,1184.34,6200.56,289
100,167,4,35.83,161.8,4
100,168,16,117.84,596.4,18
100,169,4,38.0,169.5,5
100,170,2110,1851.95,18798.43,2717
100,171,10,123.53,576.7,10
100,173,3,32.31,149.0,7
100,174,5,46.86,251.9,5
100,177,3,27.69,138.2,4
100,178,4,48.13,227.6,4
100,179,33,182.34,910.6,41
100,180,1,17.55,68.1,1
100,181,46,377.86,1770.7,70
100,182,2,22.94,99.1,5
100,183,7,104.78,465.1,7
100,185,3,45.52,187.5,4
100,186,1244,805.77,9506.7,1743
100,188,16,170.09,740.8,24
100,189,18,145.44,710.46,25
100,190,6,50.17,254.6,8
100,191,1,16.47,67.4,2
100,192,4,42.41,177.9,5
100,193,17,69.35,378.0,18
100,194,1,6.88,31.7,1
100,195,16,126.43,646.6,31
100,196,10,78.81,388.79,14
100,197,6,75.44,335.7,6
100,198,11,82.17,422.25,10
100,200,21,249.4,1031.5,25
100,202,19,104.77,534.0,24
100,205,2,32.71,138.3,2
100,206,2,42.48,172.6,2
100,209,81,369.25,1977.28,127
100,210,3,59.85,242.8,3
100,211,312,812.47,5249.61,464
100,212,2,25.98,115.2,3
100,213,6,58.15,191.3,7
100,215,2,28.99,110.5,4
100,216,7,116.36,493.3,9
100,217,10,72.42,438.1,9
100,219,4,51.12,209.0,6
100,220,10,98.94,443.4,17
100,221,1,18.49,71.6,1
100,223,59,407.92,1950.38,75
100,224,109,238.97,1628.47,132
100,225,22,183.74,904.8,27
100,226,73,360.47,1898.72,92
100,227,1,12.56,56.9,1
100,228,8,68.97,353.62,10
100,229,869,1498.3,11648.82,1115
100,230,3234,2629.49,29024.63,4581
100,231,574,1869.15,11206.85,790
100,232,217,889.4,4926.98,259
100,233,946,1142.55,10363.94,1199
100,234,1485,1833.94,14786.89,1897
100,235,6,57.47,251.22,5
100,236,792,2393.89,15394.65,972
100,237,1102,2188.1,16422.38,1384
100,238,779,2568.5,15348.16,983
100,239,1050,2692.56,18349.49,1385
100,240,4,53.07,124.3,4
100,241,2,28.82,111.9,2
100,243,78,708.22,3074.12,86
100,244,113,881.41,3751.37,131
100,245,1,17.95,110.0,1
100,246,2082,2129.25,19621.83,2709
100,247,4,31.62,156.1,3
100,248,3,26.55,117.5,4
100,249,868,1455.71,10091.77,1159
100,250,6,76.9,342.8,12
100,251,2,24.67,126.4,2
100,252,2,23.77,89.1,2
100,254,9,136.83,497.3,9
100,255,63,380.44,1938.6,78
100,256,53,315.64,1663.35,70
100,257,11,110.28,495.0,16
100,258,3,32.15,145.5,3
100,259,3,16.23,145.9,3
100,260,19,110.05,646.28,20
100,261,254,1134.35,6513.14,370
100,262,327,1163.0,7006.22,413
100,263,424,1411.96,8655.37,521
101,7,1,0.0,43.14,0
101,10,1,5.6,31.5,1
101,16,3,6.6,71.91,2
101,19,2,0.37,48.28,1
101,20,1,12.3,43.5,1
101,38,2,7.78,49.9,6
101,39,1,0.0,52.5,1
101,63,1,13.8,40.5,1
101,69,1,16.4,57.5,1
101,73,1,7.93,26.41,0
101,76,1,6.5,42.5,1
101,79,1,20.0,48.5,1
101,86,1,0.0,44.06,0
101,95,4,26.78,141.35,2
101,101,6,12.83,80.0,6
101,130,2,13.2,57.0,2
101,131,1,0.0,28.0,1
101,132,1,16.6,64.6,2
101,135,1,8.55,27.58,0
101,139,1,6.7,28.5,1
101,148,1,19.5,52.5,1
101,162,2,15.3,97.0,2
101,171,1,7.35,28.41,0
101,179,1,14.5,49.5,1
101,197,1,0.0,36.62,0
101,198,1,11.1,38.5,1
101,203,1,7.36,33.75,0
101,205,2,14.4,59.0,2
101,211,1,0.0,51.64,0
101,215,1,0.0,27.5,1
101,216,1,10.71,35.84,0
101,218,1,11.32,50.08,0
101,219,1,8.48,30.62,0
101,236,1,0.0,55.5,2
101,238,2,20.8,107.0,2
101,243,1,15.0,59.5,1
101,249,1,17.6,53.5,1
101,258,1,11.27,53.1,0
102,10,4,19.8,118.0,4
102,19,1,8.47,28.61,0
102,21,1,18.2,49.5,1
102,25,1,5.8,28.5,1
102,28,1,5.08,21.2,1
102,29,1,8.9,42.5,1
102,36,2,4.38,44.8,3
102,43,1,10.4,36.5,1
102,56,2,6.7,48.0,2
102,68,3,26.5,106.5,3
102,76,1,3.0,19.5,1
102,79,1,10.77,46.17,0
102,82,2,4.9,41.0,2
102,91,1,7.62,45.37,0
102,95,5,7.5,100.48,4
102,96,2,0.15,89.4,2
102,97,2,6.01,78.5,0
102,100,1,8.18,35.66,0
102,102,6,2.87,60.7,6
102,130,2,9.85,44.27,1
102,133,1,7.41,43.83,0
102,137,2,0.8,48.5,2
102,141,1,8.0,31.5,1
102,143,1,14.1,38.5,1
102,146,1,6.52,39.37,0
102,148,1,11.7,30.5,1
102,150,1,12.8,43.5,1
102,157,1,2.28,21.2,2
102,160,1,1.25,14.23,0
102,162,1,7.4,34.5,1
102,165,1,15.31,48.14,0
102,166,1,17.54,70.9,2
102,167,1,0.0,45.5,1
102,180,1,0.0,17.53,0
102,186,1,8.7,34.5,1
102,192,2,12.0,54.0,2
102,197,2,5.74,18.58,0
102,198,4,8.26,52.88,3
102,216,1,0.0,24.0,1
102,223,1,6.43,31.36,0
102,225,3,15.7,79.5,3
102,230,1,0.0,47.18,0
102,252,1,6.0,33.5,1
102,258,3,4.1,61.5,3
105,148,1,1.41,11.4,1
106,4,1,6.86,-0.91,0
106,11,1,8.42,35.9,1
106,13,1,3.53,16.8,0
106,14,1,4.71,21.9,1
106,21,3,13.03,82.08,1
106,25,6,6.1,70.97,6
106,29,1,10.92,31.44,0
106,35,1,9.0,63.5,1
106,36,4,15.06,111.05,0
106,39,1,24.6,63.5,1
106,40,3,1.34,12.22,2
106,42,4,49.2,174.0,4
106,48,1,8.5,30.5,1
106,49,1,1.91,12.1,1
106,52,1,1.46,11.58,0
106,55,10,88.2,365.0,10
106,61,2,6.38,23.18,1
106,62,1,2.15,13.81,0
106,66,1,2.31,15.07,0
106,68,4,23.3,106.0,4
106,72,2,9.32,44.13,1
106,75,1,8.95,47.67,0
106,76,1,17.7,28.5,1
106,89,1,3.06,18.17,0
106,91,7,37.3,248.0,7
106,92,1,14.68,49.66,0
106,95,2,23.5,109.27,1
106,97,4,7.78,51.83,2
106,106,8,8.28,38.6,9
106,107,1,4.67,33.32,0
106,112,1,7.31,54.06,0
106,113,1,5.3,24.12,0
106,116,2,24.85,93.41,1
106,125,2,9.59,65.98,2
106,130,1,15.23,56.9,4
106,132,1,25.75,49.0,0
106,133,3,9.0,61.5,3
106,137,2,15.45,59.98,1
106,138,1,11.46,46.4,1
106,142,4,19.41,161.74,0
106,143,3,27.63,133.01,0
106,145,3,13.2,103.5,3
106,146,1,10.98,47.13,0
106,148,4,16.04,97.94,1
106,150,1,7.0,35.5,1
106,155,2,9.0,94.5,2
106,160,1,7.68,2.49,0
106,163,1,0.0,36.0,0
106,164,1,7.36,31.7,1
106,170,1,4.87,26.63,0
106,178,1,3.96,24.47,0
106,181,11,9.26,106.55,9
106,188,3,5.0,60.0,3
106,195,3,5.59,34.9,4
106,197,1,9.54,61.8,1
106,210,1,10.1,36.5,1
106,216,1,20.95,80.7,1
106,225,4,21.33,102.25,1
106,228,5,8.8,61.95,1
106,231,2,8.11,48.61,1
106,233,1,8.76,38.0,2
106,238,1,0.0,40.3,0
106,243,1,16.36,66.47,0
106,246,1,6.21,30.11,0
106,255,4,19.37,71.6,0
106,256,1,6.33,31.34,0
106,257,4,8.4,98.86,2
106,262,1,12.12,5.36,0
106,263,2,24.02,97.53,0
107,1,101,1761.17,8751.2,125
107,3,2,19.65,78.1,2
107,4,559,718.76,5601.84,690
107,7,125,671.68,3293.06,145
107,11,1,13.1,56.9,5
107,12,9,35.62,191.5,9
107,13,315,1330.86,7037.92,373
107,14,16,193.76,735.75,21
107,16,1,14.0,54.1,2
107,17,32,191.03,907.6,45
107,18,3,38.76,157.4,4
107,21,4,58.2,199.5,4
107,22,4,48.26,206.44,3
107,24,65,375.47,1938.22,75
107,25,67,340.76,1746.26,80
107,26,3,32.9,151.4,3
107,27,1,24.06,95.4,1
107,28,3,38.4,140.8,3
107,29,14,163.1,741.8,14
107,31,1,0.0,36.5,1
107,33,128,612.41,3177.85,165
107,34,5,26.63,160.6,5
107,35,3,24.4,95.5,3
107,36,16,104.5,459.85,16
107,37,29,180.25,972.85,35
107,38,1,0.0,53.5,1
107,39,5,65.1,280.5,5
107,40,36,216.52,1045.52,43
107,41,100,562.73,3001.72,115
107,42,79,526.91,2420.26,76
107,43,235,770.03,4807.69,288
107,45,178,388.52,2653.94,207
107,46,1,20.33,77.9,1
107,47,3,16.0,132.0,3
107,48,789,1844.48,13716.47,986
107,49,44,240.51,1236.67,57
107,50,277,790.58,5288.12,331
107,51,1,14.9,56.2,1
107,52,33,179.5,887.7,41
107,54,8,45.26,236.8,9
107,55,4,59.11,217.6,8
107,56,23,185.97,582.4,23
107,60,3,29.57,131.8,3
107,61,47,321.99,1470.9,56
107,62,8,62.19,292.2,12
107,63,1,12.26,51.3,1
107,65,61,253.36,1445.0,67
107,66,47,208.0,1112.86,59
107,67,1,0.0,39.5,1
107,68,1664,2421.42,19875.41,2006
107,69,7,59.65,258.5,6
107,70,7,67.01,277.9,7
107,71,1,10.4,44.39,0
107,72,5,35.28,174.1,5
107,74,168,873.66,4121.92,211
107,75,382,1734.81,8862.92,449
107,76,6,53.8,265.0,6
107,77,1,0.0,31.5,1
107,78,3,21.86,145.5,3
107,79,2962,2701.04,23504.24,3862
107,80,53,271.52,1438.86,70
107,82,13,84.43,323.5,12
107,83,9,60.33,221.9,15
107,85,10,70.03,384.6,11
107,86,2,42.78,143.7,2
107,87,434,1571.54,8271.74,500
107,88,187,741.9,3575.99,221
107,89,17,156.5,528.7,17
107,90,1515,1472.92,13718.6,1879
107,91,4,41.12,188.3,5
107,92,2,24.38,103.3,2
107,93,4,34.01,109.5,4
107,94,3,12.0,89.8,4
107,95,24,225.37,1031.02,32
107,97,51,242.52,1241.5,61
107,98,7,57.0,288.3,8
107,100,717,1118.39,8994.7,876
107,102,2,18.1,72.0,2
107,106,11,70.59,352.16,12
107,107,2254,1161.14,19609.79,2841
107,108,3,42.64,47.5,3
107,109,2,48.97,185.2,2
107,112,76,340.35,1785.15,92
107,113,1412,1279.66,11536.48,1751
107,114,1179,1437.29,11667.8,1514
107,116,42,335.75,1592.07,36
107,117,4,87.6,290.0,4
107,119,3,25.38,106.2,3
107,120,1,8.95,44.3,1
107,121,1,11.72,45.7,1
107,123,2,26.76,107.22,1
107,124,1,17.7,39.5,1
107,125,306,574.56,4125.31,349
107,126,2,23.81,76.7,2
107,127,24,259.1,1002.67,26
107,129,43,313.12,1302.7,56
107,130,9,96.17,418.4,9
107,131,1,17.34,77.2,1
107,132,367,6069.06,25239.09,492
107,133,9,82.44,278.8,11
107,134,1,10.64,43.6,1
107,135,3,33.04,126.5,3
107,136,5,60.38,220.3,5
107,137,2490,1801.02,16773.65,3069
107,138,438,4414.32,18144.83,510
107,140,1148,3177.31,19301.25,1363
107,141,1458,3761.42,22591.71,1792
107,142,625,2062.51,13149.88,762
107,143,326,1191.5,7630.75,388
107,144,745,1097.08,8589.56,910
107,145,107,367.5,2059.91,119
107,146,25,101.65,587.94,23
107,147,1,7.3,30.5,1
107,148,1174,1769.77,13738.77,1465
107,149,2,25.05,100.8,2
107,150,2,35.7,124.4,4
107,151,149,792.75,4233.51,180
107,152,14,99.13,518.76,12
107,155,3,44.07,187.2,4
107,157,8,47.74,220.0,14
107,158,546,903.29,7110.51,692
107,159,5,38.94,182.3,9
107,160,14,99.1,440.67,13
107,161,1947,3372.61,25945.49,2420
107,162,2488,3757.42,27246.14,3036
107,163,702,1624.29,11650.25,899
107,164,1659,1672.57,15237.76,2083
107,165,7,76.58,331.6,8
107,166,85,537.6,2669.4,105
107,167,5,40.97,175.7,5
107,168,17,108.58,477.83,11
107,169,4,46.52,93.5,6
107,170,4906,4762.58,40143.18,6061
107,171,2,25.6,77.0,2
107,173,5,43.7,213.53,6
107,175,1,13.3,42.5,1
107,177,6,55.26,233.5,6
107,178,1,0.0,40.0,1
107,179,28,165.49,723.98,29
107,180,2,19.2,76.0,2
107,181,75,485.8,2522.5,92
107,182,6,59.16,258.0,6
107,184,1,18.9,43.5,1
107,185,1,14.4,69.5,1
107,186,2082,2539.82,22617.11,2524
107,188,12,86.18,410.9,12
107,189,35,215.92,1102.9,42
107,190,8,55.41,270.5,9
107,191,1,14.6,52.5,1
107,192,1,11.2,34.5,1
107,193,10,37.66,168.1,10
107,195,8,56.61,265.94,8
107,196,7,57.43,260.1,8
107,197,3,37.82,155.95,2
107,198,8,55.96,195.8,9
107,200,5,74.07,289.4,6
107,201,3,67.19,250.0,4
107,202,13,62.02,353.6,20
107,203,1,18.28,76.5,1
107,205,1,16.4,45.5,1
107,207,1,5.8,26.1,1
107,208,2,27.34,107.5,2
107,209,179,594.58,3292.85,216
107,210,3,44.2,160.5,3
107,211,556,899.77,6768.74,712
107,212,1,10.36,41.5,1
107,215,6,73.7,243.0,6
107,216,1,18.8,37.5,1
107,217,19,76.12,495.9,22
107,218,2,35.6,109.0,2
107,219,1,0.0,48.0,1
107,220,7,91.76,362.2,6
107,222,2,31.96,107.3,2
107,223,52,336.31,1499.37,64
107,224,660,516.77,4756.25,858
107,225,19,110.3,662.1,22
107,226,64,308.67,1400.5,79
107,227,5,48.14,206.62,6
107,228,15,134.99,471.21,12
107,229,1802,3353.42,21559.37,2221
107,230,945,1915.55,14746.83,1250
107,231,872,2147.38,14175.17,1020
107,232,551,1170.88,7544.24,693
107,233,2036,2578.92,18999.9,2501
107,234,2272,1602.73,16765.9,2867
107,235,1,10.9,44.3,0
107,236,1114,3889.39,23465.21,1420
107,237,1550,3803.62,25311.55,1880
107,238,406,1962.71,10963.23,507
107,239,456,1898.32,11070.32,569
107,241,4,51.26,203.1,5
107,242,1,14.27,54.8,1
107,243,33,332.09,1460.59,41
107,244,75,638.65,3174.57,63
107,246,874,1610.99,12363.41,1029
107,247,8,68.93,200.9,8
107,249,1534,2167.17,17116.64,1929
107,250,1,11.5,52.7,2
107,254,6,79.9,296.42,5
107,255,73,341.63,1926.08,99
107,256,98,393.07,2421.41,136
107,257,13,111.95,521.0,18
107,258,7,55.66,298.7,7
107,259,5,36.84,154.8,5
107,260,22,61.56,571.6,25
107,261,188,695.9,3827.36,228
107,262,690,2514.34,14038.83,835
107,263,984,3417.21,18610.23,1257
108,4,2,13.0,93.0,2
108,10,1,14.7,45.5,1
108,14,4,23.7,119.4,4
108,21,3,4.3,50.5,3
108,22,1,0.5,15.5,1
108,28,1,18.7,49.5,1
108,29,2,3.0,37.0,2
108,33,2,8.1,77.0,2
108,45,1,1.8,40.5,1
108,48,1,10.9,53.5,1
108,55,1,1.42,6.83,0
108,61,1,8.1,37.5,1
108,64,1,23.3,64.5,1
108,65,1,12.3,31.5,1
108,66,1,0.0,38.5,1
108,68,2,29.2,92.0,2
108,71,1,5.72,28.75,0
108,72,10,63.69,323.86,9
108,75,4,59.7,226.0,4
108,76,2,21.0,70.0,2
108,86,2,34.81,102.45,1
108,87,1,12.5,38.5,1
108,88,1,14.0,34.5,1
108,89,4,19.9,124.0,4
108,90,1,14.1,45.5,1
108,91,3,17.0,87.5,3
108,94,1,21.4,70.5,1
108,95,2,33.0,113.0,2
108,107,1,14.7,47.5,1
108,108,5,0.16,16.33,10
108,117,1,10.8,81.5,1
108,119,1,19.9,64.5,1
108,121,3,53.6,162.5,3
108,123,2,2.76,28.6,2
108,130,2,32.1,97.0,2
108,137,2,21.2,95.0,2
108,140,6,83.8,299.0,6
108,141,1,18.3,55.5,1
108,142,1,16.4,54.5,1
108,149,1,1.3,16.5,1
108,155,1,6.5,28.2,1
108,160,1,13.7,46.5,1
108,161,1,14.8,51.5,1
108,165,1,2.4,19.5,1
108,170,6,93.6,299.0,6
108,177,1,9.5,30.5,1
108,181,2,6.2,55.5,2
108,186,1,14.1,46.5,1
108,188,2,11.1,52.0,2
108,201,1,7.4,31.5,1
108,208,1,24.1,70.5,1
108,209,3,35.7,124.5,3
108,215,1,0.0,49.5,1
108,216,1,12.5,43.5,1
108,228,2,14.4,72.0,2
108,233,1,13.5,49.5,1
108,236,2,37.3,116.0,2
108,237,1,1.6,55.5,1
108,244,1,17.3,98.5,1
108,246,2,40.6,91.0,2
108,250,1,23.3,72.5,1
108,258,2,25.99,77.92,0
108,262,1,19.2,70.2,1
109,1,1,16.06,72.01,0
111,111,1,5.3,89.0,1
112,4,5,15.79,95.99,6
112,7,7,20.79,141.96,2
112,9,2,28.07,58.64,0
112,13,2,7.51,68.62,0
112,14,2,9.7,81.01,1
112,17,5,18.11,94.43,3
112,25,9,28.24,223.15,3
112,29,1,18.1,75.1,1
112,33,3,14.07,39.93,0
112,35,3,16.1,85.2,1
112,36,9,23.49,207.44,1
112,37,14,27.86,225.94,5
112,39,2,7.8,84.36,1
112,40,3,17.99,87.68,2
112,42,4,31.08,163.81,0
112,43,1,7.07,41.5,1
112,45,1,5.03,31.68,0
112,48,8,40.44,250.17,4
112,49,7,25.97,125.62,6
112,50,4,18.86,116.84,3
112,52,1,5.5,20.87,0
112,54,1,0.0,24.16,0
112,57,1,6.92,28.9,1
112,61,16,62.84,411.26,4
112,62,4,20.95,101.98,0
112,63,1,7.07,33.1,1
112,65,4,16.1,87.66,3
112,68,13,54.65,315.58,6
112,74,1,7.2,41.54,0
112,75,2,12.97,88.7,0
112,76,1,14.45,37.35,0
112,79,20,62.62,437.55,10
112,80,30,42.91,414.71,26
112,82,4,14.19,77.24,4
112,83,1,4.5,15.58,1
112,85,2,13.86,75.58,2
112,87,7,22.4,188.09,2
112,89,1,9.8,42.9,1
112,90,3,12.32,83.37,0
112,91,1,11.12,41.08,0
112,93,1,6.92,-28.9,1
112,95,2,11.4,48.7,2
112,97,5,13.4,131.66,2
112,100,1,6.74,34.5,3
112,106,1,6.1,27.5,1
112,107,7,25.88,96.35,4
112,112,86,66.93,1657.11,78
112,113,3,9.65,78.74,1
112,114,1,4.17,21.6,0
112,115,1,15.74,63.9,2
112,116,2,24.43,83.18,0
112,117,1,14.8,46.5,1
112,125,3,11.39,100.3,3
112,127,1,14.08,51.47,0
112,129,1,6.69,24.48,0
112,130,2,18.91,65.24,1
112,132,10,146.51,572.9,2
112,133,1,9.11,38.0,1
112,134,1,9.12,3.72,0
112,137,9,32.73,189.42,6
112,138,9,67.42,262.4,0
112,140,9,37.47,198.43,6
112,141,6,26.69,140.76,1
112,142,4,18.87,135.42,0
112,143,1,5.98,33.2,0
112,144,3,12.53,74.74,1
112,145,19,29.66,231.51,18
112,146,1,0.0,11.52,0
112,148,9,21.1,187.02,5
112,150,1,19.09,55.43,0
112,151,4,25.88,134.59,3
112,157,5,15.8,46.08,3
112,158,3,15.05,90.21,0
112,160,2,8.74,45.88,1
112,161,1,4.31,22.49,0
112,162,1,3.6,24.91,0
112,163,4,18.19,74.34,5
112,164,3,10.37,71.54,1
112,166,1,9.27,43.3,0
112,170,5,13.31,84.44,3
112,179,4,15.51,94.2,2
112,181,8,51.01,251.2,3
112,185,1,16.14,60.04,0
112,186,5,15.87,134.81,1
112,188,5,22.48,123.98,1
112,189,1,4.53,27.36,0
112,190,1,0.0,32.17,0
112,193,1,2.53,14.2,1
112,195,1,7.94,39.89,0
112,196,1,5.4,25.5,1
112,198,4,11.42,105.97,1
112,202,1,1.6,19.5,1
112,205,2,15.48,101.5,3
112,209,1,5.55,-1.22,0
112,211,2,8.05,46.18,0
112,216,3,30.3,105.5,3
112,218,1,12.5,41.5,1
112,223,3,12.18,72.82,0
112,224,6,19.0,145.23,2
112,225,10,15.4,193.02,1
112,226,6,10.14,63.5,6
112,227,1,9.41,40.1,1
112,228,2,9.9,74.13,0
112,229,18,64.58,394.73,2
112,230,5,24.74,130.98,4
112,231,5,28.5,179.71,4
112,232,6,20.87,123.48,2
112,233,6,26.08,98.76,4
112,234,8,31.58,202.5,1
112,236,6,27.16,182.62,7
112,237,3,13.21,72.56,2
112,238,7,41.64,248.31,1
112,239,3,20.49,104.12,1
112,240,1,14.3,46.5,1
112,243,1,0.0,46.17,0
112,244,2,35.1,166.43,1
112,246,4,13.9,118.43,0
112,249,6,24.37,177.38,3
112,255,37,34.57,416.58,38
112,256,20,31.32,229.43,12
112,258,1,0.0,41.07,0
112,260,1,3.7,20.5,1
112,261,2,10.46,27.6,0
112,262,3,15.73,83.56,2
112,263,8,34.81,199.02,5
113,1,38,555.48,2934.6,39
113,4,554,649.28,5505.06,671
113,6,1,13.12,50.6,1
113,7,60,385.54,2052.58,80
113,10,1,14.68,57.6,1
113,12,19,54.29,334.5,23
113,13,426,1006.37,6414.6,499
113,14,18,187.58,810.7,24
113,17,24,117.04,747.9,22
113,18,1,12.2,39.5,1
113,19,1,18.2,75.8,1
113,22,4,41.55,183.79,3
113,24,46,275.83,1412.66,50
113,25,62,257.1,1451.62,65
113,26,3,19.2,114.5,3
113,28,2,25.3,104.7,2
113,33,161,573.82,3230.89,195
113,35,3,24.79,141.1,3
113,36,18,108.61,509.3,18
113,37,25,132.72,718.36,42
113,39,1,9.58,52.0,1
113,40,43,202.23,1078.9,55
113,41,81,538.43,2813.73,90
113,42,55,406.33,1948.48,57
113,43,161,588.72,3821.37,205
113,45,170,281.59,2121.16,203
113,48,543,1432.21,9829.04,681
113,49,48,218.6,1249.35,56
113,50,249,744.69,4844.62,297
113,52,43,180.87,1009.84,52
113,53,1,13.97,54.1,1
113,54,9,44.18,230.7,10
113,55,4,57.98,239.5,4
113,60,1,13.52,52.7,1
113,61,27,168.12,941.77,32
113,62,8,48.81,285.44,7
113,65,52,178.39,1026.16,62
113,66,52,186.22,1085.3,64
113,67,7,71.82,304.5,7
113,68,1467,2099.16,16667.18,1844
113,70,3,47.28,202.2,3
113,71,8,66.96,360.6,12
113,72,1,7.7,30.5,1
113,73,1,12.0,52.0,2
113,74,39,238.65,1201.8,35
113,75,102,490.66,2836.41,108
113,76,3,33.44,146.9,4
113,77,1,8.18,47.1,1
113,78,1,12.68,57.6,1
113,79,2239,1815.9,17993.4,2752
113,80,29,131.8,791.9,31
113,82,2,15.93,69.0,2
113,83,3,22.84,59.7,4
113,85,3,21.76,118.3,3
113,87,360,836.62,5532.5,444
113,88,119,334.57,2064.21,142
113,89,16,139.32,594.3,22
113,90,1432,1332.64,12093.98,1816
113,92,1,13.8,61.8,3
113,93,2,21.13,86.5,2
113,95,13,133.35,567.56,13
113,97,90,351.17,2082.57,114
113,100,456,765.46,6063.59,571
113,106,8,43.64,238.6,7
113,107,1815,1668.84,15337.69,2306
113,108,1,14.1,58.3,2
113,112,48,238.9,1238.36,52
113,113,1260,628.74,13530.66,1550
113,114,1278,898.7,8898.55,1636
113,116,34,303.4,1358.59,26
113,117,1,24.2,91.2,1
113,120,1,10.0,45.7,1
113,123,1,12.6,59.0,1
113,125,487,545.53,4354.29,604
113,126,3,20.0,128.6,2
113,127,10,115.76,482.25,9
113,128,1,11.18,47.8,2
113,129,19,156.96,731.41,25
113,130,1,14.4,59.7,1
113,131,2,29.02,121.5,2
113,132,151,2636.82,10485.29,167
113,133,12,100.35,446.2,12
113,134,1,0.0,24.0,1
113,135,1,11.28,48.5,2
113,137,738,1073.65,8318.53,901
113,138,167,1771.98,7533.1,173
113,140,331,1235.64,7516.65,358
113,141,488,1650.34,10252.91,602
113,142,485,1695.95,11096.76,585
113,143,276,1087.5,6544.75,340
113,144,1158,1152.48,10149.46,1502
113,145,53,206.56,1118.46,68
113,146,17,87.1,471.03,16
113,147,1,11.39,49.9,1
113,148,943,1185.73,10173.85,1172
113,149,3,32.61,164.4,7
113,151,117,671.71,3601.12,140
113,152,13,96.83,496.39,10
113,155,1,22.76,84.2,1
113,157,4,31.18,155.5,4
113,158,994,1041.38,9172.49,1261
113,161,1015,2225.32,16615.47,1309
113,162,644,1477.33,10466.32,808
113,163,508,1334.05,9764.22,622
113,164,1022,1386.94,11190.67,1304
113,165,1,10.02,40.8,1
113,166,89,590.7,3174.48,91
113,168,9,65.4,303.5,11
113,169,2,21.86,88.6,2
113,170,1760,2858.85,21507.9,2144
113,174,1,15.8,65.3,0
113,177,2,15.31,75.3,2
113,178,1,9.3,37.3,1
113,179,14,95.76,473.9,16
113,181,123,634.58,3613.21,147
113,182,4,48.23,205.9,7
113,186,1177,1569.83,12827.81,1467
113,188,16,103.01,536.83,19
113,189,44,206.57,1208.47,47
113,190,6,30.19,161.5,11
113,192,1,11.11,47.1,1
113,193,2,6.23,99.6,2
113,194,1,10.0,52.0,1
113,195,7,40.4,207.9,10
113,196,1,9.85,45.0,1
113,198,8,53.88,291.8,13
113,200,6,84.66,339.3,7
113,201,1,25.31,98.9,1
113,202,9,51.56,298.78,8
113,209,148,318.21,2247.75,168
113,211,1082,1061.75,9151.78,1378
113,215,1,14.44,76.5,1
113,216,3,44.14,57.6,4
113,217,3,11.27,79.0,4
113,219,1,17.02,65.3,1
113,220,6,78.06,318.3,6
113,221,1,14.5,59.0,1
113,223,19,144.96,685.6,22
113,224,334,400.07,3299.7,419
113,225,18,98.32,582.5,23
113,226,33,179.36,954.02,42
113,227,2,19.09,80.9,2
113,228,10,69.37,330.67,10
113,229,521,1429.76,8990.77,631
113,230,785,1769.33,13483.3,1093
113,231,1510,2394.84,17469.83,1804
113,232,392,753.68,5473.42,479
113,233,445,915.32,6205.4,556
113,234,1955,1701.55,16069.04,2439
113,235,1,11.42,47.8,5
113,236,689,2805.03,17321.12,873
113,237,802,2521.63,16870.68,929
113,238,356,1872.66,10335.81,443
113,239,483,2173.05,12518.06,589
113,241,3,41.86,171.24,3
113,243,27,259.0,1269.8,20
113,244,46,441.51,1906.92,39
113,245,1,15.58,66.0,1
113,246,923,1766.94,12808.52,1131
113,247,1,11.84,47.8,1
113,248,2,28.72,0.0,2
113,249,1979,1578.92,15101.28,2538
113,254,1,13.3,44.5,1
113,255,72,311.18,1873.9,95
113,256,78,266.62,1686.83,102
113,257,12,87.65,425.9,14
113,260,12,83.95,449.7,13
113,261,252,552.78,3769.03,305
113,262,286,1296.79,7304.51,311
113,263,285,1204.31,6922.19,326
114,1,21,304.82,1600.34,25
114,4,476,598.8,4954.41,624
114,7,80,563.02,2605.41,110
114,9,1,14.01,58.3,2
114,12,13,34.21,215.85,23
114,13,463,932.96,6211.84,575
114,14,14,144.5,549.8,24
114,15,2,33.31,130.6,3
114,17,30,138.97,754.45,30
114,20,1,15.74,63.9,2
114,21,4,51.52,212.9,6
114,22,7,81.88,348.6,8
114,24,65,402.04,2126.56,65
114,25,74,279.38,1523.95,103
114,26,1,12.61,56.2,1
114,27,1,23.69,90.5,1
114,28,3,32.4,116.5,3
114,29,4,76.3,291.4,6
114,33,129,418.82,2352.2,169
114,34,5,17.06,89.9,5
114,35,1,7.08,33.1,4
114,36,23,131.65,694.23,31
114,37,59,322.2,1654.97,84
114,40,43,198.04,1027.36,55
114,41,100,738.43,3499.06,133
114,42,69,564.12,2584.15,73
114,43,140,568.77,3444.15,212
114,45,229,292.91,2436.8,302
114,48,663,1969.32,12461.93,904
114,49,79,336.44,1878.87,92
114,50,316,1044.65,6150.47,384
114,52,47,184.16,981.7,62
114,54,22,93.56,445.0,22
114,56,7,59.41,285.5,6
114,61,58,318.49,1709.88,72
114,62,13,66.99,381.4,16
114,63,3,36.97,165.1,3
114,64,1,16.45,63.9,5
114,65,54,179.28,965.61,77
114,66,78,230.8,1413.17,106
114,67,4,43.61,169.14,2
114,68,1366,2486.74,17580.97,1831
114,69,4,43.24,202.4,5
114,73,1,12.51,54.8,1
114,74,49,319.69,1508.47,43
114,75,91,515.94,2652.84,92
114,76,1,9.44,52.0,1
114,78,1,19.0,77.2,1
114,79,2527,2353.63,21719.39,3459
114,80,82,330.92,1920.68,101
114,82,4,31.78,69.0,4
114,83,3,22.63,99.3,4
114,85,4,31.11,159.7,6
114,87,670,1342.21,9030.96,867
114,88,151,375.58,2257.94,203
114,89,27,222.12,978.77,26
114,90,1546,2015.94,15479.38,2031
114,93,1,1.61,10.0,1
114,94,1,12.28,47.8,1
114,95,9,94.8,417.6,11
114,97,90,317.2,1866.75,116
114,100,403,869.22,5839.02,560
114,102,7,60.92,266.7,6
114,106,19,97.73,533.7,27
114,107,1722,2212.65,17100.29,2303
114,108,1,16.0,63.9,1
114,112,98,475.68,2522.51,128
114,113,1058,775.17,7604.34,1345
114,114,949,431.76,8890.07,1265
114,116,36,276.5,1381.89,33
114,119,1,10.6,44.3,1
114,120,1,11.2,38.82,0
114,121,1,12.6,57.6,2
114,123,2,35.52,141.1,2
114,125,492,436.5,3964.39,668
114,126,1,12.3,49.9,1
114,127,18,205.89,884.07,17
114,129,18,151.16,730.2,35
114,131,1,15.5,63.9,1
114,132,81,1443.38,5754.56,85
114,133,6,47.43,221.0,6
114,134,2,27.04,118.0,4
114,135,2,24.55,114.5,2
114,136,4,54.78,129.59,2
114,137,691,1263.4,8655.16,879
114,138,73,805.4,3416.0,81
114,140,291,1228.08,6761.56,344
114,141,559,2185.22,11858.85,736
114,142,467,1894.65,10837.99,640
114,143,284,1199.75,6964.61,370
114,144,956,730.72,7257.48,1361
114,145,63,299.96,1521.89,80
114,146,18,96.87,493.4,27
114,148,1171,1112.68,10822.9,1608
114,149,4,47.32,109.6,7
114,151,148,893.06,4547.6,161
114,152,16,126.46,592.51,24
114,155,1,3.42,19.8,1
114,157,6,45.38,202.75,5
114,158,1088,1294.03,10757.33,1530
114,159,1,10.12,43.6,2
114,160,1,3.03,17.7,1
114,161,761,1953.9,13391.29,1055
114,162,568,1501.93,9563.28,775
114,163,534,1615.59,10684.41,774
114,164,954,1684.83,12055.29,1323
114,165,6,63.37,264.2,9
114,166,119,833.59,4084.37,133
114,168,6,52.5,226.13,5
114,169,1,12.92,52.0,2
114,170,1529,3096.41,20958.94,2025
114,171,1,14.4,59.0,2
114,173,1,10.25,42.9,1
114,177,6,38.04,201.7,7
114,179,23,176.34,823.6,28
114,181,158,805.9,4040.41,217
114,185,1,16.18,66.7,1
114,186,1088,1863.13,13474.58,1501
114,188,37,225.45,1019.0,40
114,189,64,298.48,1608.45,81
114,190,5,28.42,145.2,9
114,191,2,39.45,145.88,2
114,192,1,13.6,56.9,1
114,193,3,16.45,92.3,4
114,195,12,62.86,298.5,15
114,196,3,27.55,112.6,4
114,198,11,76.21,380.9,22
114,200,3,43.11,181.2,4
114,201,2,49.28,186.6,2
114,202,3,19.42,94.4,5
114,203,1,4.48,20.5,1
114,206,2,16.07,132.9,1
114,209,226,397.29,2812.36,289
114,211,742,546.09,5551.79,1074
114,212,1,0.0,43.0,1
114,214,1,15.04,61.1,1
114,215,1,16.3,68.1,2
114,216,2,32.03,132.7,2
114,217,9,33.34,195.96,7
114,220,5,67.01,283.1,8
114,221,1,13.65,53.4,1
114,223,31,277.87,1298.4,47
114,224,229,378.33,2689.8,320
114,225,40,218.36,1189.08,44
114,226,39,244.52,1180.47,35
114,227,11,90.38,415.2,14
114,228,18,120.71,569.9,20
114,229,471,1448.04,8637.64,586
114,230,830,2189.29,14875.68,1254
114,231,1584,1974.94,15755.17,2034
114,232,375,548.77,4469.13,483
114,233,557,1386.47,8726.93,730
114,234,1775,2150.25,17366.91,2317
114,236,510,2312.33,12937.92,607
114,237,602,2144.41,12895.85,823
114,238,339,1867.48,9957.08,434
114,239,513,2479.62,13673.33,653
114,241,2,26.99,113.8,7
114,243,43,430.91,2010.98,47
114,244,44,419.8,1866.78,45
114,246,873,2033.03,13234.77,1117
114,247,1,8.3,33.8,2
114,249,2199,1975.59,17865.99,3113
114,250,1,13.69,53.4,1
114,252,1,15.0,58.3,1
114,255,180,671.23,4019.29,231
114,256,196,626.34,3861.43,270
114,257,11,80.97,359.9,16
114,258,2,23.43,103.3,2
114,259,1,17.19,68.8,1
114,260,7,52.33,233.1,8
114,261,366,712.0,4683.15,461
114,262,232,1161.17,6091.26,282
114,263,444,2134.14,11240.51,532
115,75,1,21.19,62.08,0
115,115,1,0.27,16.96,0
116,1,2,49.61,156.53,0
116,3,1,9.6,36.5,1
116,4,1,0.0,31.95,0
116,7,4,28.05,128.2,11
116,13,5,45.83,206.1,5
116,14,1,15.1,77.66,0
116,17,3,26.9,130.5,3
116,18,2,15.9,65.0,2
116,20,1,4.2,31.5,1
116,24,37,75.67,506.52,30
116,25,1,11.6,41.5,1
116,29,1,39.2,55.5,1
116,31,2,12.22,43.78,0
116,34,1,13.5,62.5,2
116,35,1,23.99,91.2,1
116,36,1,10.8,38.5,1
116,41,129,217.49,1648.85,130
116,42,136,155.11,1438.85,129
116,43,11,43.03,257.8,9
116,45,13,69.95,481.11,11
116,47,2,7.38,44.5,2
116,48,48,256.54,1203.41,39
116,50,34,175.44,817.26,34
116,51,3,21.2,115.19,2
116,56,1,10.4,38.5,1
116,63,1,17.63,66.7,1
116,65,1,11.2,56.2,1
116,66,1,11.5,36.5,1
116,68,30,186.7,838.42,24
116,69,10,22.99,162.2,10
116,70,1,8.43,34.32,0
116,74,68,148.93,1043.99,55
116,75,58,174.74,1191.05,40
116,76,3,48.8,152.5,3
116,77,3,62.93,254.7,4
116,78,1,4.47,24.7,1
116,79,14,126.74,533.59,9
116,81,1,11.6,46.4,1
116,85,1,22.24,73.92,0
116,86,1,27.0,69.5,1
116,87,5,54.97,211.01,1
116,88,5,49.83,231.4,6
116,89,2,15.02,133.1,1
116,90,17,125.68,552.08,22
116,92,1,12.06,46.4,1
116,93,7,75.03,328.52,5
116,94,3,14.63,76.2,3
116,95,3,34.52,38.5,5
116,100,9,60.18,290.11,5
116,107,10,71.77,332.67,11
116,113,7,58.71,284.23,4
116,116,186,98.63,3149.95,221
116,117,1,20.3,63.5,1
116,119,6,11.72,94.3,10
116,120,2,5.44,28.4,2
116,125,8,67.14,301.69,4
116,126,1,5.56,27.5,1
116,127,15,47.36,275.9,5
116,128,3,12.85,55.47,2
116,132,19,362.62,1308.02,20
116,134,1,4.99,70.0,2
116,136,1,3.8,17.02,0
116,137,14,94.98,424.0,10
116,138,30,264.61,1103.55,15
116,139,1,2.1,55.5,1
116,140,16,81.91,440.97,13
116,141,5,28.22,138.9,6
116,142,54,246.18,1236.68,56
116,143,31,144.16,719.4,26
116,144,2,8.2,69.0,2
116,145,8,48.9,236.0,8
116,146,1,7.38,38.7,1
116,147,4,12.05,80.6,6
116,148,3,19.26,160.86,2
116,151,75,171.85,1063.67,84
116,152,91,73.06,757.01,101
116,153,3,8.4,74.3,3
116,158,14,91.55,483.74,11
116,159,10,21.95,118.0,11
116,161,26,127.4,817.7,14
116,162,10,55.78,325.28,7
116,163,26,138.05,724.46,19
116,164,10,69.41,333.49,8
116,166,172,242.67,1740.56,204
116,167,10,26.65,164.41,9
116,168,14,31.77,218.5,20
116,169,2,7.3,35.4,2
116,170,12,66.53,426.88,6
116,173,1,9.5,36.6,1
116,174,2,14.3,63.0,2
116,177,1,17.1,54.5,1
116,179,1,5.4,26.5,1
116,180,4,66.99,247.55,2
116,185,1,9.75,44.87,0
116,186,16,113.3,505.86,17
116,189,3,24.8,132.0,3
116,191,2,17.9,102.0,2
116,192,1,11.6,41.5,1
116,193,1,5.5,29.5,1
116,195,1,13.0,38.5,1
116,197,1,15.4,44.5,1
116,198,1,0.0,36.5,1
116,200,2,11.02,44.47,1
116,203,1,22.2,62.5,1
116,209,1,9.18,43.6,1
116,210,1,17.5,70.5,1
116,211,4,31.9,151.02,10
116,212,2,11.13,46.6,2
116,213,1,6.5,27.5,1
116,215,1,0.0,57.0,1
116,216,2,34.5,87.0,2
116,218,1,18.1,52.5,1
116,220,6,33.29,148.9,6
116,223,2,12.38,57.8,3
116,224,7,58.82,251.3,8
116,225,1,16.01,75.8,2
116,226,3,18.41,102.01,0
116,228,1,15.3,49.5,1
116,229,8,54.1,258.29,4
116,230,27,162.78,781.58,26
116,231,26,223.12,1026.73,24
116,232,4,18.86,159.89,2
116,233,3,20.59,106.74,1
116,234,13,76.27,421.48,7
116,235,5,14.88,63.5,7
116,236,18,64.14,432.0,14
116,237,32,163.16,921.8,29
116,238,89,262.96,1594.63,92
116,239,78,280.84,1521.27,81
116,240,1,10.29,39.4,1
116,241,1,3.9,24.5,1
116,242,3,24.91,103.9,3
116,243,29,73.47,479.98,26
116,244,101,119.98,1082.62,107
116,246,24,150.2,675.59,20
116,247,13,20.9,179.3,18
116,248,1,6.3,26.1,1
116,249,8,63.57,308.63,6
116,250,1,5.2,30.5,1
116,252,1,12.9,52.0,2
116,254,4,38.12,144.5,4
116,255,1,13.83,67.64,0
116,259,1,8.7,41.5,1
116,260,1,10.06,34.16,0
116,261,6,41.2,227.0,6
116,262,9,45.09,248.8,9
116,263,15,51.06,340.72,10
117,2,1,3.0,43.5,1
117,10,1,8.5,32.5,1
117,16,1,10.0,55.5,1
117,17,1,12.9,43.5,1
117,18,1,23.9,68.5,1
117,22,2,35.7,62.0,2
117,25,3,41.5,130.5,3
117,26,4,73.9,222.0,4
117,29,1,10.5,40.5,1
117,33,2,39.1,123.0,2
117,35,4,41.0,160.0,4
117,37,5,49.8,213.5,5
117,39,2,19.57,75.35,1
117,41,2,46.2,127.0,2
117,42,1,18.2,66.5,1
117,45,5,97.7,333.5,5
117,47,2,46.3,132.0,2
117,48,1,4.0,55.5,1
117,49,1,16.7,46.5,1
117,54,1,17.9,60.5,1
117,55,1,12.6,42.5,1
117,61,10,104.6,434.81,9
117,64,1,10.9,53.5,1
117,65,5,90.0,300.5,5
117,66,3,53.1,199.5,3
117,68,1,19.7,55.5,1
117,69,2,22.5,131.0,2
117,70,1,15.5,49.5,1
117,71,1,13.2,42.5,1
117,74,2,38.1,122.0,2
117,75,3,43.7,197.5,3
117,76,12,110.18,459.22,11
117,78,1,27.5,63.5,1
117,79,1,17.3,53.5,1
117,81,2,35.5,140.0,2
117,82,3,26.8,125.5,3
117,86,10,19.16,181.71,4
117,87,4,84.1,275.0,4
117,89,6,61.56,252.88,5
117,91,1,9.2,42.13,0
117,97,1,17.1,59.5,1
117,100,2,33.8,102.0,2
117,107,5,75.7,331.0,5
117,108,1,10.6,41.5,1
117,112,1,16.3,47.5,1
117,117,27,38.72,613.96,19
117,122,1,14.0,47.7,0
117,123,2,32.3,82.0,2
117,124,3,10.0,90.5,3
117,126,1,21.7,66.5,1
117,129,2,40.96,116.05,1
117,130,4,40.52,153.19,3
117,132,1,9.3,35.5,1
117,134,1,10.7,38.5,1
117,137,3,61.95,194.44,2
117,140,1,16.5,68.5,1
117,141,1,18.1,54.5,1
117,142,1,22.8,55.5,1
117,144,1,1.6,54.5,1
117,151,1,8.8,68.5,1
117,155,5,47.0,170.0,5
117,157,1,14.58,65.53,0
117,161,2,43.3,112.0,2
117,164,1,21.0,52.5,1
117,169,2,46.9,141.0,2
117,170,4,92.36,273.0,4
117,179,1,20.1,58.5,1
117,181,9,133.26,588.5,9
117,185,1,20.8,65.5,1
117,188,3,40.57,134.25,2
117,189,2,31.4,88.0,2
117,191,3,27.5,107.5,3
117,195,1,21.1,61.5,1
117,196,1,16.1,66.5,1
117,197,2,10.3,79.0,2
117,201,5,8.45,56.02,0
117,203,1,5.52,23.3,1
117,209,6,100.1,398.0,6
117,215,2,10.1,78.0,2
117,218,3,7.1,93.5,3
117,222,3,28.8,115.5,3
117,225,4,51.8,171.0,4
117,226,1,12.9,53.5,1
117,228,2,16.2,113.0,2
117,235,1,23.7,59.5,1
117,237,3,23.7,173.5,3
117,244,1,22.5,63.5,1
117,246,1,19.2,70.5,1
117,248,1,23.1,64.5,1
117,256,1,13.3,51.5,1
117,261,1,17.3,63.5,1
117,263,1,21.1,59.5,1
118,6,1,0.0,13.97,0
118,14,1,10.93,90.5,2
118,47,1,35.99,133.2,1
118,118,5,9.3,578.5,11
118,151,1,17.69,78.16,0
119,3,1,6.9,35.5,1
119,18,2,8.01,37.35,1
119,20,1,2.3,20.5,1
119,24,1,6.5,24.5,1
119,41,4,10.7,88.5,4
119,42,7,9.56,91.53,4
119,45,3,12.2,121.5,3
119,47,2,4.66,62.77,1
119,48,5,55.2,160.5,5
119,50,1,6.9,32.5,1
119,51,1,8.6,36.5,1
119,56,1,9.5,37.5,1
119,60,3,7.06,50.6,3
119,63,1,18.21,53.84,0
119,66,1,1.6,22.5,1
119,68,2,20.7,69.0,2
119,69,3,3.34,42.7,3
119,74,3,8.51,62.85,2
119,75,5,23.91,126.81,6
119,76,1,16.1,55.5,1
119,81,1,10.2,31.57,0
119,86,2,27.7,130.0,2
119,87,1,11.4,41.5,1
119,97,1,12.6,42.5,1
119,100,2,17.9,69.0,2
119,102,1,16.64,60.37,0
119,107,1,8.34,38.27,0
119,113,2,17.8,80.0,2
119,116,1,1.7,9.3,2
119,119,26,21.33,288.7,31
119,127,1,2.68,13.5,1
119,128,1,3.96,18.71,0
119,130,2,13.7,93.0,2
119,136,3,8.66,54.94,2
119,137,4,35.83,139.36,3
119,140,4,30.7,119.0,4
119,141,1,6.76,27.87,0
119,142,1,8.2,33.5,1
119,147,4,6.08,71.97,3
119,148,2,27.7,85.0,2
119,151,1,19.6,42.5,1
119,152,1,3.99,27.18,0
119,155,2,41.5,137.0,2
119,159,1,3.0,17.5,1
119,162,3,28.67,109.4,5
119,163,1,7.3,33.5,1
119,164,2,16.62,97.0,5
119,166,8,28.97,179.76,8
119,168,2,5.5,42.0,2
119,169,2,1.0,39.5,2
119,170,2,19.9,68.0,2
119,173,1,0.9,33.5,1
119,174,2,9.73,48.12,1
119,182,1,4.5,26.5,1
119,186,1,8.4,40.8,1
119,197,1,10.6,42.5,1
119,209,1,0.0,43.78,0
119,217,1,11.1,40.5,1
119,222,2,40.5,114.0,2
119,229,2,13.9,62.0,2
119,230,3,16.4,101.5,3
119,231,2,9.7,82.0,2
119,233,3,24.8,99.5,3
119,234,1,9.17,30.65,0
119,235,1,0.8,15.5,1
119,236,1,0.0,40.55,0
119,237,4,26.8,119.0,4
119,242,2,12.9,65.0,2
119,244,2,6.27,45.6,4
119,246,1,7.9,32.5,1
119,247,3,3.7,41.8,3
119,259,1,0.0,22.8,0
119,263,1,4.4,26.5,1
120,42,1,3.3,18.5,1
120,79,1,9.36,37.64,0
120,87,1,12.32,48.5,1
120,90,1,9.56,39.4,1
120,120,2,0.09,171.0,2
120,127,1,0.08,85.0,1
120,138,1,10.65,31.91,0
120,141,1,7.75,35.2,5
120,142,1,0.0,28.5,1
120,234,1,9.56,-39.4,1
120,243,2,1.42,89.1,2
120,244,2,6.39,88.5,2
121,10,1,2.4,21.5,1
121,16,3,9.5,79.5,3
121,26,1,13.9,51.5,1
121,28,7,6.21,99.96,4
121,35,2,7.9,67.0,2
121,37,1,7.77,29.05,0
121,39,2,17.7,64.0,2
121,42,1,2.0,39.5,1
121,45,1,0.0,45.0,1
121,49,1,9.1,37.5,1
121,51,3,23.7,136.5,3
121,53,1,3.2,23.5,1
121,55,2,40.1,106.0,2
121,61,2,15.2,70.0,2
121,62,1,8.4,33.5,1
121,63,5,26.0,144.5,5
121,70,1,6.17,19.02,0
121,71,1,9.7,35.5,1
121,72,6,53.7,213.0,6
121,73,2,5.56,32.14,1
121,75,1,13.36,37.13,1
121,76,3,14.5,114.3,3
121,78,2,12.4,85.0,2
121,81,1,0.0,43.0,1
121,83,1,0.0,23.32,0
121,87,4,41.0,172.0,4
121,92,1,1.83,14.1,0
121,95,10,25.17,173.37,7
121,98,2,3.22,68.84,1
121,101,1,7.85,22.42,0
121,108,6,49.7,310.5,6
121,121,15,36.08,288.43,20
121,129,1,6.6,27.5,1
121,130,5,7.44,82.86,4
121,131,9,9.25,78.8,9
121,134,2,5.81,35.98,1
121,135,5,4.99,82.52,3
121,137,1,14.0,35.5,1
121,138,1,6.55,28.2,2
121,140,1,0.0,41.5,1
121,150,1,23.7,52.5,1
121,158,1,12.9,41.5,1
121,160,2,13.5,58.0,2
121,161,3,28.4,108.5,3
121,164,1,12.34,40.71,0
121,165,1,1.7,47.5,1
121,170,1,10.53,45.81,0
121,171,4,11.9,82.0,4
121,179,1,7.9,32.5,1
121,183,1,0.0,36.5,1
121,192,2,1.4,32.0,2
121,193,1,8.4,35.5,1
121,197,1,2.8,20.5,1
121,208,1,8.8,36.5,1
121,209,1,11.7,43.5,1
121,212,1,11.7,41.5,1
121,215,4,6.8,81.0,4
121,216,2,10.3,47.0,2
121,223,2,18.25,68.97,1
121,225,1,8.1,31.5,1
121,226,2,13.6,68.0,2
121,228,1,21.9,52.5,1
121,229,2,22.79,92.71,1
121,231,1,0.0,41.5,1
121,232,1,11.9,40.5,1
121,234,1,14.0,37.5,1
121,237,1,12.8,42.5,1
121,241,2,26.75,100.48,1
121,242,10,104.8,363.0,10
121,246,2,25.4,75.0,2
121,250,1,9.6,36.5,1
121,258,10,32.7,260.5,10
121,260,2,8.5,57.25,1
122,10,1,3.0,20.5,1
122,19,3,5.4,58.88,2
122,33,1,0.0,47.5,1
122,37,2,22.62,85.22,1
122,38,1,1.1,16.5,1
122,50,2,13.9,125.0,2
122,56,1,7.25,23.56,0
122,61,2,22.8,75.0,2
122,68,1,13.8,47.5,1
122,75,3,24.8,144.5,3
122,79,1,13.0,45.5,1
122,86,1,7.8,31.5,1
122,91,1,0.0,43.0,1
122,93,1,0.0,34.5,1
122,95,5,22.6,113.5,5
122,96,1,6.0,40.5,1
122,97,1,11.8,44.5,1
122,107,5,79.5,227.5,5
122,122,3,0.0,122.5,6
122,129,1,10.1,36.5,1
122,130,6,6.23,92.35,5
122,131,2,0.9,35.5,2
122,132,1,10.1,38.7,1
122,135,2,7.35,42.97,1
122,137,1,12.8,45.5,1
122,138,1,9.4,40.5,1
122,140,1,1.3,48.5,1
122,146,1,0.0,41.5,1
122,168,1,14.64,45.86,0
122,170,2,0.0,89.5,2
122,173,1,7.6,30.5,1
122,177,3,32.0,112.5,3
122,181,3,39.5,129.5,3
122,191,2,6.4,34.0,2
122,192,2,12.5,56.0,2
122,197,2,7.95,43.21,1
122,205,3,3.4,39.0,3
122,209,2,18.0,105.0,2
122,215,1,0.0,21.0,1
122,231,3,47.9,154.5,3
122,232,1,17.55,51.43,0
123,14,3,18.9,86.5,3
123,17,1,9.6,29.5,1
123,21,1,0.7,5.8,1
123,22,2,6.16,22.0,1
123,26,2,5.77,38.05,1
123,29,3,5.3,54.5,3
123,37,1,6.2,28.5,1
123,39,3,17.05,76.38,2
123,50,1,12.4,39.5,1
123,55,7,14.87,135.12,7
123,61,2,9.7,49.0,2
123,65,1,7.3,29.5,1
123,67,1,3.9,35.98,0
123,68,1,11.6,47.5,1
123,70,1,21.6,56.5,1
123,71,1,4.8,19.5,1
123,72,3,22.1,79.5,3
123,74,2,35.7,124.0,2
123,75,10,179.7,576.0,10
123,76,5,25.93,186.5,4
123,82,3,37.4,145.5,3
123,85,1,5.7,21.5,1
123,86,1,18.2,42.5,1
123,89,4,10.2,73.3,6
123,91,4,9.84,71.8,1
123,95,1,12.8,52.5,1
123,101,1,21.9,60.5,1
123,108,1,2.62,31.35,0
123,123,13,8.55,293.65,13
123,130,1,16.5,52.0,0
123,133,1,3.0,18.5,1
123,135,2,32.3,115.0,2
123,137,1,15.6,51.5,1
123,138,1,19.13,71.6,1
123,140,2,32.3,127.12,1
123,141,1,13.9,55.5,1
123,149,6,4.82,70.66,6
123,150,1,1.14,7.9,1
123,154,4,11.91,25.6,5
123,155,6,19.88,87.0,6
123,161,1,16.7,44.5,1
123,164,1,12.3,42.5,1
123,165,2,2.15,31.45,1
123,168,1,16.8,54.5,1
123,170,3,35.56,147.25,2
123,171,1,22.1,59.5,1
123,177,2,12.6,55.0,2
123,178,3,2.9,54.5,3
123,181,1,6.0,24.5,1
123,188,3,8.1,67.0,3
123,189,1,6.3,28.5,1
123,193,1,14.1,66.5,1
123,196,1,15.67,60.33,0
123,210,3,4.7,44.6,5
123,216,1,13.82,44.08,0
123,219,1,15.5,48.5,1
123,222,1,9.2,32.5,1
123,223,1,16.6,63.5,1
123,225,1,6.4,27.5,1
123,227,4,15.2,89.0,4
123,231,5,49.0,163.5,5
123,232,2,18.4,75.0,2
123,233,1,16.7,50.5,1
123,239,2,11.6,83.0,2
123,244,1,23.8,69.5,1
123,258,1,15.4,44.5,1
123,261,1,8.3,32.5,1
124,7,1,11.03,43.97,0
124,10,4,14.49,80.73,3
124,11,1,13.51,59.0,2
124,16,2,31.23,102.75,0
124,17,2,12.37,77.8,5
124,22,1,11.99,65.0,3
124,35,3,12.54,68.62,2
124,37,3,11.8,86.3,2
124,39,1,8.2,33.5,1
124,40,1,20.47,94.4,1
124,45,1,0.0,64.5,1
124,50,3,40.8,127.5,3
124,55,1,12.93,37.59,0
124,61,1,6.44,33.1,2
124,65,1,8.44,44.3,1
124,72,2,10.24,57.05,1
124,76,3,4.73,45.63,1
124,79,2,28.8,87.0,2
124,80,1,0.0,31.5,1
124,83,2,20.69,69.29,1
124,86,1,9.72,29.27,0
124,87,6,88.21,389.0,6
124,89,3,19.8,164.33,3
124,91,2,9.0,89.4,2
124,95,1,4.87,33.34,0
124,97,2,16.1,63.0,2
124,102,4,12.69,101.13,2
124,107,1,11.8,40.5,1
124,112,3,28.2,106.5,3
124,117,3,12.82,86.11,2
124,124,12,2.67,500.34,11
124,130,1,6.95,24.23,0
124,132,2,13.74,113.37,2
124,133,3,39.98,128.5,1
124,137,1,10.7,39.5,1
124,138,1,11.91,45.0,1
124,141,1,12.04,70.0,2
124,142,1,12.1,42.5,1
124,145,2,16.7,84.07,1
124,149,1,9.1,55.9,1
124,150,1,9.6,57.3,1
124,154,1,4.81,19.8,1
124,155,3,23.65,117.2,7
124,159,1,18.4,72.35,0
124,165,1,8.7,55.2,1
124,171,1,11.1,39.5,1
124,173,1,0.0,48.77,0
124,177,2,15.61,75.8,2
124,178,1,0.0,40.5,1
124,181,2,29.8,134.4,3
124,188,1,7.83,51.87,0
124,189,1,6.8,50.3,1
124,191,1,11.48,33.03,0
124,198,1,14.1,38.5,1
124,201,1,6.86,23.91,0
124,203,1,6.11,22.47,0
124,205,1,0.0,33.57,0
124,209,2,19.0,100.0,2
124,210,1,4.39,17.7,1
124,216,6,14.01,170.0,8
124,222,2,5.2,44.0,2
124,225,5,25.79,70.65,5
124,229,1,25.5,63.5,1
124,235,1,0.0,64.31,0
124,257,1,20.17,94.4,2
124,258,1,2.91,15.03,0
124,260,1,14.2,45.5,1
125,1,59,824.5,4533.89,90
125,4,94,154.28,1227.51,120
125,7,13,116.36,520.6,20
125,12,14,29.3,189.7,15
125,13,321,472.62,3452.05,418
125,14,7,58.63,280.7,7
125,17,11,47.47,311.16,8
125,18,1,22.61,-102.4,3
125,22,2,23.57,94.2,2
125,24,12,79.18,394.41,15
125,25,20,71.46,417.0,24
125,26,2,17.11,86.99,0
125,31,2,28.72,136.71,2
125,33,56,175.59,1027.6,70
125,36,9,52.45,268.9,10
125,37,5,28.67,146.6,6
125,38,1,33.2,127.6,2
125,39,1,10.0,47.1,1
125,40,8,36.01,190.6,9
125,41,13,100.88,478.87,15
125,42,21,182.32,832.87,23
125,43,52,269.99,1459.37,70
125,45,80,103.22,929.5,98
125,48,188,567.11,3443.68,241
125,49,25,102.72,569.2,28
125,50,93,299.72,1771.3,97
125,52,12,42.93,253.0,15
125,53,1,13.3,51.3,1
125,54,5,19.69,110.9,5
125,56,1,10.3,48.5,2
125,61,10,59.99,311.61,9
125,62,3,19.29,92.3,4
125,65,13,38.61,225.9,21
125,66,30,91.31,576.9,36
125,67,1,8.8,42.2,1
125,68,587,1024.76,7063.33,763
125,69,1,10.53,45.7,1
125,71,1,9.34,47.1,4
125,73,1,13.15,54.1,1
125,74,12,89.23,428.93,9
125,75,29,187.06,889.22,31
125,79,522,736.35,5977.32,676
125,80,16,77.97,411.5,18
125,82,2,14.69,65.5,2
125,83,1,9.26,38.0,1
125,84,1,27.87,104.5,1
125,85,2,13.46,63.4,2
125,87,234,448.22,3037.54,291
125,88,74,156.66,998.51,87
125,89,5,45.76,202.1,6
125,90,488,638.99,4598.3,618
125,93,1,12.47,54.1,2
125,94,1,22.61,102.4,3
125,95,4,41.03,182.1,6
125,97,23,80.53,502.73,31
125,100,169,367.69,2575.46,218
125,102,1,9.4,54.8,1
125,106,3,15.18,89.5,3
125,107,377,670.26,4758.22,442
125,112,37,187.41,1001.62,47
125,113,495,486.15,3865.79,606
125,114,281,215.49,2138.62,385
125,116,14,112.05,539.53,15
125,118,1,19.45,79.3,1
125,119,1,10.37,70.9,1
125,123,1,15.26,60.4,1
125,124,2,42.15,176.1,2
125,125,242,133.02,4186.39,319
125,127,4,23.5,176.35,2
125,129,7,57.71,268.13,8
125,130,1,15.2,61.1,1
125,132,124,2384.25,8970.45,175
125,133,4,27.79,125.97,3
125,134,1,12.32,49.2,1
125,137,133,328.77,2146.6,146
125,138,98,1095.1,4893.91,118
125,140,95,481.14,2760.02,106
125,141,119,548.58,3131.28,136
125,142,128,596.6,2964.12,152
125,143,100,401.2,2351.31,140
125,144,386,310.41,3230.14,517
125,145,12,71.23,358.7,13
125,146,3,24.9,121.0,3
125,148,298,349.01,3178.91,400
125,151,49,292.46,1534.23,49
125,152,1,8.0,34.5,1
125,157,2,15.87,83.8,2
125,158,514,453.7,4104.9,643
125,161,335,976.82,6491.84,425
125,162,197,626.01,4136.31,243
125,163,160,550.69,3662.9,205
125,164,285,594.39,4130.23,375
125,165,2,18.67,82.3,2
125,166,42,277.9,1457.9,36
125,168,1,9.21,41.5,6
125,169,1,13.7,56.9,1
125,170,375,965.1,6494.23,414
125,173,1,9.55,44.3,1
125,177,3,22.33,119.6,3
125,179,3,23.56,115.4,3
125,181,36,176.28,1021.71,43
125,186,408,732.69,5002.47,544
125,188,13,91.23,452.96,9
125,189,19,84.34,503.79,23
125,190,1,4.8,26.8,1
125,193,3,13.23,98.0,3
125,195,5,25.6,133.3,10
125,196,2,18.67,86.5,2
125,198,8,64.32,267.8,15
125,200,3,42.11,160.69,3
125,202,3,21.78,104.9,3
125,209,88,139.99,1042.19,117
125,211,240,144.36,1669.83,346
125,212,1,14.53,58.3,1
125,215,1,14.0,69.5,2
125,216,2,29.64,140.0,3
125,217,7,25.78,164.5,9
125,220,1,12.1,39.5,1
125,223,5,54.43,227.8,6
125,224,55,114.91,831.53,55
125,225,14,79.99,469.17,19
125,226,1,7.15,38.0,3
125,227,1,7.4,33.1,1
125,228,7,48.35,231.28,7
125,229,102,387.44,2245.54,111
125,230,281,785.83,5291.42,372
125,231,792,689.99,6194.23,1023
125,232,130,219.18,1658.14,162
125,233,101,318.71,1977.34,129
125,234,616,918.97,6737.34,756
125,236,151,833.42,4698.85,174
125,237,168,702.05,4319.19,194
125,238,111,593.81,3221.85,134
125,239,177,879.65,4797.11,213
125,241,1,18.1,42.5,1
125,242,2,13.24,114.1,2
125,243,17,169.79,790.89,14
125,244,16,156.08,671.02,24
125,246,412,907.1,5705.15,506
125,247,1,10.85,45.7,1
125,249,930,673.93,6209.63,1253
125,252,1,15.21,63.9,1
125,255,42,178.43,1067.82,53
125,256,43,145.15,999.8,57
125,257,6,35.01,182.9,11
125,259,4,67.94,294.8,5
125,261,145,247.59,1787.47,183
125,262,69,421.74,2124.51,89
125,263,94,535.66,2836.13,103
126,20,1,3.06,19.8,2
126,37,1,13.1,50.5,1
126,41,3,10.6,70.5,3
126,42,3,10.8,67.5,3
126,43,1,5.04,44.0,1
126,48,1,1.6,19.1,6
126,50,1,11.8,39.5,1
126,60,3,2.91,23.23,1
126,62,1,0.0,45.5,1
126,69,1,0.0,28.26,0
126,71,1,12.9,55.5,1
126,74,3,12.07,75.08,2
126,75,3,13.06,69.28,2
126,76,1,18.99,73.0,1
126,77,1,0.0,50.5,1
126,78,2,4.3,30.33,0
126,88,4,23.0,158.0,4
126,107,1,8.8,33.5,1
126,116,1,0.0,23.14,0
126,125,1,12.9,42.5,1
126,126,9,2.56,184.55,9
126,127,1,6.26,28.43,0
126,129,1,5.6,26.5,1
126,137,5,33.6,156.5,5
126,142,3,20.8,87.5,3
126,143,2,23.3,76.0,2
126,147,1,0.0,6.83,0
126,151,1,6.5,32.44,0
126,163,1,11.3,41.5,1
126,164,1,18.1,33.5,1
126,166,3,16.2,81.5,3
126,167,1,1.0,16.5,1
126,169,1,0.0,26.54,0
126,170,2,17.43,60.66,1
126,173,1,8.06,33.47,0
126,174,1,4.2,25.5,1
126,177,1,16.0,48.5,1
126,182,1,3.3,20.5,1
126,185,1,3.1,22.5,1
126,186,1,8.4,33.5,1
126,195,1,13.0,46.5,1
126,198,1,6.9,33.1,1
126,205,1,13.4,43.5,1
126,208,1,4.61,18.36,0
126,209,1,15.1,31.5,1
126,210,1,22.4,69.5,1
126,212,3,3.0,51.31,2
126,213,2,2.9,35.56,1
126,225,1,1.4,40.5,1
126,226,1,0.0,34.5,1
126,230,1,10.84,45.0,1
126,232,1,10.1,35.5,1
126,233,1,8.4,60.0,1
126,235,1,4.33,20.19,0
126,238,1,0.0,30.0,1
126,239,1,9.7,35.5,1
126,243,3,18.32,83.14,2
126,244,2,11.44,49.97,0
126,246,1,11.81,49.9,1
126,247,1,10.48,39.4,1
126,250,1,3.32,15.67,0
126,254,1,7.01,35.24,0
126,262,2,10.59,61.68,1
126,263,1,4.3,24.5,1
127,14,24,442.3,1386.0,24
127,18,2,2.98,22.1,2
127,20,1,1.84,10.0,2
127,24,3,17.29,78.54,1
127,35,1,17.8,56.5,1
127,41,9,26.16,222.75,5
127,42,13,34.68,266.95,10
127,43,1,6.85,22.62,0
127,46,2,15.98,0.0,2
127,48,3,27.44,105.58,0
127,50,3,25.8,94.92,2
127,51,1,7.1,28.5,1
127,65,1,16.4,45.5,1
127,67,1,20.5,56.5,1
127,68,1,10.11,41.27,0
127,74,4,21.22,102.91,3
127,75,6,36.97,159.55,4
127,81,1,5.81,28.9,1
127,83,1,1.2,9.3,1
127,94,2,5.67,38.57,1
127,95,4,39.2,170.0,4
127,97,1,0.0,50.5,1
127,100,3,26.82,111.71,2
127,107,1,8.9,35.5,1
127,112,2,17.8,83.0,2
127,113,1,11.0,37.5,1
127,116,6,26.29,130.77,2
127,119,1,3.4,45.5,1
127,125,1,11.1,37.5,1
127,127,34,6.62,1558.55,43
127,128,1,0.23,4.4,1
127,132,1,20.88,93.53,0
127,136,1,1.02,7.9,1
127,137,2,18.93,40.1,1
127,138,3,34.05,131.01,0
127,142,2,17.7,63.0,2
127,143,3,22.2,91.4,3
127,145,1,9.6,38.5,1
127,148,1,11.65,3.57,0
127,151,3,21.52,95.0,3
127,152,3,4.68,63.18,1
127,158,1,10.5,36.5,1
127,161,2,18.4,66.0,2
127,162,1,9.8,39.18,0
127,163,1,8.5,32.5,1
127,166,4,21.71,139.13,2
127,167,1,5.38,26.09,0
127,168,1,5.0,24.5,1
127,169,3,7.78,18.5,3
127,170,2,17.6,68.0,2
127,177,1,17.6,55.5,1
127,185,2,13.7,47.0,2
127,186,3,29.2,105.5,3
127,191,1,15.5,48.5,1
127,200,2,5.39,43.7,2
127,203,1,21.2,58.5,1
127,213,1,0.0,34.0,1
127,220,6,11.47,65.6,14
127,228,1,17.1,94.5,1
127,230,2,8.3,66.0,2
127,231,2,23.7,86.92,1
127,233,1,30.87,124.1,1
127,235,5,3.47,41.5,5
127,236,3,15.2,86.1,2
127,237,1,9.4,31.5,1
127,238,3,22.66,134.86,3
127,239,2,15.29,62.1,1
127,241,2,4.04,30.2,2
127,242,1,5.5,29.5,1
127,243,12,12.12,126.39,14
127,244,25,52.32,424.98,14
127,248,1,3.3,25.5,1
127,249,1,11.1,37.5,1
127,254,2,9.8,53.0,2
127,259,2,6.4,52.0,2
127,260,2,17.1,69.0,2
127,262,1,7.24,42.22,0
127,263,2,14.3,57.0,2
128,50,2,16.78,74.07,0
128,66,1,13.8,45.5,1
128,72,1,17.6,61.5,1
128,74,1,5.49,49.9,0
128,76,1,18.3,58.5,1
128,127,2,1.32,11.6,2
128,128,2,0.0,85.7,3
128,138,1,11.72,42.62,0
128,142,1,8.24,37.3,0
128,149,1,20.4,61.5,1
128,152,1,5.72,26.8,1
128,169,1,3.41,22.6,1
128,211,1,11.79,56.3,0
128,218,2,21.8,117.0,2
128,238,1,7.26,31.7,4
128,243,2,2.52,19.3,3
128,263,1,7.5,29.5,1
129,4,2,18.61,69.39,1
129,7,37,90.81,569.3,36
129,9,1,5.3,31.5,1
129,10,1,9.5,37.5,1
129,13,3,20.27,123.69,1
129,16,1,6.2,35.5,1
129,20,3,32.53,122.48,1
129,25,1,7.63,25.75,0
129,28,3,25.75,87.92,2
129,29,1,16.2,50.5,1
129,35,1,6.8,41.5,1
129,37,4,40.27,166.34,1
129,41,7,46.63,199.0,9
129,42,1,6.55,22.04,0
129,43,2,19.6,74.9,2
129,45,2,17.55,79.2,1
129,48,6,47.85,221.32,8
129,49,1,9.5,38.7,1
129,51,2,28.6,84.0,2
129,53,2,11.32,51.5,2
129,56,12,23.95,175.61,11
129,57,1,1.74,24.7,1
129,61,2,20.63,85.14,1
129,62,3,30.0,128.18,1
129,63,4,18.16,125.46,3
129,65,3,29.4,99.95,1
129,68,7,47.8,222.7,7
129,69,2,8.6,60.34,1
129,70,23,16.86,423.98,22
129,71,1,15.32,43.39,0
129,73,1,8.41,33.8,1
129,74,5,28.57,174.65,3
129,75,9,50.34,259.63,10
129,76,3,35.03,120.85,2
129,79,3,16.07,95.53,1
129,80,1,7.22,30.49,0
129,82,31,46.72,442.25,24
129,83,18,33.49,253.33,13
129,85,1,13.24,43.35,0
129,87,1,0.0,42.23,0
129,88,5,44.88,227.3,5
129,89,1,11.9,39.5,1
129,90,3,31.28,131.5,5
129,92,8,36.78,203.07,8
129,93,3,22.24,16.33,2
129,95,11,49.49,238.37,13
129,96,1,9.6,36.6,1
129,97,2,7.1,60.0,2
129,98,1,6.5,28.5,1
129,100,3,25.54,113.04,2
129,101,2,28.08,108.07,0
129,102,1,7.76,31.7,1
129,107,4,30.41,114.7,3
129,112,2,12.39,64.03,1
129,113,2,6.5,58.5,2
129,116,2,16.6,65.5,1
129,117,1,12.2,44.5,1
129,120,1,8.71,37.3,3
129,121,1,7.92,31.14,0
129,125,1,9.52,58.44,0
129,126,1,5.7,25.5,1
129,129,240,104.94,2514.6,277
129,130,8,56.9,248.81,4
129,132,15,187.67,824.93,8
129,134,5,23.73,96.67,3
129,135,2,16.55,51.98,0
129,136,1,7.9,35.5,1
129,137,10,64.57,296.32,9
129,138,44,68.38,2047.57,62
129,140,8,57.46,239.57,7
129,141,4,18.41,112.3,7
129,142,3,27.59,124.9,3
129,143,2,17.43,69.4,2
129,144,3,31.07,126.2,3
129,145,9,37.62,218.84,6
129,146,4,10.61,71.86,3
129,151,1,8.69,41.52,0
129,157,4,7.58,85.09,1
129,158,3,28.49,130.12,2
129,159,2,24.3,57.0,2
129,160,4,7.02,83.93,2
129,161,13,88.05,436.2,16
129,162,8,60.3,255.5,10
129,163,3,19.67,86.36,2
129,164,9,45.21,301.75,8
129,168,1,0.0,22.29,0
129,170,7,40.59,196.64,5
129,171,2,4.94,49.11,0
129,173,16,24.31,216.46,11
129,174,1,16.1,39.5,1
129,175,1,8.39,45.07,0
129,177,3,37.86,139.17,3
129,179,10,30.96,171.03,7
129,181,1,10.84,42.9,1
129,182,2,9.1,69.0,2
129,186,4,19.23,176.91,2
129,190,1,9.02,42.9,1
129,192,1,2.6,22.5,1
129,193,2,3.77,51.99,0
129,196,2,7.33,41.19,1
129,197,4,27.89,128.67,7
129,198,2,4.8,53.67,1
129,208,2,23.68,86.7,2
129,212,1,9.8,34.96,0
129,215,1,7.7,28.84,0
129,216,2,8.22,61.77,0
129,217,1,8.19,33.8,1
129,218,1,8.6,39.5,1
129,220,1,12.71,47.48,0
129,223,15,29.84,311.08,12
129,225,2,15.0,68.6,3
129,226,18,36.63,304.57,13
129,228,2,22.31,76.17,3
129,229,3,23.19,110.36,2
129,230,12,94.67,534.5,19
129,231,3,26.59,118.06,2
129,232,1,8.5,-35.9,3
129,233,5,31.8,145.08,4
129,234,5,36.71,169.9,4
129,235,1,0.0,36.27,0
129,236,3,23.66,104.0,3
129,237,5,29.23,139.6,10
129,238,2,16.87,81.51,2
129,239,6,58.6,266.97,3
129,243,1,9.4,40.8,1
129,244,7,51.22,246.9,7
129,246,1,14.98,59.7,1
129,247,1,8.7,34.5,1
129,248,1,9.67,39.11,0
129,249,2,23.61,113.92,2
129,252,4,17.03,96.24,3
129,254,3,38.79,42.78,2
129,255,1,7.36,30.3,3
129,256,1,7.05,31.0,1
129,258,1,4.93,21.96,0
129,260,51,52.75,553.64,60
129,261,4,44.12,191.87,2
129,262,1,8.16,33.1,1
129,263,3,17.45,96.09,6
130,3,1,13.38,50.6,1
130,4,2,24.8,85.0,2
130,7,6,58.57,204.91,4
130,9,1,5.5,25.5,1
130,10,14,30.79,243.51,10
130,13,2,31.95,137.4,4
130,14,3,37.0,162.5,3
130,16,1,9.25,37.3,1
130,17,7,71.28,318.5,7
130,19,1,7.28,33.1,1
130,20,1,15.07,44.77,0
130,25,1,14.5,43.5,1
130,26,2,29.4,105.0,2
130,28,7,8.21,88.28,2
130,33,2,13.75,114.5,3
130,35,8,63.6,280.46,6
130,36,1,10.1,41.37,0
130,37,4,38.16,174.8,8
130,38,3,6.77,64.64,1
130,39,5,27.1,178.5,5
130,41,7,79.46,349.5,7
130,42,3,40.4,157.0,3
130,43,3,40.53,228.0,3
130,48,8,108.47,590.94,19
130,49,4,47.5,168.0,4
130,50,5,68.27,352.0,7
130,51,3,25.9,121.5,3
130,52,1,13.2,47.5,1
130,53,2,13.31,51.46,1
130,55,1,16.9,48.5,1
130,56,3,8.89,131.55,2
130,58,1,0.0,38.5,1
130,61,9,63.24,306.33,7
130,62,3,31.3,108.24,2
130,63,1,7.2,32.5,1
130,65,2,27.29,92.4,2
130,68,7,90.78,346.5,10
130,70,3,15.5,85.47,2
130,71,7,70.7,276.0,7
130,72,8,68.92,307.69,5
130,73,1,7.7,21.5,1
130,74,3,35.84,169.1,4
130,75,9,121.61,447.9,9
130,76,4,14.5,116.0,4
130,77,2,15.4,63.71,0
130,78,1,0.0,41.5,1
130,79,6,80.18,432.24,8
130,80,2,20.07,89.21,1
130,81,1,18.2,46.5,1
130,82,10,52.93,207.35,7
130,83,2,21.07,79.16,1
130,86,3,25.4,130.73,2
130,87,4,59.21,313.0,7
130,88,2,38.3,100.0,2
130,89,1,17.8,50.5,1
130,90,3,38.68,263.0,5
130,91,2,11.5,81.0,2
130,92,3,18.09,72.43,3
130,93,7,32.01,117.9,7
130,94,2,35.0,96.0,2
130,95,6,20.35,153.1,4
130,97,3,38.3,142.7,3
130,98,2,0.0,31.12,1
130,100,5,51.87,312.26,4
130,101,1,1.5,28.5,1
130,102,3,12.66,72.34,1
130,106,1,18.05,50.57,0
130,107,11,111.74,452.73,11
130,112,2,20.53,119.5,2
130,113,3,39.29,195.5,4
130,116,3,31.35,160.0,4
130,117,4,36.3,156.0,4
130,119,2,13.9,94.5,2
130,120,2,26.55,123.6,2
130,121,7,12.49,103.06,4
130,122,5,8.83,72.48,2
130,123,1,16.0,43.5,1
130,125,1,13.92,70.0,2
130,128,1,17.3,57.5,1
130,129,6,49.38,196.67,3
130,130,82,44.11,1397.7,96
130,131,6,10.27,95.32,4
130,132,18,88.42,793.8,24
130,133,1,10.1,53.5,1
130,134,6,18.59,119.18,5
130,135,5,7.8,89.5,5
130,136,1,0.0,46.5,1
130,137,5,47.18,276.44,5
130,138,12,78.46,423.8,15
130,139,3,8.8,64.17,2
130,140,4,36.61,205.86,4
130,141,3,37.51,181.5,3
130,142,3,44.27,226.65,4
130,145,8,78.74,260.9,8
130,146,2,20.38,134.01,2
130,148,10,123.82,563.23,9
130,151,2,29.63,140.0,2
130,152,1,18.6,70.0,1
130,155,3,22.1,118.5,3
130,157,2,16.04,4.2,2
130,160,1,6.82,70.0,2
130,161,2,25.14,140.0,2
130,162,8,97.57,591.0,10
130,163,2,25.42,114.5,2
130,164,11,137.66,846.0,20
130,165,1,11.5,41.5,1
130,166,5,73.14,294.39,6
130,168,1,15.4,38.5,1
130,170,9,103.9,507.59,14
130,171,1,6.26,19.18,0
130,173,1,6.48,31.7,6
130,174,2,29.6,93.0,2
130,175,1,4.2,25.5,1
130,177,1,7.1,32.5,1
130,179,4,21.9,176.36,5
130,181,1,13.5,41.5,1
130,186,4,50.26,297.0,4
130,188,1,10.69,40.53,0
130,189,2,22.95,94.5,3
130,191,6,12.38,107.27,3
130,192,3,15.9,80.5,3
130,193,2,21.61,118.13,1
130,194,5,52.24,33.1,5
130,196,1,5.47,21.9,2
130,197,8,5.06,261.43,8
130,200,4,70.08,235.41,3
130,202,1,11.17,70.0,2
130,203,6,22.7,166.43,5
130,205,8,15.8,139.58,5
130,208,1,12.0,41.5,1
130,209,4,55.66,230.17,3
130,211,2,28.89,140.0,2
130,215,17,22.29,225.25,12
130,216,13,34.32,241.63,8
130,218,13,57.01,180.0,10
130,219,5,38.92,164.5,4
130,220,4,75.1,215.0,4
130,221,1,21.98,61.15,0
130,222,3,28.1,94.5,3
130,223,8,68.2,89.7,11
130,224,1,0.0,45.5,1
130,225,3,22.9,96.5,3
130,226,16,153.1,497.3,17
130,229,3,26.97,184.0,3
130,230,14,187.42,878.19,23
130,231,3,43.4,210.0,3
130,232,5,39.7,362.69,6
130,233,4,47.72,216.0,4
130,234,2,27.78,140.0,3
130,235,2,31.7,96.0,2
130,236,6,87.43,140.0,14
130,237,2,22.69,114.5,3
130,238,6,76.45,464.0,13
130,239,7,89.47,487.19,11
130,242,3,30.4,115.5,3
130,244,3,52.35,162.18,1
130,246,3,40.79,222.94,4
130,248,1,12.16,36.13,0
130,249,1,14.44,88.0,1
130,252,1,8.03,51.0,1
130,254,1,13.0,44.5,1
130,255,1,10.0,36.5,1
130,258,5,13.87,103.01,1
130,259,1,0.0,51.04,0
130,260,3,25.91,119.3,3
130,261,3,46.45,160.98,2
130,262,3,41.89,210.0,6
130,263,3,41.98,210.0,4
131,7,1,10.13,40.8,1
131,9,1,2.4,18.4,1
131,16,3,12.2,67.5,3
131,18,1,15.0,47.5,1
131,25,10,101.2,458.5,10
131,28,5,3.7,64.09,3
131,29,1,21.14,80.0,1
131,37,1,9.31,43.65,0
131,38,1,3.5,23.5,1
131,39,1,10.2,36.5,1
131,45,5,52.8,260.5,5
131,48,1,16.1,46.5,1
131,49,1,11.9,40.5,1
131,62,1,0.0,60.38,0
131,63,1,14.7,31.5,1
131,65,2,25.5,91.0,2
131,68,3,52.1,130.5,3
131,74,1,13.3,43.5,1
131,75,4,70.5,186.0,4
131,76,1,1.5,33.5,1
131,82,1,6.8,31.74,0
131,89,1,12.71,4.79,0
131,92,1,4.9,27.5,1
131,95,5,15.58,116.99,3
131,98,3,2.2,52.0,3
131,100,1,13.5,44.5,1
131,102,1,4.8,25.5,1
131,107,3,35.9,124.5,3
131,114,1,13.9,46.5,1
131,121,8,10.7,73.4,7
131,122,2,3.39,25.56,1
131,129,1,7.54,28.0,0
131,130,4,7.84,75.07,3
131,131,24,7.42,467.8,25
131,132,2,14.3,66.2,2
131,135,2,4.6,37.0,2
131,137,7,80.1,305.5,7
131,139,1,3.5,21.5,1
131,140,4,65.3,176.0,4
131,141,1,18.8,40.5,1
131,142,2,30.66,129.9,1
131,145,1,11.19,42.9,1
131,146,1,9.9,36.5,1
131,155,1,20.2,45.5,1
131,161,3,36.1,124.5,3
131,164,3,40.7,118.5,3
131,170,2,30.5,81.0,2
131,185,3,36.3,133.5,3
131,189,2,0.0,95.0,2
131,191,3,4.13,109.0,3
131,192,1,5.4,26.5,1
131,195,2,37.3,103.0,2
131,196,1,3.9,24.5,1
131,205,5,8.99,104.6,5
131,208,1,8.4,39.5,1
131,209,1,14.1,49.5,1
131,210,1,21.3,49.5,1
131,213,1,11.6,36.5,1
131,215,2,1.5,31.71,1
131,216,1,3.8,23.5,1
131,218,1,4.4,23.5,1
131,226,2,17.82,69.7,2
131,228,1,19.68,59.1,0
131,229,1,13.9,42.5,1
131,230,1,18.1,41.5,1
131,231,1,17.3,45.5,1
131,233,2,23.22,103.51,1
131,244,3,40.58,22.5,3
131,248,1,9.5,43.5,1
131,250,1,10.5,41.5,1
131,252,1,7.4,31.5,1
131,258,2,9.7,57.0,2
132,1,205,7562.58,30876.4,309
132,2,3,31.34,128.7,3
132,3,68,1368.51,4131.0,95
132,4,346,6346.7,24148.49,474
132,5,6,206.28,752.3,8
132,6,14,320.63,1198.4,26
132,7,860,12523.89,47591.8,1079
132,8,7,102.6,399.7,12
132,9,118,1498.85,5883.7,169
132,10,2079,7832.98,35018.73,2876
132,11,59,1086.84,3549.9,78
132,12,10,228.77,742.2,22
132,13,780,18141.35,54603.48,1108
132,14,462,9756.19,34001.6,618
132,15,137,2122.31,7491.9,199
132,16,212,2978.8,10941.3,304
132,17,818,11183.76,45689.7,1036
132,18,93,2055.34,6932.5,108
132,19,217,2325.3,8768.6,306
132,20,81,1723.46,6346.4,101
132,21,121,2090.04,6856.8,157
132,22,159,3010.19,11276.6,203
132,23,25,706.33,2374.6,41
132,24,343,6719.39,23805.6,484
132,25,892,16572.05,64568.0,1214
132,26,308,6273.68,22114.6,442
132,27,36,569.99,2045.9,64
132,28,650,4087.84,15284.6,875
132,29,175,2731.27,9052.3,264
132,30,29,271.24,1104.7,38
132,31,13,281.93,919.2,16
132,32,67,1405.53,4325.6,103
132,33,856,17244.79,65123.8,1136
132,34,27,474.43,1609.7,29
132,35,262,2547.31,9967.5,363
132,36,523,6007.23,24500.72,655
132,37,767,9019.05,36648.04,971
132,38,447,3547.73,12304.2,667
132,39,721,6994.39,25999.17,922
132,40,412,9612.65,36161.9,560
132,41,731,13491.68,50419.49,1091
132,42,561,10268.54,37779.74,785
132,43,481,8939.44,32579.0,721
132,44,2,76.42,276.2,2
132,45,204,3951.94,14014.54,293
132,46,20,444.63,1320.6,29
132,47,43,889.72,3267.0,56
132,48,3237,59193.26,220827.66,5411
132,49,981,15111.89,58671.0,1294
132,50,709,13776.14,49192.26,1036
132,51,127,2585.22,9219.6,163
132,52,263,5762.81,22035.9,329
132,53,119,1494.8,4932.0,156
132,54,94,2191.4,8069.6,129
132,55,167,2750.41,9481.57,228
132,56,337,3279.77,11458.64,478
132,57,14,139.49,550.2,21
132,58,13,245.01,907.0,17
132,60,38,759.93,2948.3,51
132,61,1476,17001.49,71225.2,1971
132,62,510,6426.38,27013.8,725
132,63,344,2607.69,9934.1,451
132,64,176,2192.37,8275.4,272
132,65,586,10974.98,42259.5,764
132,66,321,6255.66,23951.8,420
132,67,106,2141.78,7968.5,139
132,68,2298,41589.82,159079.3,3481
132,69,156,3092.21,11199.8,192
132,70,341,3920.8,14879.7,507
132,71,271,3281.39,12583.81,360
132,72,403,4360.03,16915.68,506
132,73,67,762.22,2930.3,106
132,74,411,7291.19,28066.88,630
132,75,702,13092.0,47992.36,1019
132,76,748,5679.61,22423.39,999
132,77,162,1406.18,5220.7,192
132,78,60,1241.2,4317.1,88
132,79,1699,30967.21,117917.13,2361
132,80,696,11036.35,42278.9,872
132,81,66,1363.49,4173.9,89
132,82,555,6184.69,21661.2,767
132,83,136,1741.74,6414.4,190
132,84,13,476.94,1493.9,21
132,85,157,2173.97,8267.3,193
132,86,358,3109.43,13371.2,537
132,87,1224,26142.52,84825.17,1770
132,88,336,7271.19,23490.49,512
132,89,794,12783.29,49461.9,1004
132,90,1532,27762.17,105047.07,2273
132,91,359,4571.13,16741.4,468
132,92,615,6531.74,25081.6,855
132,93,601,5188.01,16381.8,802
132,94,36,795.45,2724.3,52
132,95,1313,10937.41,44003.7,1880
132,96,46,405.16,1595.0,63
132,97,637,10730.0,42627.9,863
132,98,168,1831.42,7351.7,227
132,100,1559,27395.93,105708.43,2539
132,101,135,1571.4,5821.2,183
132,102,230,2180.41,9071.77,336
132,106,108,2338.24,8583.6,141
132,107,1484,26103.43,102152.64,2136
132,108,100,1579.79,5646.6,156
132,109,10,300.64,1129.0,16
132,111,3,70.42,266.6,3
132,112,1062,16941.08,65212.6,1363
132,113,1038,19153.67,72297.09,1458
132,114,600,11265.94,41713.4,818
132,115,17,413.22,1562.7,26
132,116,428,8369.63,28949.3,621
132,117,161,1799.32,7105.05,213
132,118,35,914.64,3026.0,49
132,119,83,1699.68,5445.1,112
132,120,19,417.01,1485.0,22
132,121,251,2235.58,8321.1,361
132,122,119,974.77,3862.5,175
132,123,334,5359.19,18478.04,514
132,124,506,3005.31,12039.5,733
132,125,529,10472.49,36969.89,750
132,126,57,1156.19,3428.5,70
132,127,191,4195.67,12330.8,286
132,128,19,419.42,1247.5,20
132,129,682,8680.16,31839.6,932
132,130,953,5658.9,22344.17,1286
132,131,357,3319.83,12664.4,542
132,132,7252,11392.51,192952.03,10422
132,133,206,4277.49,15699.7,257
132,134,423,2893.98,11357.1,593
132,135,387,2866.62,11703.8,578
132,136,52,1169.32,4430.0,74
132,137,644,11045.77,44604.67,895
132,138,2253,26066.14,98167.84,3218
132,139,423,2396.53,9902.9,597
132,140,993,19057.05,68454.97,1426
132,141,1533,28678.29,106172.97,2202
132,142,1632,32250.51,112889.16,2437
132,143,1005,20455.33,68923.77,1487
132,144,715,13259.26,49309.84,996
132,145,960,15213.71,58991.87,1256
132,146,279,4346.94,17378.1,376
132,147,33,642.55,2494.0,40
132,148,1124,20464.61,77879.18,1580
132,149,243,3580.99,13159.7,350
132,150,135,1880.47,7342.9,215
132,151,823,16475.17,56213.18,1233
132,152,180,3449.79,12337.9,267
132,153,22,518.32,1785.3,29
132,154,251,2894.56,9402.0,348
132,155,479,6025.49,22217.2,672
132,156,16,454.67,1562.7,26
132,157,361,4309.06,13770.57,495
132,158,691,13669.37,47812.67,1003
132,159,65,1254.32,4981.6,103
132,160,258,2827.27,11089.3,343
132,161,2459,43558.99,169277.65,3694
132,162,2072,37534.75,143020.02,3098
132,163,2431,44587.36,165778.29,3829
132,164,3039,52414.38,209158.08,4730
132,165,379,5871.09,21844.5,531
132,166,1011,19377.56,70149.39,1403
132,167,68,1378.8,4470.4,100
132,168,179,3287.32,11449.5,243
132,169,91,1971.11,6746.7,118
132,170,2393,40513.54,164799.78,3518
132,171,153,1912.86,7028.5,211
132,172,14,367.24,1388.8,19
132,173,144,1559.79,5614.0,189
132,174,66,1483.08,5101.7,93
132,175,164,2026.14,7608.6,238
132,176,8,219.02,839.5,12
132,177,306,2986.7,12208.45,395
132,178,160,2791.27,10012.7,252
132,179,368,5330.3,20360.6,493
132,180,276,1629.59,6294.4,386
132,181,1506,28781.61,112765.4,2036
132,182,65,1229.69,4330.8,85
132,183,35,625.56,2105.5,49
132,184,5,109.57,294.1,7
132,185,82,1637.68,5891.4,99
132,186,1437,25583.98,98887.13,2210
132,187,9,248.8,916.7,10
132,188,675,9069.52,36798.5,897
132,189,650,9259.17,39057.9,838
132,190,44,713.79,2712.1,50
132,191,380,3613.13,12755.1,516
132,192,87,833.11,3068.4,120
132,193,68,1075.92,4125.0,98
132,194,27,465.02,1609.1,51
132,195,123,3130.96,11596.6,167
132,196,351,3485.2,12733.55,476
132,197,620,3871.52,15878.77,842
132,198,550,5901.16,22450.95,714
132,200,191,4975.34,17445.1,279
132,201,166,2256.67,8731.7,235
132,202,263,4426.22,18297.2,377
132,203,527,3097.61,12219.87,692
132,204,9,320.74,910.0,9
132,205,605,3460.35,14428.6,796
132,206,31,808.63,2858.0,41
132,207,14,169.0,641.9,17
132,208,128,2298.3,8442.6,182
132,209,452,9452.54,31711.97,657
132,210,253,3556.59,12586.4,372
132,211,637,12252.54,44504.6,932
132,212,58,1057.92,3710.9,80
132,213,124,2339.92,8054.3,169
132,214,15,369.89,1187.0,23
132,215,613,3135.22,12738.37,815
132,216,2016,9100.43,38951.39,2811
132,217,182,3117.84,11887.1,270
132,218,518,2174.11,8984.7,680
132,219,1093,4311.16,17009.1,1490
132,220,187,4609.17,16025.4,245
132,221,28,667.29,2116.0,35
132,222,148,1178.66,3817.7,194
132,223,568,7774.58,28987.04,794
132,224,510,20074.61,35482.6,729
132,225,684,7645.31,31866.6,880
132,226,618,9037.7,33620.3,813
132,227,144,3453.79,11447.8,185
132,228,260,6201.56,21623.2,344
132,229,1430,25133.36,98955.49,2121
132,230,5859,105553.8,399558.31,10232
132,231,1403,28992.47,97686.38,2006
132,232,556,10267.7,38203.23,782
132,233,1375,23398.8,94934.01,2063
132,234,1277,22757.0,87675.43,1788
132,235,96,2105.24,6344.7,124
132,236,1847,35604.15,128697.99,2762
132,237,1362,25503.03,93893.97,2020
132,238,1596,32277.12,110716.0,2383
132,239,1844,38393.46,127406.46,2736
132,240,15,347.92,1326.7,18
132,241,116,2677.06,8820.5,149
132,242,54,1039.08,3699.5,82
132,243,471,10015.25,31927.8,695
132,244,535,11065.59,36207.15,769
132,245,20,517.35,1572.6,25
132,246,730,13465.92,50514.49,1060
132,247,101,2061.89,7011.1,124
132,248,49,966.67,3215.3,59
132,249,918,17488.76,63691.51,1206
132,250,56,980.16,3464.0,83
132,251,13,333.15,1243.7,17
132,252,204,2709.16,9341.1,261
132,253,21,229.72,733.5,30
132,254,119,2597.39,8053.7,148
132,255,1289,21273.95,82243.97,1702
132,256,915,15358.32,60331.88,1206
132,257,266,6093.23,22312.1,343
132,258,391,2749.41,10810.1,544
132,259,112,2565.2,8626.0,143
132,260,347,4889.65,17552.8,483
132,261,761,17392.38,52647.37,1107
132,262,1219,23192.89,83869.9,1812
132,263,1420,26960.41,98307.8,2084
133,4,1,9.06,32.3,0
133,7,1,10.9,43.5,1
133,14,1,3.5,26.5,1
133,17,2,4.9,51.16,1
133,21,2,5.82,39.98,1
133,22,1,2.52,14.9,2
133,24,1,15.94,50.96,0
133,25,1,4.94,25.56,0
133,26,7,8.84,95.2,7
133,35,1,4.97,30.93,0
133,36,1,5.8,28.5,1
133,37,1,5.91,34.78,0
133,40,1,3.1,27.5,1
133,50,1,10.8,34.5,1
133,52,1,3.56,16.68,0
133,61,2,6.7,44.0,2
133,62,3,8.82,54.77,2
133,65,1,5.05,56.28,0
133,68,3,29.42,103.75,1
133,69,2,31.7,100.0,2
133,71,1,2.9,120.0,1
133,76,1,2.5,17.5,1
133,79,1,9.94,40.1,1
133,85,2,2.87,27.8,2
133,89,9,8.74,100.02,6
133,94,1,0.0,65.92,0
133,95,1,12.5,43.5,1
133,98,1,17.2,51.5,1
133,106,5,14.47,100.9,5
133,114,1,7.2,29.5,1
133,123,2,2.1,39.5,1
133,124,2,22.0,74.0,2
133,132,2,42.33,174.17,1
133,133,14,2.43,488.78,12
133,137,1,9.6,35.5,1
133,138,1,15.22,64.22,0
133,140,6,76.3,234.0,6
133,142,1,13.75,63.9,1
133,145,1,10.1,36.5,1
133,161,1,9.8,37.5,1
133,165,4,6.11,62.31,3
133,166,1,12.8,49.5,1
133,178,2,3.06,25.7,2
133,181,5,12.48,81.4,2
133,182,1,23.8,57.5,1
133,185,1,21.77,85.29,0
133,186,3,18.08,110.45,2
133,190,1,3.4,17.7,1
133,195,1,4.57,2.69,0
133,196,2,24.5,87.0,2
133,210,2,8.5,47.0,2
133,219,1,20.7,43.5,1
133,225,4,17.9,106.0,4
133,227,1,4.4,19.5,1
133,228,1,2.9,22.5,1
133,231,1,7.4,27.5,1
133,232,1,0.0,37.15,0
133,233,2,21.3,83.2,2
133,234,1,8.7,31.5,1
133,237,1,11.7,41.5,1
133,244,1,16.71,0.4,0
133,249,1,7.2,30.5,1
133,255,1,8.87,29.46,0
134,7,2,17.75,73.2,2
134,10,3,11.04,56.57,1
134,17,2,13.1,60.0,2
134,25,3,32.32,130.7,3
134,26,3,41.6,160.5,3
134,28,8,10.03,106.69,7
134,37,1,6.54,38.0,1
134,41,4,48.87,250.5,4
134,48,1,11.44,70.0,1
134,50,1,11.8,70.0,1
134,51,2,31.6,77.0,2
134,53,1,6.45,21.64,0
134,56,7,28.62,164.99,6
134,68,1,10.3,40.5,1
134,70,2,6.5,55.5,2
134,74,1,10.9,40.5,1
134,75,4,54.0,168.0,4
134,76,1,5.2,27.5,1
134,79,1,12.24,70.0,1
134,82,4,17.18,37.82,3
134,85,2,16.2,65.0,2
134,87,3,39.7,134.5,3
134,89,1,22.26,80.0,2
134,90,1,11.5,70.0,1
134,92,3,13.4,74.9,3
134,93,5,7.93,77.11,3
134,95,5,16.65,65.1,5
134,96,2,4.87,29.2,2
134,100,1,9.4,40.5,1
134,102,1,2.2,19.5,1
134,107,2,32.56,109.5,2
134,112,1,9.64,58.7,1
134,121,1,0.0,9.26,0
134,129,1,6.06,27.43,0
134,130,6,18.23,103.99,6
134,131,1,2.7,18.4,1
134,132,70,371.12,4590.87,122
134,133,1,0.0,53.5,1
134,134,32,14.96,1296.1,53
134,135,2,3.92,23.5,2
134,137,5,55.05,237.5,5
134,138,4,22.63,127.27,3
134,140,2,25.93,114.5,3
134,144,2,12.4,125.88,1
134,145,1,9.82,33.99,0
134,151,1,14.47,70.0,2
134,161,2,23.19,140.0,2
134,165,1,11.2,50.5,1
134,166,2,25.97,140.0,2
134,168,1,22.8,42.5,1
134,170,1,10.1,36.5,1
134,175,1,6.1,26.5,1
134,177,1,8.7,35.9,1
134,179,1,6.2,32.5,1
134,180,1,4.24,27.16,0
134,188,2,7.0,61.0,2
134,191,1,6.2,25.5,1
134,192,1,4.3,22.5,1
134,194,2,17.76,0.0,2
134,196,1,4.91,21.9,1
134,197,25,21.66,1109.68,32
134,198,1,4.99,24.0,1
134,205,3,23.4,80.5,3
134,207,1,7.42,41.47,0
134,215,4,14.73,99.19,3
134,216,4,9.88,149.64,3
134,217,1,9.2,37.5,1
134,218,1,4.6,25.4,1
134,219,1,5.9,27.5,1
134,223,3,26.95,107.28,3
134,225,3,13.41,94.44,2
134,226,1,10.77,27.02,0
134,230,3,34.49,210.0,9
134,234,2,23.9,0.0,2
134,236,4,55.06,227.69,4
134,240,1,1.0,44.5,1
134,243,1,16.69,66.0,1
134,246,1,14.56,60.4,1
134,247,10,115.3,423.0,10
134,256,1,10.39,60.8,1
134,257,1,10.51,51.86,0
134,260,1,0.0,41.5,1
134,261,1,0.0,41.5,1
135,7,1,8.88,38.19,0
135,9,3,14.38,56.9,3
135,15,1,2.6,28.5,1
135,21,1,16.9,50.5,1
135,22,1,2.9,54.5,1
135,24,2,21.3,83.0,2
135,28,3,4.12,38.0,4
135,36,1,6.1,30.49,0
135,37,1,11.12,34.72,0
135,38,1,0.0,26.66,0
135,42,4,21.7,154.0,4
135,51,3,26.7,125.5,3
135,56,1,0.0,6.5,1
135,61,1,8.78,34.31,0
135,68,1,13.1,38.5,1
135,70,1,0.0,23.5,1
135,73,1,3.4,21.5,1
135,74,1,1.7,39.5,1
135,75,4,46.05,183.91,3
135,76,3,15.0,96.0,3
135,82,2,3.0,37.42,1
135,85,1,15.6,34.5,1
135,86,2,11.2,77.44,1
135,88,1,17.7,44.5,1
135,92,1,4.32,21.72,0
135,95,8,9.89,109.46,8
135,97,1,9.9,38.5,1
135,98,1,2.4,19.5,1
135,107,3,28.5,176.5,4
135,112,2,28.7,64.0,2
135,121,3,6.71,48.1,3
135,124,1,4.0,28.5,1
135,130,5,7.4,85.5,5
135,131,1,3.2,19.5,1
135,132,3,19.78,133.22,0
135,134,1,1.7,11.5,1
135,135,11,10.61,467.4,14
135,140,4,44.7,172.0,4
135,144,1,11.3,42.5,1
135,146,1,7.1,41.89,0
135,151,6,44.7,250.5,6
135,152,1,13.4,40.5,1
135,161,5,61.2,176.35,3
135,162,2,25.16,85.17,1
135,164,1,10.1,35.5,1
135,171,2,8.47,40.16,1
135,183,1,16.1,39.5,1
135,188,1,9.0,33.5,1
135,192,4,9.6,67.0,4
135,196,1,2.1,18.5,1
135,205,2,5.51,54.55,1
135,209,2,14.44,99.96,1
135,220,4,53.8,209.5,4
135,226,1,9.54,27.22,0
135,230,1,0.0,37.0,1
135,231,4,54.9,168.0,4
135,232,1,8.5,40.5,1
135,233,3,35.7,107.5,3
135,235,1,0.0,60.0,0
135,236,2,25.11,106.16,1
135,244,1,15.9,46.5,1
135,247,3,19.2,118.5,3
135,248,1,14.84,35.04,0
136,3,1,3.91,19.37,0
136,4,1,11.97,64.33,0
136,18,2,1.5,13.7,2
136,21,1,0.0,94.5,0
136,34,1,15.2,47.5,1
136,39,1,21.3,65.5,1
136,40,1,4.8,54.5,1
136,41,4,24.6,104.0,4
136,42,4,13.4,100.24,3
136,45,1,18.7,45.5,1
136,48,2,21.2,72.0,2
136,50,1,9.4,37.5,1
136,61,5,85.6,263.5,5
136,65,1,14.2,48.5,1
136,68,3,23.1,134.0,2
136,74,5,23.98,123.68,3
136,75,3,19.46,87.1,2
136,76,2,22.8,147.5,1
136,78,1,2.22,22.21,0
136,79,2,23.6,80.0,2
136,81,2,10.4,51.0,2
136,93,1,16.1,46.5,1
136,94,1,0.5,15.5,1
136,97,1,6.3,50.5,1
136,107,1,10.9,40.5,1
136,108,1,24.0,70.5,1
136,116,2,7.4,46.0,2
136,119,1,0.0,16.65,0
136,120,1,3.4,22.5,1
136,127,2,2.04,15.1,2
136,130,1,16.3,46.5,1
136,136,6,0.58,493.5,7
136,137,4,42.44,188.63,3
136,140,1,12.4,33.5,1
136,142,2,19.0,71.0,2
136,145,1,14.6,43.5,1
136,148,1,13.9,46.5,1
136,151,2,8.9,62.0,2
136,152,1,4.0,24.5,1
136,161,3,19.4,110.5,3
136,163,1,9.5,35.5,1
136,166,1,0.49,5.1,1
136,167,3,12.03,76.53,2
136,168,2,10.39,67.3,2
136,169,1,1.61,11.15,0
136,170,1,11.2,55.5,2
136,174,4,6.64,94.88,2
136,177,1,20.3,53.2,1
136,179,1,0.0,25.94,0
136,182,1,0.0,22.49,0
136,185,1,3.8,22.5,1
136,186,1,12.2,38.5,1
136,197,1,15.7,57.5,1
136,198,1,0.0,44.0,1
136,209,1,19.1,23.5,1
136,210,1,13.5,74.5,1
136,215,1,0.0,46.5,1
136,216,1,22.8,46.5,1
136,225,1,13.6,57.5,1
136,227,1,18.5,59.5,1
136,228,1,17.9,59.5,1
136,230,2,21.3,73.0,2
136,231,1,0.0,45.5,1
136,233,1,9.4,37.5,1
136,234,1,10.9,39.5,1
136,235,5,5.33,88.94,4
136,238,2,8.15,65.14,1
136,239,2,15.4,65.0,2
136,240,2,5.9,48.0,2
136,241,1,0.97,6.83,0
136,242,1,10.6,43.5,1
136,243,4,7.22,71.46,2
136,244,3,12.3,78.41,2
136,247,1,3.6,23.5,1
136,254,1,4.7,24.5,1
136,258,1,16.9,38.5,1
136,261,2,30.0,95.0,2
136,262,2,14.5,65.0,2
137,1,14,223.87,1195.61,18
137,3,2,27.52,106.8,2
137,4,348,574.94,3723.63,432
137,6,1,16.4,63.2,1
137,7,94,461.43,2316.6,116
137,8,1,5.2,25.4,2
137,9,3,33.21,126.4,4
137,10,4,48.3,194.0,4
137,11,2,31.13,115.9,3
137,12,3,14.55,63.6,3
137,13,122,608.95,3028.12,118
137,14,35,403.75,1480.76,44
137,15,2,34.28,136.8,2
137,17,82,485.83,2562.05,103
137,18,7,68.55,356.18,4
137,19,2,12.9,96.0,2
137,20,3,43.4,121.5,3
137,21,1,15.73,66.7,2
137,22,5,76.74,275.7,7
137,24,42,221.9,1196.49,49
137,25,46,283.92,1220.37,63
137,26,12,144.75,409.0,14
137,28,5,62.33,190.3,5
137,29,4,66.07,253.0,5
137,31,1,9.8,39.5,1
137,32,4,39.91,167.6,6
137,33,90,493.98,2301.52,100
137,34,3,16.85,75.5,4
137,35,13,111.39,453.7,13
137,36,14,101.93,459.35,17
137,37,18,119.58,607.56,18
137,38,2,40.07,156.0,2
137,39,9,111.88,374.1,9
137,40,33,224.72,984.8,37
137,41,80,446.18,2293.46,77
137,42,78,488.07,2246.98,83
137,43,138,454.51,2857.56,166
137,45,90,291.93,1641.22,116
137,46,1,16.85,68.8,5
137,47,3,20.18,113.0,3
137,48,506,1055.28,8499.15,579
137,49,31,202.03,918.91,49
137,50,187,451.99,3317.71,175
137,51,8,118.03,372.5,8
137,52,23,145.67,671.74,29
137,53,1,10.7,39.5,1
137,54,3,21.46,30.3,4
137,55,9,127.71,508.4,10
137,56,12,84.35,350.9,16
137,58,1,12.7,55.5,1
137,60,2,20.8,67.0,2
137,61,29,226.38,1098.6,30
137,62,21,163.35,749.72,16
137,63,2,23.7,88.1,3
137,64,1,13.5,42.5,1
137,65,54,296.63,1406.77,58
137,66,32,167.26,788.9,43
137,67,3,26.25,127.5,4
137,68,628,982.41,8208.8,766
137,69,15,111.97,426.4,21
137,70,8,73.68,218.3,8
137,71,14,131.17,580.0,14
137,72,7,68.36,306.88,6
137,73,3,36.83,119.3,4
137,74,118,596.33,2802.93,138
137,75,215,858.51,4551.13,255
137,76,20,232.65,757.9,23
137,77,7,76.62,325.3,8
137,78,7,64.6,299.8,11
137,79,2019,2511.36,17830.3,2478
137,80,45,244.55,1199.9,59
137,81,2,18.09,118.7,2
137,82,10,69.25,318.0,13
137,83,6,43.36,209.8,6
137,85,8,98.76,344.1,9
137,86,5,70.9,289.0,5
137,87,308,1257.37,6023.37,318
137,88,147,622.61,2987.5,160
137,89,15,162.94,683.1,15
137,90,510,725.1,5857.1,614
137,91,11,110.31,475.4,15
137,92,7,84.53,303.0,9
137,93,2,9.17,41.7,2
137,94,2,23.26,0.0,2
137,95,35,274.47,1261.22,38
137,96,1,9.7,29.5,1
137,97,35,209.16,1012.2,43
137,98,7,77.05,346.8,9
137,100,594,757.28,6872.96,727
137,102,3,25.6,114.7,4
137,106,7,49.3,235.7,12
137,107,1452,1133.54,10427.26,1880
137,108,1,16.68,64.6,1
137,112,94,379.73,1831.4,116
137,113,670,1028.66,7569.37,831
137,114,466,885.79,6102.55,563
137,116,25,173.71,881.23,23
137,117,4,60.8,267.0,4
137,118,1,22.52,91.2,1
137,119,3,23.13,100.2,2
137,121,3,31.15,125.4,3
137,122,6,65.93,301.7,8
137,123,9,113.54,468.8,9
137,124,7,86.51,353.09,7
137,125,107,295.72,1797.16,105
137,126,4,27.55,145.2,4
137,127,21,211.09,838.14,22
137,129,50,326.93,1566.4,64
137,130,7,71.73,359.77,7
137,131,4,37.0,178.3,4
137,132,120,1924.76,8069.6,143
137,133,9,86.6,367.5,10
137,134,6,55.5,213.5,6
137,135,2,27.5,89.5,2
137,136,3,29.74,153.05,1
137,137,967,537.52,8060.43,1292
137,138,176,1636.52,6565.6,178
137,139,1,21.4,44.5,1
137,140,888,1870.26,11793.35,1094
137,141,1097,2232.8,14071.5,1374
137,142,370,1121.48,7509.44,426
137,143,189,649.53,4270.96,220
137,144,265,557.99,3836.55,312
137,145,100,270.65,1506.77,111
137,146,23,86.04,446.48,31
137,147,4,33.43,130.6,4
137,148,539,1113.0,7266.98,651
137,150,2,40.08,148.8,2
137,151,104,538.79,2973.56,124
137,152,13,92.65,447.68,17
137,153,1,11.26,49.2,1
137,155,5,48.76,246.9,5
137,157,7,36.84,110.5,11
137,158,161,384.37,2660.1,185
137,159,25,164.67,804.23,23
137,160,10,69.27,322.9,15
137,161,811,1170.46,9821.23,965
137,162,1829,1966.51,16321.08,2221
137,163,339,691.0,5104.93,424
137,164,868,715.8,7353.33,1056
137,165,12,139.53,564.7,20
137,166,50,293.42,1560.24,56
137,167,11,93.52,389.0,11
137,168,15,96.41,448.0,22
137,169,3,31.24,110.5,3
137,170,1975,1373.21,14265.1,2418
137,171,2,11.6,85.2,3
137,173,8,62.28,232.6,9
137,177,4,37.54,165.9,4
137,178,7,70.62,318.1,8
137,179,27,138.13,714.3,34
137,180,3,24.16,140.4,5
137,181,67,511.5,2397.8,82
137,182,7,79.46,311.1,7
137,184,1,12.8,40.5,1
137,185,3,37.45,141.1,3
137,186,1304,1429.99,14075.02,1550
137,188,39,285.18,1433.26,31
137,189,18,126.04,565.9,19
137,190,9,76.05,346.2,11
137,191,5,45.89,201.0,5
137,192,2,21.3,70.0,2
137,193,9,33.54,191.9,16
137,194,4,30.25,131.7,4
137,195,4,32.44,133.1,9
137,196,13,96.34,455.5,16
137,197,9,89.64,380.5,9
137,198,23,149.03,725.47,28
137,200,3,39.0,149.31,3
137,202,51,239.97,1299.0,55
137,203,15,198.58,795.4,15
137,205,3,50.1,139.5,3
137,206,1,18.63,72.3,1
137,208,1,10.0,38.5,1
137,209,110,432.58,2095.34,142
137,210,9,106.14,536.74,9
137,211,192,442.27,2936.98,227
137,212,5,48.89,193.1,5
137,213,9,68.35,337.0,9
137,215,4,48.0,180.6,4
137,216,15,156.77,728.3,13
137,217,105,541.37,2892.0,130
137,218,4,44.54,198.0,4
137,219,7,86.3,346.0,7
137,220,8,94.46,397.76,8
137,222,6,73.1,365.0,6
137,223,42,255.25,1309.29,53
137,224,522,527.09,4149.78,659
137,225,12,73.34,407.0,30
137,226,76,318.25,1655.51,87
137,227,4,43.41,187.0,6
137,228,20,196.64,806.17,15
137,229,1456,1893.55,13453.0,1829
137,230,462,794.12,6623.23,535
137,231,269,1004.07,5581.84,301
137,232,464,1180.87,6464.85,554
137,233,1362,1094.55,9763.53,1723
137,234,970,998.08,8881.84,1215
137,235,5,38.83,193.44,4
137,236,515,1594.33,9628.65,612
137,237,651,1352.5,9461.56,761
137,238,224,1015.89,5807.84,269
137,239,303,1178.35,7039.76,350
137,242,4,47.71,180.8,4
137,243,28,263.8,1055.05,31
137,244,38,342.41,1487.58,42
137,246,288,533.54,4271.52,328
137,247,5,32.71,171.7,5
137,248,4,38.2,141.97,3
137,249,491,995.5,7109.68,561
137,250,5,42.36,195.3,9
137,251,1,16.67,62.5,1
137,252,1,13.57,51.3,1
137,254,5,70.45,286.2,7
137,255,49,261.86,1203.4,61
137,256,69,331.12,1595.62,91
137,257,11,85.88,339.3,11
137,258,10,97.69,402.7,10
137,259,2,31.15,126.4,2
137,260,33,173.54,810.69,37
137,261,80,375.23,1723.52,106
137,262,512,1501.1,8638.79,601
137,263,663,1994.2,11160.77,793
138,1,99,2936.28,13714.3,146
138,3,37,460.03,1737.3,51
138,4,212,2197.53,8973.7,263
138,5,1,30.62,110.8,2
138,6,1,22.04,87.7,2
138,7,916,3176.35,15686.11,1130
138,8,5,25.27,122.8,6
138,9,71,546.11,2167.3,85
138,10,98,1162.98,4167.0,130
138,11,8,156.9,598.0,10
138,12,6,78.74,318.3,7
138,13,474,6841.17,27656.7,614
138,14,122,2119.29,7750.1,155
138,15,117,937.53,3888.6,149
138,16,126,1143.53,4439.6,186
138,17,437,4043.59,17517.1,542
138,18,35,424.34,1723.1,49
138,19,42,530.48,1973.6,58
138,20,63,765.55,2993.2,81
138,21,13,275.12,923.4,20
138,22,24,455.81,1817.1,40
138,23,5,130.07,505.7,9
138,24,255,2212.73,9709.3,304
138,25,545,5843.57,25307.54,706
138,26,122,1978.14,7850.31,181
138,27,3,69.7,265.2,3
138,28,127,913.78,3603.3,162
138,29,18,407.94,1407.4,22
138,30,4,60.5,249.3,5
138,31,4,52.37,210.8,4
138,32,32,379.1,1425.8,42
138,33,543,5830.68,24118.3,687
138,34,16,149.52,623.7,22
138,35,51,666.91,2494.4,66
138,36,252,2111.05,8929.2,326
138,37,345,3018.56,12676.4,399
138,38,42,605.05,2301.2,60
138,39,53,835.87,3335.9,69
138,40,248,2978.52,12185.8,323
138,41,683,5117.8,22316.6,846
138,42,496,3656.02,15224.6,639
138,43,445,4346.51,19176.3,579
138,45,143,1636.45,6323.6,179
138,46,18,252.52,746.2,29
138,47,22,222.83,938.9,33
138,48,1946,20524.3,91883.14,2769
138,49,483,4529.11,19196.9,578
138,50,492,5776.01,24694.8,686
138,51,72,912.54,3141.8,84
138,52,155,1767.85,7294.9,208
138,53,136,731.38,3096.5,178
138,54,60,698.52,2797.1,76
138,55,15,343.24,1304.3,22
138,56,135,618.01,2564.9,182
138,57,6,17.77,98.5,10
138,58,19,196.88,688.0,25
138,59,2,19.43,87.9,2
138,60,30,273.06,1095.5,38
138,61,480,5437.82,23581.6,604
138,62,149,1771.9,7776.3,200
138,63,46,508.64,2084.7,50
138,64,59,693.31,2637.9,94
138,65,375,3785.51,15831.2,460
138,66,199,2079.8,8439.4,280
138,67,22,362.51,1371.1,29
138,68,1644,16691.99,74056.4,2229
138,69,106,886.21,3564.8,137
138,70,426,610.06,4028.51,592
138,71,47,690.25,2958.5,53
138,72,58,823.9,2989.9,77
138,73,45,272.89,1133.8,53
138,74,532,3526.2,14651.4,662
138,75,616,4801.15,19957.95,761
138,76,71,903.58,3515.5,91
138,77,33,404.41,1579.8,44
138,78,37,384.01,1486.1,38
138,79,1189,12108.24,50242.87,1447
138,80,460,3274.41,14075.8,561
138,81,30,408.04,1415.0,38
138,82,228,937.9,4331.9,299
138,83,117,446.99,2131.4,143
138,84,1,34.12,124.8,1
138,85,47,662.85,2952.9,56
138,86,20,326.91,1344.1,31
138,87,828,10917.62,44004.5,1051
138,88,308,4206.11,17088.6,390
138,89,256,3929.96,16316.0,328
138,90,1038,10629.18,45401.6,1326
138,91,49,855.39,3402.3,59
138,92,604,2705.28,12547.61,839
138,93,50,265.42,1057.6,63
138,94,27,295.46,1232.2,32
138,95,635,3551.85,15110.1,832
138,96,6,53.52,126.1,10
138,97,345,3405.37,14631.3,439
138,98,83,665.12,2680.1,128
138,100,1428,14006.24,62878.0,1986
138,101,39,522.84,1938.2,50
138,102,76,733.67,2784.6,97
138,106,68,802.36,3412.4,84
138,107,1108,10576.97,43219.44,1325
138,108,6,135.82,515.0,12
138,109,4,109.85,439.7,7
138,111,2,30.4,126.4,7
138,112,617,4359.38,18265.7,770
138,113,853,8958.7,37776.8,1096
138,114,334,3560.33,15220.4,392
138,115,2,44.68,165.6,3
138,116,358,3019.8,12628.2,430
138,117,12,224.91,974.4,13
138,118,1,26.51,97.5,1
138,119,55,495.72,1838.2,83
138,120,8,76.56,239.9,9
138,121,123,884.53,3441.1,171
138,122,22,224.56,924.9,26
138,123,41,825.98,3301.0,60
138,124,20,249.55,1039.3,37
138,125,376,4483.67,19259.76,476
138,126,45,375.71,1517.8,57
138,127,149,1646.15,6373.9,189
138,128,8,94.55,374.0,8
138,129,730,1745.77,9840.7,981
138,130,202,1626.14,6794.9,244
138,131,114,1009.38,3882.8,154
138,132,971,11919.09,47826.65,1332
138,133,85,1308.24,4964.3,107
138,134,127,886.87,3649.5,177
138,135,192,1212.75,4826.8,279
138,136,29,316.27,1292.5,37
138,137,547,5011.49,20398.0,645
138,138,1531,2044.3,43304.29,2144
138,139,32,461.28,1716.8,41
138,140,1059,9485.05,39009.25,1303
138,141,1751,15848.75,65989.05,2228
138,142,1458,15292.4,66324.5,1965
138,143,767,8525.88,36891.7,992
138,144,433,4634.23,19873.4,541
138,145,678,4551.11,20220.69,851
138,146,270,1348.1,6496.3,337
138,147,34,265.19,1035.0,39
138,148,681,7003.42,29400.83,886
138,149,45,912.94,3101.1,59
138,150,13,288.08,1095.3,17
138,151,652,5937.31,25654.3,826
138,152,133,1094.53,4850.0,156
138,153,11,130.5,527.2,13
138,154,2,40.85,158.6,2
138,155,38,727.29,2837.7,60
138,156,3,78.03,297.4,3
138,157,100,537.57,2415.0,130
138,158,386,4489.99,19185.2,487
138,159,60,450.1,1813.91,72
138,160,156,1021.4,4246.8,225
138,161,3271,32834.64,146101.9,4336
138,162,2583,24667.18,105384.45,3360
138,163,2267,23538.22,106228.49,3114
138,164,2413,22666.4,98607.68,3205
138,165,85,1478.6,5860.5,131
138,166,620,5104.61,22612.3,758
138,167,54,472.81,1869.9,72
138,168,147,978.2,4085.5,189
138,169,49,515.99,1949.4,74
138,170,2067,18522.15,79145.04,2614
138,171,153,829.65,3353.8,214
138,173,93,256.19,1387.3,135
138,174,43,559.18,2236.0,58
138,175,59,614.36,2106.7,68
138,176,2,49.08,193.6,4
138,177,55,670.32,2643.3,74
138,178,40,674.04,2788.4,59
138,179,333,1183.15,5746.3,412
138,180,20,223.35,840.1,33
138,181,739,8905.42,38168.72,948
138,182,56,570.45,2122.3,70
138,183,17,186.54,719.5,25
138,184,1,10.4,39.4,1
138,185,51,588.23,2252.6,59
138,186,995,9835.26,43285.0,1349
138,187,4,109.93,412.4,4
138,188,218,2739.69,11957.3,290
138,189,329,3485.09,15365.0,414
138,190,16,206.68,886.6,20
138,191,75,857.08,3435.9,100
138,192,51,297.37,1282.2,71
138,193,84,430.74,2085.39,120
138,194,20,133.36,680.8,28
138,195,57,732.64,2923.7,83
138,196,134,739.45,3290.8,181
138,197,114,951.87,4117.4,161
138,198,231,1777.03,7917.0,292
138,200,141,2068.4,7658.4,186
138,201,6,119.37,458.3,8
138,202,190,1095.83,5284.1,251
138,203,26,412.38,1504.2,41
138,204,1,37.09,136.0,1
138,205,63,704.16,2838.1,84
138,206,5,116.0,453.2,7
138,207,6,15.33,41.0,10
138,208,108,1094.04,4135.0,139
138,209,302,3893.35,15975.2,364
138,210,21,438.9,1682.1,29
138,211,380,4263.26,17897.5,460
138,212,38,355.82,1170.1,48
138,213,84,810.7,3090.7,104
138,214,4,65.21,292.7,4
138,215,52,485.45,1887.1,64
138,216,109,1087.19,4528.0,156
138,217,234,1933.49,7881.09,379
138,218,36,422.06,1720.1,54
138,219,42,538.05,2043.7,58
138,220,147,1848.45,7380.1,187
138,221,2,42.05,160.0,2
138,222,16,225.11,812.0,16
138,223,675,1882.88,9082.2,901
138,224,359,3602.67,14707.1,458
138,225,279,2778.72,11918.9,343
138,226,430,2199.42,9639.6,528
138,227,42,658.49,2712.5,55
138,228,99,1439.71,5649.8,135
138,229,1506,14143.01,58711.3,1870
138,230,5442,56269.31,253817.65,7963
138,231,857,10665.97,44181.1,1118
138,232,297,3120.66,12870.9,360
138,233,1447,13198.69,53902.5,1810
138,234,981,9668.94,41410.84,1189
138,235,38,390.53,1520.6,51
138,236,2120,18000.03,74677.6,2716
138,237,1588,15002.26,64214.2,2056
138,238,1386,13040.19,55562.5,1776
138,239,1765,17784.55,76441.8,2301
138,240,3,38.13,146.2,5
138,241,44,530.62,1914.1,58
138,242,35,377.06,1512.7,43
138,243,377,3845.55,15602.9,502
138,244,415,3950.25,16481.0,508
138,245,3,66.95,261.7,3
138,246,549,5957.32,26559.1,649
138,247,65,525.78,2045.7,83
138,248,34,351.79,1037.3,52
138,249,582,6406.55,27417.4,735
138,250,41,406.88,1386.7,55
138,251,4,100.74,385.1,4
138,252,189,1180.44,4420.7,276
138,253,6,23.88,109.7,7
138,254,72,963.18,3511.1,99
138,255,732,5505.37,23833.7,905
138,256,509,4005.69,16856.5,655
138,257,130,1871.02,7546.8,177
138,258,59,588.31,2423.3,79
138,259,46,640.29,2292.2,51
138,260,321,1162.09,5627.3,393
138,261,571,7989.07,31850.4,758
138,262,1388,11324.21,46654.3,1779
138,263,1609,13146.63,53865.0,1984
139,7,1,13.5,43.5,1
139,10,2,4.5,40.0,2
139,11,1,19.7,51.5,1
139,14,1,20.7,59.5,1
139,18,1,18.3,61.5,1
139,19,1,5.53,23.28,0
139,22,1,15.0,36.5,1
139,24,1,17.2,66.5,1
139,26,1,0.0,58.5,1
139,28,1,8.45,32.63,0
139,33,3,45.0,182.5,3
139,36,2,22.58,83.6,1
139,37,3,31.8,113.5,3
139,38,3,5.08,44.91,2
139,39,1,9.63,33.49,0
139,49,9,115.6,358.5,9
139,52,1,0.0,67.5,1
139,56,1,0.0,0.0,1
139,58,1,14.0,44.5,1
139,61,1,14.3,59.0,1
139,62,5,76.7,224.5,5
139,71,5,58.22,228.76,4
139,74,2,16.2,102.0,2
139,75,3,32.2,179.0,3
139,76,2,20.3,58.0,2
139,77,1,8.4,30.5,1
139,78,1,17.1,48.5,1
139,82,2,0.0,72.5,2
139,83,1,8.0,38.5,1
139,86,1,5.0,24.5,1
139,87,1,19.1,65.5,1
139,88,1,19.1,58.5,1
139,89,1,15.5,47.5,1
139,91,2,21.8,73.0,2
139,95,2,8.4,81.0,2
139,107,1,0.0,49.5,1
139,117,1,6.9,29.5,1
139,123,1,19.2,47.5,1
139,130,3,21.13,73.57,1
139,131,2,8.1,45.84,1
139,132,6,29.46,149.4,8
139,139,7,1.95,64.5,8
139,140,3,34.2,180.5,3
139,141,3,29.6,167.5,3
139,142,1,16.5,60.5,1
139,144,1,20.62,87.7,1
139,147,1,20.3,52.5,1
139,151,5,64.2,333.0,5
139,175,1,5.34,45.4,1
139,188,6,74.4,239.0,6
139,191,3,5.5,65.5,3
139,196,1,10.3,46.5,1
139,197,1,6.1,27.5,1
139,203,1,1.3,16.5,1
139,205,6,5.0,96.82,4
139,213,17,255.4,875.5,17
139,215,1,3.36,15.28,0
139,216,1,7.03,28.69,0
139,218,6,6.0,53.94,4
139,219,2,1.96,22.28,1
139,223,1,14.03,47.41,0
139,225,2,22.7,77.0,2
139,226,1,12.9,62.5,1
139,228,1,6.1,59.5,1
139,230,1,18.6,54.5,1
139,232,1,14.8,62.5,1
139,233,1,15.1,48.5,1
139,239,1,0.0,65.5,1
139,242,1,17.4,51.5,1
139,249,1,21.2,53.5,1
139,258,1,7.4,29.5,1
139,260,1,12.1,45.5,1
139,262,1,20.3,60.5,1
139,263,1,13.0,51.5,1
140,1,37,732.64,3398.5,50
140,3,2,20.81,93.3,2
140,4,192,696.48,3542.13,220
140,7,152,601.75,3431.97,201
140,9,2,26.84,0.0,2
140,10,18,271.82,1060.97,12
140,11,3,48.35,179.9,4
140,12,7,48.59,202.3,9
140,13,281,2036.23,9136.71,309
140,14,36,472.6,1707.6,48
140,15,3,44.79,171.2,4
140,16,3,28.5,150.0,4
140,17,30,236.5,1221.93,35
140,18,8,73.66,224.1,8
140,20,7,61.64,290.4,7
140,21,9,125.88,443.6,9
140,22,5,73.82,285.8,5
140,23,1,23.37,88.4,1
140,24,123,425.91,2481.35,135
140,25,29,234.17,1063.5,44
140,26,36,464.74,1837.0,44
140,28,9,109.67,413.6,10
140,29,9,150.26,635.1,13
140,31,3,18.51,113.2,3
140,33,166,1215.67,5607.58,202
140,34,3,24.64,113.65,2
140,35,8,86.74,288.0,8
140,36,19,148.41,691.2,18
140,37,15,105.21,563.94,13
140,38,1,23.4,89.1,4
140,39,12,145.62,711.3,13
140,40,33,279.27,1293.9,37
140,41,298,1052.56,5946.35,323
140,42,196,870.05,4560.6,224
140,43,831,1395.27,11094.65,1089
140,45,127,688.63,3299.49,180
140,46,1,14.31,59.0,1
140,47,15,31.7,484.9,15
140,48,685,1759.44,12904.21,805
140,49,18,159.62,748.54,21
140,50,246,672.28,4593.44,246
140,51,12,163.08,436.6,14
140,52,37,299.87,1377.87,41
140,53,3,35.49,148.3,3
140,54,5,24.62,121.7,4
140,55,14,255.01,821.5,14
140,56,6,61.7,222.7,7
140,58,1,10.97,44.3,1
140,59,1,9.6,45.7,1
140,60,3,23.17,108.9,2
140,61,37,349.14,1635.96,37
140,62,7,70.45,338.01,5
140,63,2,28.72,120.1,2
140,65,33,245.83,1002.3,33
140,66,27,190.16,922.81,28
140,67,6,76.82,292.57,7
140,68,543,1981.26,12869.77,604
140,69,33,178.88,819.04,40
140,70,8,65.59,334.78,10
140,71,9,106.25,395.0,9
140,72,14,158.11,670.8,16
140,73,3,33.6,155.1,4
140,74,819,2294.52,12616.06,965
140,75,1428,2757.57,18171.21,1680
140,76,15,205.69,839.9,15
140,77,2,30.3,131.5,1
140,78,3,35.2,113.8,3
140,79,532,1995.66,10783.86,552
140,80,19,123.92,626.7,20
140,81,3,25.9,129.5,3
140,82,23,146.86,798.0,26
140,83,10,56.45,324.1,19
140,84,1,29.9,118.5,1
140,86,3,61.1,173.5,3
140,87,293,1773.66,8003.28,339
140,88,202,1265.68,5480.7,213
140,89,25,314.62,1219.7,30
140,90,278,1050.98,6439.57,291
140,91,7,85.01,380.0,8
140,92,9,89.17,423.6,12
140,93,2,22.25,94.2,2
140,94,1,8.6,37.3,1
140,95,46,428.47,2003.45,55
140,96,1,8.0,36.5,1
140,97,31,249.74,1154.59,38
140,98,2,21.2,81.0,2
140,100,429,1228.61,8688.92,513
140,101,1,0.0,52.0,1
140,102,1,8.9,36.5,1
140,106,4,38.04,166.0,4
140,107,710,2197.7,12485.77,808
140,108,3,37.9,151.5,3
140,112,98,432.41,2377.6,111
140,113,357,1410.38,8226.27,406
140,114,225,1072.79,5609.62,268
140,115,1,19.02,74.4,1
140,116,92,476.7,2444.32,89
140,117,2,32.6,142.0,2
140,118,1,18.58,75.1,1
140,119,10,51.1,221.2,11
140,120,2,5.73,84.12,1
140,121,8,97.02,395.8,9
140,122,3,29.6,151.5,3
140,123,5,75.27,308.3,4
140,124,1,14.2,48.5,1
140,125,83,496.14,2531.64,91
140,126,2,6.3,60.0,2
140,127,31,238.74,1178.78,38
140,128,3,23.84,104.9,2
140,129,87,512.22,2537.82,105
140,130,1,13.6,57.6,1
140,131,5,61.23,249.0,6
140,132,247,4594.46,16976.01,294
140,133,8,93.84,372.7,12
140,134,5,60.2,307.4,9
140,135,21,213.93,948.3,24
140,136,9,81.74,335.7,10
140,137,816,2047.67,12134.78,977
140,138,449,4035.06,16984.53,482
140,139,10,186.17,725.4,17
140,140,3330,2056.42,26193.49,4178
140,141,3598,2461.18,26567.02,4482
140,142,1820,3476.04,26551.64,2219
140,143,797,1779.42,13702.46,999
140,144,196,998.14,5127.12,207
140,145,193,559.99,3388.35,232
140,146,50,135.35,832.76,55
140,147,7,41.03,195.9,7
140,148,207,962.35,4891.0,202
140,149,7,106.23,473.9,9
140,151,482,1568.72,9743.51,571
140,152,40,203.54,1158.06,42
140,153,2,17.62,75.4,2
140,155,6,95.31,382.2,8
140,157,10,60.38,303.4,21
140,158,129,765.34,3842.36,149
140,159,15,84.22,383.4,19
140,160,25,183.65,902.4,25
140,161,2395,4495.57,35525.62,2741
140,162,3631,5960.67,46226.82,4312
140,163,1100,1783.45,15284.43,1294
140,164,587,1603.06,10828.12,637
140,165,12,162.44,677.3,14
140,166,291,1171.46,6984.4,332
140,167,6,33.4,174.29,5
140,168,43,181.41,813.1,56
140,169,4,32.2,138.7,10
140,170,1181,2670.11,18333.98,1347
140,171,5,60.46,250.18,5
140,173,4,34.69,81.6,4
140,174,6,57.0,271.5,12
140,177,4,41.31,223.12,3
140,178,11,146.48,636.7,16
140,179,54,228.25,1272.1,80
140,180,1,11.1,38.5,1
140,181,95,925.36,4148.35,120
140,182,7,55.57,267.7,13
140,183,1,10.2,54.8,1
140,185,5,48.14,200.3,9
140,186,825,2585.68,17745.94,954
140,187,2,44.74,0.0,2
140,188,17,186.45,819.2,17
140,189,35,316.25,1586.6,39
140,190,1,10.33,43.6,1
140,191,7,85.4,351.5,7
140,192,3,32.2,132.8,3
140,193,49,146.45,936.5,63
140,194,2,10.48,47.3,2
140,195,6,57.75,249.7,10
140,196,22,151.87,815.08,30
140,197,8,91.34,392.1,9
140,198,7,56.1,204.41,5
140,200,16,175.19,739.9,16
140,202,65,254.86,1493.93,91
140,205,5,64.83,273.9,6
140,208,2,22.6,80.4,2
140,209,210,1240.61,5588.17,199
140,210,6,111.96,438.69,8
140,211,139,722.53,3922.79,146
140,212,3,24.92,117.5,3
140,213,10,70.53,327.8,11
140,215,3,37.12,148.1,7
140,216,13,163.38,650.8,13
140,217,41,297.04,1546.1,59
140,218,4,57.9,210.0,4
140,219,4,66.8,235.5,4
140,220,12,113.38,543.6,15
140,221,1,18.77,89.8,1
140,222,5,84.1,315.5,5
140,223,75,438.45,2090.0,95
140,224,343,974.36,5466.44,385
140,225,30,272.16,1355.8,37
140,226,83,312.37,1645.84,107
140,227,2,23.1,97.7,2
140,228,13,134.34,600.8,15
140,229,3396,3821.01,30873.01,4148
140,230,649,1493.25,11643.8,766
140,231,442,3087.28,14465.69,438
140,232,236,1019.63,4661.55,265
140,233,1678,3005.19,19977.74,2030
140,234,693,2358.97,14478.68,773
140,235,6,51.61,240.6,7
140,236,6099,7966.21,65000.49,7442
140,237,5068,4588.53,45760.33,6289
140,238,1594,4186.23,27911.23,1945
140,239,1827,4118.59,29311.05,2116
140,240,7,76.85,304.2,7
140,241,10,100.11,328.4,11
140,242,4,40.06,176.03,3
140,243,90,685.37,3144.12,93
140,244,164,1095.48,5467.96,148
140,245,1,18.79,100.0,1
140,246,276,1025.33,6652.09,291
140,247,5,26.93,129.1,4
140,248,2,19.73,87.9,3
140,249,320,1487.07,8622.07,333
140,250,5,42.48,190.7,7
140,251,1,20.01,74.4,1
140,252,4,54.79,233.9,4
140,254,13,152.62,582.2,13
140,255,27,174.14,872.0,35
140,256,49,335.95,1575.8,66
140,257,12,129.37,554.4,14
140,258,8,76.62,365.3,8
140,259,1,14.1,61.8,1
140,260,36,152.27,823.1,49
140,261,120,805.89,3648.35,133
140,262,4223,3819.37,32421.32,5207
140,263,4341,4590.08,36495.56,5367
141,1,29,551.39,2785.17,46
141,3,3,33.36,127.8,4
141,4,92,353.45,1868.83,99
141,7,302,1061.34,5808.24,375
141,8,2,7.74,48.7,2
141,10,4,52.9,199.2,4
141,11,2,15.4,92.0,2
141,12,2,13.86,59.2,2
141,13,154,1107.17,5086.06,176
141,14,4,56.64,240.9,4
141,16,2,30.58,120.1,2
141,17,11,88.21,368.64,12
141,18,2,19.74,80.2,2
141,20,1,10.57,46.4,2
141,24,129,417.09,2376.07,152
141,25,25,202.2,902.4,26
141,26,8,101.45,415.4,9
141,28,5,61.24,242.2,5
141,29,3,57.75,214.1,3
141,31,1,9.4,38.9,0
141,32,1,10.72,52.0,1
141,33,58,443.41,1989.57,67
141,34,2,16.28,76.0,2
141,35,1,0.0,51.0,1
141,36,8,64.38,296.17,6
141,37,6,47.84,235.7,6
141,38,2,29.15,122.9,2
141,39,2,37.6,114.0,2
141,40,10,90.75,386.3,13
141,41,250,820.28,4587.8,289
141,42,146,590.78,3014.43,172
141,43,1056,1450.26,11855.97,1423
141,45,88,496.8,2459.05,87
141,47,10,63.88,297.7,12
141,48,771,1764.74,12689.01,939
141,49,12,109.84,521.01,12
141,50,269,670.88,4619.99,306
141,51,6,70.71,254.4,7
141,52,15,125.28,574.9,15
141,54,3,25.36,119.6,6
141,55,4,67.65,240.4,4
141,56,5,46.48,109.8,5
141,60,5,36.13,103.3,5
141,61,12,116.74,564.92,13
141,62,5,41.89,217.1,5
141,63,4,36.54,177.5,4
141,65,24,174.93,791.19,31
141,66,22,168.82,750.6,29
141,67,1,18.06,68.1,1
141,68,665,2161.88,13980.88,757
141,69,15,79.26,331.48,15
141,70,7,50.52,250.71,9
141,71,1,12.1,42.5,1
141,72,5,61.28,262.4,5
141,73,1,11.13,47.1,1
141,74,737,1950.95,10463.84,888
141,75,1434,2557.99,16856.13,1768
141,76,5,78.42,224.4,6
141,78,1,8.1,42.5,1
141,79,803,2780.36,14980.46,974
141,80,9,60.26,312.6,12
141,81,1,13.0,43.5,1
141,82,36,223.2,958.75,54
141,83,3,14.58,86.0,4
141,87,188,1184.26,5592.2,176
141,88,123,766.49,3480.48,124
141,89,8,88.5,377.5,14
141,90,372,1250.56,7736.11,417
141,91,4,60.67,237.7,4
141,92,9,107.47,449.96,7
141,93,3,26.23,120.3,3
141,94,10,85.98,320.1,17
141,95,28,234.68,1153.9,32
141,97,9,75.46,338.5,10
141,98,2,26.52,107.5,3
141,100,484,1201.78,8539.13,601
141,102,4,31.38,150.43,3
141,106,11,109.27,466.3,19
141,107,1116,2947.58,17522.85,1353
141,111,1,11.77,45.0,1
141,112,74,328.4,1752.99,85
141,113,415,1479.69,8969.57,486
141,114,262,1137.37,6278.58,325
141,116,89,493.8,2327.78,97
141,117,2,35.9,107.0,2
141,118,2,45.98,176.8,2
141,119,4,10.91,59.8,5
141,120,1,6.43,27.5,5
141,121,3,33.85,139.2,4
141,123,1,14.77,64.6,1
141,124,2,25.71,109.6,2
141,125,74,395.22,2046.61,92
141,126,2,7.87,49.4,3
141,127,22,156.22,791.31,19
141,128,3,27.01,126.74,2
141,129,61,319.38,1674.19,72
141,130,3,25.93,155.07,2
141,131,3,38.26,154.0,3
141,132,343,6244.66,23519.72,399
141,133,1,12.67,50.6,2
141,134,7,86.0,171.9,7
141,135,1,11.5,44.3,1
141,136,4,34.27,147.1,4
141,137,1233,2685.87,16423.77,1486
141,138,567,5105.5,21414.72,644
141,139,3,35.58,180.3,3
141,140,3627,2545.28,26717.31,4568
141,141,5156,3263.55,41077.37,6646
141,142,2395,3931.46,29732.69,2949
141,143,859,1715.94,12624.23,1014
141,144,175,845.02,4427.89,204
141,145,183,497.71,2868.17,215
141,146,79,197.61,1155.87,90
141,147,4,22.27,105.1,8
141,148,262,1191.0,6079.1,314
141,149,1,16.89,76.5,2
141,151,430,1243.14,7561.6,553
141,152,37,172.32,827.73,43
141,157,11,63.41,204.9,15
141,158,166,843.61,4596.92,199
141,159,9,42.83,115.1,16
141,160,11,67.69,310.1,13
141,161,2784,4146.33,34598.55,3402
141,162,3374,63378.03,35650.77,4160
141,163,1510,1975.95,17379.89,1883
141,164,747,1762.25,12462.58,912
141,165,5,71.41,330.7,11
141,166,281,1046.25,6095.83,331
141,167,3,17.56,97.2,5
141,168,27,108.85,574.4,32
141,169,8,60.85,282.76,8
141,170,1799,3402.89,24198.92,2192
141,171,2,29.63,120.8,6
141,173,25,180.37,760.9,36
141,174,1,11.34,42.9,1
141,175,1,17.07,70.2,1
141,179,73,283.15,1469.34,86
141,180,1,10.9,48.5,1
141,181,32,302.79,1390.6,47
141,182,7,61.75,257.7,6
141,183,2,22.28,90.0,7
141,185,5,55.7,219.86,4
141,186,794,2226.4,15543.49,937
141,188,3,35.54,159.5,3
141,189,9,84.99,402.34,9
141,190,2,23.88,91.33,1
141,191,5,71.47,258.1,6
141,192,1,13.6,51.3,1
141,193,34,94.12,531.4,38
141,194,6,43.93,183.0,7
141,195,6,57.23,250.4,7
141,196,11,87.27,398.1,14
141,198,6,41.52,221.7,7
141,200,12,132.53,455.4,12
141,201,3,67.14,271.7,4
141,202,89,334.73,1711.4,103
141,205,1,12.1,45.5,1
141,207,1,4.56,22.6,1
141,209,89,530.73,2412.92,99
141,210,2,40.33,162.6,2
141,211,164,808.48,4407.39,186
141,212,5,39.44,181.0,5
141,213,8,60.31,303.0,9
141,214,1,19.33,71.6,1
141,216,10,138.43,606.8,12
141,217,17,109.38,589.3,24
141,218,2,30.4,109.0,2
141,219,1,1.36,10.7,1
141,220,12,106.4,553.61,17
141,223,81,399.71,1970.46,95
141,224,241,721.58,3921.79,293
141,225,4,33.97,173.7,4
141,226,187,583.85,3283.14,217
141,227,1,12.2,59.7,1
141,228,24,260.58,1145.55,17
141,229,4154,4027.31,34838.98,5222
141,230,959,1865.58,14572.4,1226
141,231,300,1967.48,9474.59,293
141,232,148,687.43,3296.89,175
141,233,2019,2906.64,21233.71,2450
141,234,772,2290.9,14530.14,948
141,235,1,8.1,31.5,1
141,236,7803,8445.55,71088.19,9802
141,237,6022,4416.88,45742.6,7512
141,238,1451,3407.38,22308.04,1755
141,239,1824,3601.12,24994.16,2306
141,240,2,19.42,0.0,2
141,241,2,17.49,69.0,2
141,242,3,35.69,145.41,3
141,243,58,415.69,1903.43,63
141,244,122,823.54,4145.7,132
141,246,412,1428.81,9236.97,464
141,247,14,75.89,307.6,16
141,248,1,6.59,28.2,1
141,249,375,1549.54,9497.48,445
141,250,2,8.2,66.6,4
141,251,1,19.38,75.1,1
141,254,7,69.65,282.9,6
141,255,34,211.68,1071.5,41
141,256,42,271.7,1360.45,54
141,257,3,36.48,149.7,3
141,258,3,34.46,157.87,2
141,259,3,41.64,179.1,3
141,260,82,318.04,1616.73,84
141,261,78,517.54,2440.0,84
141,262,3208,3435.7,27671.08,4013
141,263,5016,5062.09,40204.17,6364
142,1,165,3008.83,14118.24,258
142,3,2,28.0,94.0,2
142,4,134,612.96,3422.89,162
142,7,153,690.42,4037.87,225
142,8,2,12.02,62.0,2
142,9,3,38.22,61.1,5
142,10,24,310.01,1357.6,25
142,11,1,16.19,68.1,2
142,12,25,150.49,772.9,50
142,13,292,1538.6,7878.67,395
142,14,22,285.36,1215.9,33
142,15,1,17.83,67.4,1
142,17,20,199.91,951.3,27
142,18,3,33.78,143.4,3
142,20,2,23.8,101.2,2
142,21,2,35.42,102.3,2
142,22,7,108.74,478.1,16
142,24,819,1923.65,10903.41,1076
142,25,40,331.64,1620.78,59
142,26,2,25.61,111.0,2
142,28,7,99.53,433.3,7
142,29,1,26.8,79.3,1
142,31,2,27.48,118.0,5
142,32,1,13.62,50.6,1
142,33,108,884.38,4254.31,151
142,34,2,15.62,122.9,5
142,35,1,16.6,70.5,1
142,36,17,158.85,741.63,19
142,37,15,140.33,688.9,22
142,38,2,27.2,163.0,2
142,39,3,48.55,169.1,3
142,40,35,306.7,1338.7,55
142,41,893,2785.89,15596.82,1167
142,42,434,1835.56,9862.8,518
142,43,1955,2686.39,19608.54,2687
142,45,55,310.29,1612.62,66
142,47,4,38.09,177.98,6
142,48,4568,4540.83,37725.92,6134
142,49,37,351.0,1632.5,48
142,50,1661,1790.83,14341.76,2176
142,52,37,325.76,1527.1,53
142,54,10,95.62,446.5,14
142,55,3,57.94,70.2,6
142,56,2,16.68,79.5,2
142,60,1,2.14,14.9,1
142,61,27,294.77,1362.33,39
142,62,7,81.01,374.5,10
142,63,1,14.56,63.2,1
142,64,1,17.61,71.6,1
142,65,26,192.24,876.6,31
142,66,35,283.65,1369.9,46
142,67,5,72.77,312.5,5
142,68,2501,4811.33,31257.35,3243
142,69,18,142.81,663.99,17
142,70,9,87.6,447.5,12
142,71,2,14.08,66.9,2
142,72,2,31.37,146.0,2
142,73,1,12.4,56.2,1
142,74,387,1508.34,7992.62,478
142,75,1009,2834.49,16524.77,1249
142,76,1,20.4,68.5,1
142,77,1,17.3,43.5,1
142,78,6,62.1,248.6,8
142,79,623,2542.01,14697.88,788
142,80,34,228.7,1208.93,35
142,81,1,14.5,56.5,1
142,82,16,108.2,566.7,20
142,83,4,31.6,167.4,5
142,86,3,52.32,294.9,3
142,87,186,1203.95,5896.45,227
142,88,80,517.21,2572.22,106
142,89,14,159.36,743.4,16
142,90,902,2251.98,13909.14,1156
142,91,2,30.22,153.0,7
142,92,7,99.95,416.0,9
142,93,1,10.93,48.5,1
142,95,62,628.7,2744.0,77
142,97,21,176.09,827.4,26
142,98,2,27.57,124.2,2
142,100,1003,1602.64,12128.54,1382
142,101,2,37.34,0.0,2
142,102,4,34.39,183.5,6
142,106,10,93.49,429.0,12
142,107,838,2670.7,16682.02,1071
142,108,1,18.37,71.6,1
142,109,1,29.49,109.4,1
142,112,93,487.47,2693.09,110
142,113,658,2286.22,13924.66,835
142,114,318,1214.62,7354.24,429
142,116,373,1788.17,8919.7,466
142,117,3,48.64,243.5,3
142,119,10,73.52,426.0,22
142,120,2,12.84,75.75,1
142,121,2,24.95,111.0,2
142,122,1,19.8,84.9,0
142,123,2,30.54,107.1,2
142,124,1,17.22,73.0,1
142,125,148,599.11,3546.23,195
142,126,3,30.08,141.3,4
142,127,96,788.43,3316.79,109
142,128,7,58.86,264.6,11
142,129,75,509.93,2673.5,97
142,130,6,81.59,369.6,8
142,131,2,25.6,104.0,2
142,132,496,9387.93,34599.18,718
142,133,9,107.34,459.52,12
142,134,4,46.09,203.1,5
142,135,1,11.61,66.7,1
142,136,5,47.07,192.9,5
142,137,492,1507.83,9720.09,589
142,138,686,7517.64,32801.64,824
142,140,2217,4416.36,32733.89,2731
142,141,3144,5358.81,38518.7,4014
142,142,5422,3249.46,44660.95,7116
142,143,4267,3181.52,30961.53,5518
142,144,233,1078.56,6471.19,330
142,145,148,558.59,3211.28,178
142,146,37,123.58,764.0,51
142,147,2,18.16,81.72,1
142,148,224,1143.95,6467.92,284
142,151,2384,4902.47,29430.08,3161
142,152,215,845.95,4334.55,272
142,153,5,49.36,206.8,5
142,157,1,5.9,26.5,1
142,158,473,1558.24,8942.19,616
142,159,7,42.94,239.4,8
142,160,3,24.82,131.3,3
142,161,4467,6338.47,50031.88,5798
142,162,2823,4545.35,35013.6,3626
142,163,4232,3597.38,32352.67,5537
142,164,1198,2592.42,18007.73,1677
142,165,3,39.51,166.7,3
142,166,1523,4288.95,23823.39,1919
142,167,1,5.87,38.0,1
142,168,37,238.56,1226.69,57
142,169,4,28.59,85.5,5
142,170,1643,3738.27,26165.07,2123
142,171,3,41.43,181.9,7
142,173,11,91.89,462.1,18
142,174,3,38.38,149.7,7
142,175,2,28.62,123.6,2
142,177,1,11.76,56.2,1
142,179,45,214.49,1292.76,54
142,181,128,1273.53,5973.2,182
142,182,1,10.64,44.3,1
142,183,1,14.33,56.9,1
142,185,3,37.5,159.5,8
142,186,1543,2962.24,20950.7,2105
142,188,13,154.78,701.3,23
142,189,40,378.55,1852.24,48
142,190,4,45.81,212.9,4
142,191,2,30.1,114.0,2
142,192,1,10.9,40.5,1
142,193,7,31.23,136.3,10
142,194,8,46.64,230.5,11
142,195,10,83.47,373.7,12
142,196,17,153.34,738.4,23
142,198,19,153.07,750.7,23
142,200,46,485.93,1883.4,63
142,202,43,196.67,1051.9,58
142,205,3,52.68,213.1,4
142,206,2,40.92,242.6,2
142,207,1,7.94,40.1,1
142,208,1,13.88,59.0,2
142,209,72,463.34,2286.2,96
142,210,2,38.37,161.01,1
142,211,257,1090.56,6333.58,331
142,212,3,31.85,129.4,8
142,213,10,104.67,388.2,13
142,215,2,22.2,128.5,2
142,216,8,108.3,511.6,11
142,217,6,48.31,283.3,12
142,219,5,87.91,348.7,6
142,220,56,522.52,2002.14,77
142,221,1,17.91,70.9,1
142,222,1,20.86,80.0,4
142,223,68,416.42,2135.49,82
142,224,160,606.26,3354.37,192
142,225,4,38.89,190.5,5
142,226,88,375.24,2193.58,113
142,227,3,34.95,149.7,3
142,228,12,122.74,546.3,15
142,229,1997,3564.51,26260.48,2584
142,230,3700,3936.05,33868.0,5279
142,231,546,2664.34,14556.85,719
142,232,148,843.96,4262.12,202
142,233,906,2045.45,13913.49,1199
142,234,1203,3395.59,21914.33,1557
142,235,1,9.69,40.1,1
142,236,5971,12463.67,78909.34,7873
142,237,6059,8030.52,62146.79,7850
142,238,7073,10599.19,70991.11,9305
142,239,8980,8847.78,70942.74,11797
142,240,1,9.61,50.6,1
142,241,11,118.53,513.9,16
142,242,1,12.43,51.3,1
142,243,289,2119.27,9048.13,357
142,244,426,2509.67,11387.75,520
142,246,1489,3059.22,19375.31,1885
142,247,16,107.45,538.53,21
142,248,2,19.01,86.8,2
142,249,824,2622.74,15820.44,1073
142,254,3,38.72,154.1,4
142,255,53,366.37,1940.13,73
142,256,44,315.48,1569.4,61
142,257,16,184.65,839.0,27
142,258,3,33.41,161.21,6
142,259,4,44.87,195.4,10
142,260,31,150.92,876.5,36
142,261,119,670.5,3607.81,161
142,262,1431,3768.67,23496.0,1903
142,263,2082,5029.96,31553.25,2696
143,1,67,1184.53,5809.89,79
143,4,31,159.72,869.01,40
143,7,27,137.88,672.4,32
143,10,1,15.4,62.5,1
143,12,8,49.18,243.1,14
143,13,167,779.21,4246.99,153
143,14,2,12.76,93.2,2
143,15,1,14.3,46.5,1
143,16,1,17.65,70.9,1
143,17,1,9.3,48.5,1
143,19,1,23.1,60.5,1
143,20,1,0.0,32.5,1
143,24,255,532.74,3220.87,324
143,25,3,25.15,131.78,0
143,26,7,81.37,340.3,6
143,28,2,30.2,132.0,2
143,31,2,25.84,106.1,3
143,32,5,60.1,229.76,4
143,33,16,132.03,637.4,22
143,34,1,9.8,48.5,1
143,35,2,23.3,137.0,2
143,36,2,20.17,94.2,3
143,39,4,40.4,268.0,4
143,40,3,25.59,128.7,3
143,41,307,953.76,5310.41,365
143,42,155,650.0,3421.91,175
143,43,546,891.69,6137.57,669
143,45,24,138.09,787.19,35
143,47,2,14.4,68.0,2
143,48,1745,2071.47,16353.49,2073
143,49,3,27.84,134.3,6
143,50,901,944.58,7364.37,1085
143,51,1,4.2,48.5,1
143,52,3,16.18,113.4,2
143,54,1,8.71,47.85,0
143,61,2,35.85,90.3,2
143,62,2,26.55,121.5,2
143,65,2,16.82,77.4,2
143,66,7,57.78,309.16,4
143,67,1,13.64,56.9,3
143,68,816,1833.87,11355.64,908
143,69,4,28.72,132.5,4
143,70,2,20.15,91.85,1
143,71,1,12.9,39.5,1
143,74,146,587.48,3319.14,153
143,75,343,979.02,5936.56,382
143,76,1,9.8,65.5,1
143,78,3,27.64,107.1,3
143,79,133,610.77,3585.79,144
143,80,7,51.58,275.8,6
143,81,1,15.7,61.1,1
143,82,7,55.74,259.38,7
143,83,5,33.08,192.15,9
143,85,1,12.0,61.8,1
143,87,116,684.92,3557.98,105
143,88,26,143.86,819.32,26
143,89,2,11.0,86.8,2
143,90,293,823.08,5167.92,327
143,92,2,25.75,136.9,3
143,94,1,8.9,55.5,6
143,95,4,45.38,218.8,5
143,97,8,65.23,327.95,8
143,98,1,12.5,40.0,1
143,100,363,700.52,5150.42,442
143,102,3,25.62,120.6,3
143,106,1,10.6,49.2,1
143,107,194,718.88,4338.51,228
143,108,2,28.2,103.0,2
143,112,13,71.63,397.83,11
143,113,191,742.04,4374.43,201
143,114,92,386.58,2264.33,92
143,116,123,543.48,2763.23,159
143,119,1,10.96,44.3,1
143,120,2,14.8,59.0,2
143,125,57,210.84,1341.33,48
143,127,59,455.07,1976.48,75
143,128,4,31.73,124.84,4
143,129,8,48.19,368.3,8
143,130,1,13.8,60.5,1
143,131,1,20.9,83.5,0
143,132,173,3432.86,12479.32,188
143,133,2,22.31,87.1,2
143,134,2,30.87,149.3,2
143,135,2,22.4,120.73,1
143,136,2,20.3,64.0,2
143,137,152,536.37,3558.74,157
143,138,170,1845.0,8105.97,156
143,140,650,1480.77,11204.61,743
143,141,702,1426.21,10171.4,796
143,142,2619,1729.43,17781.59,3227
143,143,2029,1234.26,16277.0,2474
143,144,72,354.23,1980.76,75
143,145,14,57.63,290.1,15
143,146,2,7.95,57.8,2
143,147,1,13.14,52.0,1
143,148,52,301.53,1694.9,51
143,151,826,1543.54,9856.48,1068
143,152,80,268.48,1401.96,93
143,153,2,18.26,83.0,6
143,157,1,6.96,33.8,1
143,158,171,561.86,3218.67,179
143,159,5,40.1,97.2,7
143,160,1,7.51,38.0,1
143,161,1188,2154.62,16219.35,1365
143,162,709,1420.01,10427.05,795
143,163,1652,1886.5,15865.08,1920
143,164,349,893.54,6314.84,397
143,165,2,28.71,103.76,1
143,166,534,1455.57,8153.81,625
143,167,3,22.18,109.8,3
143,168,11,70.41,335.4,14
143,170,478,1282.29,8885.1,498
143,173,1,16.1,66.0,1
143,174,3,40.02,132.97,2
143,175,1,20.59,75.1,1
143,179,5,26.1,130.5,6
143,181,19,189.77,907.5,24
143,182,2,13.59,55.7,2
143,185,1,11.83,49.2,2
143,186,457,1051.6,7113.18,540
143,189,4,35.1,170.59,3
143,190,1,8.3,25.5,1
143,192,1,11.85,58.3,2
143,193,5,18.17,116.5,5
143,195,3,16.0,109.8,3
143,198,3,29.19,144.1,8
143,200,9,87.01,387.5,17
143,202,3,16.22,88.8,3
143,209,20,118.64,635.06,16
143,211,63,279.4,1620.3,70
143,212,3,32.18,128.7,3
143,213,3,26.17,109.7,3
143,217,1,8.16,43.6,1
143,220,19,164.46,640.72,15
143,223,16,117.02,598.2,27
143,224,38,159.49,972.29,39
143,225,3,19.67,127.4,3
143,226,26,121.13,733.9,30
143,228,2,19.26,87.9,3
143,229,410,890.09,6370.28,484
143,230,1125,1592.89,12748.54,1278
143,231,219,1061.79,5680.01,216
143,232,47,286.55,1613.78,51
143,233,179,476.66,3430.49,187
143,234,413,1303.25,8221.21,408
143,235,2,16.88,71.1,2
143,236,1667,3692.18,24077.46,2060
143,237,1368,2301.91,17118.68,1578
143,238,2921,3825.11,27139.04,3734
143,239,3815,3208.52,27517.32,4825
143,241,5,53.52,220.8,5
143,242,2,23.25,86.4,2
143,243,98,665.79,2710.28,100
143,244,224,1167.41,5456.29,218
143,246,1027,1885.55,12037.57,1173
143,247,4,27.14,127.5,9
143,248,7,73.03,125.05,6
143,249,249,876.52,5246.76,295
143,254,2,32.3,137.6,2
143,255,9,74.23,380.5,10
143,256,10,71.08,417.5,10
143,257,20,216.06,933.65,19
143,258,1,10.4,32.5,1
143,259,1,15.11,58.3,1
143,260,1,4.9,19.8,1
143,261,44,245.37,1303.44,46
143,262,330,906.53,5894.4,407
143,263,519,1295.85,8383.07,597
144,1,39,565.08,3143.83,57
144,4,340,423.03,3522.05,424
144,6,1,13.38,54.1,2
144,7,34,284.13,1286.98,49
144,10,1,16.43,100.0,3
144,11,1,7.6,35.5,1
144,12,17,30.06,223.5,30
144,13,383,667.55,4922.94,506
144,14,16,143.29,632.75,16
144,15,1,15.6,47.5,1
144,17,56,235.64,1352.27,84
144,18,12,154.19,659.89,11
144,21,4,40.82,177.2,4
144,22,3,39.43,145.5,5
144,23,2,37.08,143.2,2
144,24,25,165.48,775.27,22
144,25,59,186.01,1112.8,70
144,26,3,30.29,39.4,3
144,28,1,21.41,82.8,1
144,33,131,365.75,2294.54,161
144,34,4,10.83,71.5,5
144,36,20,106.96,568.17,24
144,37,35,160.96,928.49,50
144,39,1,10.02,47.1,1
144,40,35,133.14,739.9,42
144,41,44,361.16,1692.87,78
144,42,25,227.74,899.73,20
144,43,104,435.37,2710.32,148
144,45,216,177.36,1776.65,265
144,48,400,1447.61,8876.51,564
144,49,49,188.39,1077.33,56
144,50,166,638.28,3608.09,189
144,51,1,15.2,54.5,1
144,52,30,102.75,634.6,32
144,54,9,34.88,192.2,9
144,56,6,45.26,208.4,8
144,60,1,10.8,38.5,1
144,61,43,224.78,1196.6,47
144,62,10,53.01,279.9,16
144,63,1,10.09,60.4,1
144,65,59,128.83,821.11,83
144,66,76,188.6,1152.61,102
144,68,739,1768.93,11821.96,979
144,69,1,8.29,33.8,1
144,72,1,6.89,48.5,2
144,74,32,219.74,1135.35,27
144,75,70,447.61,2327.0,71
144,76,1,16.2,63.2,1
144,79,1689,1639.85,14690.7,2193
144,80,59,213.13,1441.62,67
144,82,6,46.06,221.0,6
144,83,3,24.21,111.9,4
144,85,1,5.9,30.5,1
144,87,563,819.24,6174.16,720
144,88,162,315.9,2063.48,220
144,89,11,80.83,369.0,17
144,90,564,1075.01,7378.72,698
144,92,4,47.8,95.2,6
144,93,1,1.4,10.7,1
144,95,3,33.98,148.3,3
144,97,77,227.98,1326.91,87
144,100,331,932.96,6383.93,517
144,101,1,17.9,69.5,1
144,102,2,16.22,73.2,3
144,106,8,32.11,184.3,9
144,107,927,1324.81,9626.88,1202
144,108,2,27.21,112.4,2
144,112,78,342.05,1811.44,95
144,113,758,768.26,6339.03,1010
144,114,552,413.73,4191.57,783
144,116,24,232.56,1029.52,28
144,119,1,10.69,47.1,4
144,120,1,11.2,45.0,1
144,121,1,11.87,46.4,1
144,123,3,34.98,61.8,3
144,125,338,293.1,2657.82,446
144,127,6,80.09,342.8,9
144,128,1,0.0,45.64,0
144,129,8,63.94,274.91,7
144,132,96,1717.66,6526.86,140
144,133,4,28.05,133.1,8
144,134,1,14.51,63.2,1
144,136,1,14.41,58.3,1
144,137,344,658.87,4598.87,401
144,138,72,801.24,3433.85,79
144,140,208,962.84,5265.67,234
144,141,308,1316.98,7197.7,400
144,142,232,1058.16,6286.26,305
144,143,130,624.21,3538.95,163
144,144,657,230.58,8166.84,894
144,145,35,182.31,921.78,48
144,146,11,66.13,343.8,11
144,147,1,12.81,52.0,1
144,148,971,701.1,8030.84,1357
144,149,1,10.44,47.1,1
144,150,2,33.91,129.9,2
144,151,60,396.48,2013.15,88
144,152,6,55.19,256.0,8
144,155,3,55.61,216.9,3
144,156,1,18.45,75.1,1
144,157,2,11.75,59.9,2
144,158,512,781.6,5653.45,688
144,159,2,21.23,98.4,4
144,160,2,17.73,77.4,3
144,161,649,1997.26,13210.66,1006
144,162,414,1203.51,7460.14,564
144,163,392,1462.85,9092.09,572
144,164,634,1396.79,9531.51,919
144,165,6,54.77,242.7,13
144,166,44,320.83,1603.23,50
144,168,4,40.29,78.7,5
144,169,1,12.3,52.0,1
144,170,903,2033.72,13526.39,1168
144,171,1,0.0,39.5,1
144,173,2,22.18,0.0,2
144,174,1,15.7,64.6,1
144,177,3,12.68,93.7,3
144,178,1,8.58,38.0,1
144,179,18,154.05,691.0,22
144,180,1,12.92,60.0,0
144,181,82,361.76,1979.47,98
144,186,551,1295.6,8847.04,786
144,188,21,106.83,542.84,22
144,189,35,143.38,783.93,39
144,190,4,22.84,115.6,10
144,192,1,13.2,53.4,1
144,193,4,26.69,131.7,7
144,195,2,8.96,51.5,3
144,196,6,45.2,213.2,7
144,197,2,23.26,112.6,2
144,198,15,102.13,438.91,17
144,200,7,106.31,431.9,11
144,201,1,23.69,87.7,1
144,202,5,39.16,187.2,6
144,206,1,14.9,59.0,0
144,208,2,32.58,135.77,1
144,209,197,250.78,2004.96,250
144,210,1,16.1,65.3,2
144,211,435,273.12,3228.73,606
144,213,2,24.57,103.3,2
144,216,1,16.67,65.3,4
144,217,16,47.87,321.0,25
144,220,4,58.04,210.9,5
144,223,6,58.9,248.05,5
144,224,160,273.6,1959.79,166
144,225,24,125.51,755.13,22
144,226,11,75.75,298.6,12
144,227,2,16.39,73.2,3
144,228,16,103.17,475.8,17
144,229,300,1009.61,5815.22,382
144,230,768,2553.78,16995.03,1232
144,231,1278,1149.33,10549.01,1666
144,232,478,549.61,4850.23,593
144,233,315,856.85,5184.78,444
144,234,789,1302.73,9384.24,1041
144,236,333,1609.99,9076.31,414
144,237,382,1464.42,8838.69,495
144,238,133,844.05,4229.92,164
144,239,214,1194.56,6258.48,285
144,243,11,120.77,558.31,16
144,244,28,252.48,1270.72,16
144,246,451,1306.27,8197.74,557
144,248,1,14.5,51.5,1
144,249,1156,1421.0,11157.64,1482
144,252,1,14.97,56.9,1
144,255,145,470.68,2900.6,184
144,256,159,411.42,2546.96,205
144,257,9,61.79,281.8,9
144,258,1,10.9,50.91,0
144,259,1,16.1,50.5,1
144,260,6,43.28,201.04,6
144,261,335,467.12,3653.27,434
144,262,162,894.25,4649.11,199
144,263,235,1211.8,6341.11,311
145,1,2,35.5,182.44,2
145,3,1,12.6,49.5,1
145,4,2,0.0,53.9,0
145,7,84,155.94,1044.44,87
145,9,1,10.9,42.2,1
145,10,2,25.37,99.2,2
145,11,1,15.08,53.35,0
145,13,1,7.34,84.94,1
145,14,3,35.2,115.5,3
145,16,1,14.9,57.6,1
145,17,3,16.99,98.96,5
145,18,3,27.1,122.0,3
145,20,1,10.8,44.5,1
145,21,1,13.51,57.6,1
145,22,2,14.05,108.24,0
145,24,1,5.47,31.7,1
145,25,7,51.87,158.43,6
145,28,12,85.13,429.94,9
145,32,4,55.8,186.0,4
145,35,2,21.4,83.0,2
145,36,2,10.99,70.83,4
145,37,5,17.78,138.53,2
145,38,3,38.55,146.39,2
145,39,1,20.34,64.81,0
145,41,4,20.77,155.64,0
145,42,10,62.91,328.86,8
145,43,4,14.43,193.2,7
145,45,2,4.73,155.0,2
145,47,1,14.2,42.5,1
145,48,31,100.88,1485.08,35
145,49,1,4.97,23.41,0
145,50,5,12.57,172.49,2
145,51,2,28.7,96.0,2
145,53,2,23.63,85.96,1
145,54,1,0.0,31.38,0
145,55,1,19.86,62.05,0
145,56,6,33.83,178.07,4
145,61,8,51.42,257.9,6
145,65,4,23.0,54.43,3
145,66,1,6.69,29.6,1
145,68,18,45.29,1023.26,19
145,70,5,31.4,255.9,7
145,71,1,8.2,30.5,1
145,72,3,9.6,93.0,3
145,74,5,18.72,100.9,5
145,75,3,14.21,74.99,3
145,76,3,32.84,131.87,2
145,77,2,13.6,95.16,1
145,79,14,49.86,461.52,10
145,80,3,11.7,59.58,2
145,82,11,46.71,192.88,8
145,83,8,28.33,197.24,7
145,87,4,23.75,240.3,7
145,88,1,8.11,26.97,0
145,89,3,21.66,147.99,0
145,90,8,29.48,328.78,5
145,91,1,9.63,57.25,0
145,92,10,47.52,405.22,2
145,93,20,125.92,516.35,33
145,95,18,112.93,464.44,17
145,97,3,16.59,13.56,2
145,98,2,16.85,62.55,1
145,100,9,20.18,478.18,9
145,102,2,9.68,45.86,0
145,106,1,0.1,33.5,1
145,107,12,31.42,561.41,11
145,108,2,32.67,117.9,2
145,112,37,53.8,423.4,37
145,113,14,47.57,508.88,16
145,114,4,17.84,145.54,1
145,116,5,32.01,177.17,3
145,121,1,7.98,30.3,5
145,123,1,14.2,59.7,1
145,125,3,13.65,118.2,6
145,127,1,14.1,37.76,0
145,129,12,58.82,496.56,15
145,130,4,38.58,71.86,2
145,131,1,10.93,45.7,2
145,132,119,1686.33,8665.3,218
145,133,2,9.1,69.65,1
145,134,4,30.94,-7.7,5
145,135,1,8.93,23.47,0
145,137,7,17.38,191.0,5
145,138,62,452.07,3178.25,100
145,139,1,17.65,79.81,0
145,140,19,35.1,336.07,12
145,141,17,44.53,334.5,14
145,142,9,26.82,313.74,5
145,143,8,21.49,201.65,3
145,144,6,34.65,188.3,5
145,145,1276,404.16,9623.59,1180
145,146,29,17.7,329.41,25
145,147,1,9.3,36.5,1
145,148,6,25.86,189.34,2
145,151,3,17.21,32.97,4
145,152,1,8.43,55.5,2
145,157,8,27.36,218.35,6
145,158,2,8.68,140.0,4
145,159,1,12.3,36.5,1
145,160,8,37.48,135.6,8
145,161,20,53.75,602.02,13
145,162,16,46.74,505.99,16
145,163,17,53.62,806.43,14
145,164,37,91.1,1734.43,43
145,166,1,6.75,31.63,0
145,167,1,8.42,38.7,1
145,168,2,7.18,58.54,1
145,169,1,9.14,32.91,0
145,170,30,48.92,1246.56,32
145,171,1,9.9,35.91,0
145,173,1,7.33,26.15,0
145,178,1,13.38,47.75,0
145,179,41,100.39,569.55,38
145,180,2,31.85,114.92,0
145,181,4,18.08,162.81,3
145,182,1,0.0,37.19,0
145,186,17,50.38,527.95,16
145,188,2,8.1,104.32,1
145,189,4,17.72,134.07,0
145,193,60,85.3,805.18,28
145,196,11,55.17,168.41,6
145,197,8,72.58,313.3,8
145,198,6,29.65,144.14,4
145,200,1,11.2,46.4,1
145,202,11,24.59,149.68,10
145,205,5,70.25,219.21,3
145,209,3,20.49,129.99,3
145,211,4,17.19,163.33,2
145,213,2,22.2,69.0,2
145,215,1,11.39,39.74,0
145,216,14,154.07,849.8,25
145,219,1,13.47,92.0,4
145,223,31,84.98,598.39,26
145,225,1,4.73,27.8,0
145,226,81,100.77,911.04,94
145,227,2,9.4,87.59,1
145,228,7,77.66,312.93,2
145,229,14,48.33,268.92,9
145,230,35,93.59,2171.08,48
145,231,8,65.13,323.74,8
145,232,1,6.62,30.3,1
145,233,21,76.52,994.43,21
145,234,12,30.63,610.87,10
145,235,2,11.39,78.74,0
145,236,13,50.61,283.79,13
145,237,9,24.82,225.79,6
145,238,5,22.94,135.21,7
145,239,6,27.54,147.4,1
145,242,1,14.0,45.5,1
145,243,2,9.06,79.66,1
145,244,6,37.23,234.14,3
145,246,16,56.92,648.43,17
145,247,2,15.5,66.0,2
145,248,1,10.33,40.8,1
145,249,7,26.72,323.65,5
145,254,1,14.1,41.5,1
145,255,9,25.87,111.31,8
145,256,3,10.06,58.0,3
145,258,3,18.31,112.35,0
145,260,14,28.23,225.67,10
145,261,4,28.22,240.79,4
145,262,8,27.12,167.23,6
145,263,14,47.66,320.1,6
146,1,1,21.4,107.0,1
146,3,1,10.6,44.87,0
146,4,3,11.12,85.33,2
146,7,116,147.45,1162.34,115
146,9,1,9.64,35.76,0
146,13,1,7.9,31.7,1
146,15,1,10.57,38.59,0
146,16,3,29.13,155.86,1
146,17,3,12.89,59.62,1
146,22,2,15.29,123.14,0
146,28,3,30.81,131.52,1
146,33,1,8.76,42.9,1
146,36,4,23.57,116.3,4
146,37,1,0.0,24.67,0
146,41,6,31.99,198.46,4
146,42,4,26.97,57.1,6
146,43,7,15.62,113.15,7
146,45,2,13.6,70.4,1
146,48,16,52.9,356.65,13
146,49,1,12.13,52.0,1
146,50,3,8.3,75.52,2
146,53,1,9.0,40.8,1
146,56,2,11.96,60.6,2
146,61,6,31.64,216.86,2
146,65,2,14.02,67.6,2
146,68,6,28.29,151.61,8
146,70,4,18.09,133.95,3
146,72,1,8.09,50.75,0
146,73,1,0.0,40.88,0
146,74,4,17.52,88.5,2
146,75,11,42.62,240.9,13
146,76,1,10.5,41.5,1
146,79,12,53.08,236.5,16
146,80,4,14.78,81.05,5
146,82,13,55.41,348.14,9
146,83,3,8.67,54.94,3
146,86,1,0.0,56.5,1
146,87,2,7.73,53.84,0
146,89,1,12.09,53.4,1
146,90,20,87.27,487.91,2
146,92,6,36.31,198.27,4
146,93,3,19.6,25.99,2
146,95,5,32.11,143.42,3
146,97,2,21.81,74.2,2
146,100,14,49.49,324.46,13
146,107,12,42.35,257.66,12
146,108,1,0.0,70.7,0
146,112,9,14.09,132.47,7
146,113,1,4.8,32.4,1
146,114,9,45.94,242.6,9
146,116,1,6.92,46.4,1
146,121,1,0.0,48.34,0
146,123,2,39.1,111.0,2
146,126,2,16.27,63.73,1
146,129,16,51.97,317.36,16
146,130,2,22.86,116.6,2
146,131,1,13.71,54.1,1
146,132,20,304.18,1299.1,20
146,134,2,13.05,68.3,2
146,137,27,77.17,480.51,29
146,138,39,202.02,1532.42,52
146,140,39,79.76,496.56,39
146,141,44,85.95,510.61,43
146,142,25,71.83,516.41,20
146,143,3,10.18,60.1,4
146,144,3,16.03,91.48,2
146,145,43,50.62,468.64,37
146,146,135,30.89,1474.29,165
146,147,1,0.0,28.0,1
146,148,3,17.09,99.27,1
146,151,1,5.48,22.87,0
146,158,1,10.77,52.0,1
146,159,2,15.6,51.0,2
146,161,24,66.22,420.09,27
146,162,51,105.15,616.98,47
146,163,46,101.11,708.01,45
146,164,17,55.23,391.2,20
146,166,3,16.27,96.59,0
146,167,1,8.03,35.2,1
146,168,1,7.2,29.6,1
146,169,1,12.3,59.0,2
146,170,16,46.91,277.68,16
146,171,2,8.54,69.7,0
146,173,4,24.56,120.68,4
146,175,1,0.0,35.86,0
146,177,1,15.28,34.14,0
146,179,63,109.07,747.63,72
146,181,5,41.0,199.7,9
146,186,8,32.64,176.6,15
146,192,1,8.85,40.18,0
146,193,49,41.0,417.68,65
146,196,2,21.14,0.0,4
146,197,1,9.97,42.9,3
146,198,2,10.27,56.17,1
146,202,18,27.88,173.72,17
146,205,2,14.3,99.1,2
146,207,1,3.01,14.9,2
146,209,2,7.8,61.91,1
146,211,1,4.25,21.9,1
146,215,1,11.9,48.5,1
146,223,64,148.41,956.64,78
146,224,3,11.03,63.9,4
146,225,4,20.3,101.59,3
146,226,56,71.6,879.15,66
146,228,2,20.17,94.6,1
146,229,54,102.3,651.31,52
146,230,17,51.92,418.01,20
146,231,1,8.97,37.3,1
146,232,2,14.34,59.9,1
146,233,44,105.04,647.76,41
146,234,9,34.25,201.3,13
146,235,2,18.88,0.0,2
146,236,19,59.71,304.25,15
146,237,57,111.83,778.08,60
146,238,5,18.57,175.9,5
146,239,4,17.07,116.63,2
146,242,1,11.5,35.72,0
146,243,1,10.79,31.05,0
146,244,2,18.88,97.0,3
146,245,1,19.9,74.4,1
146,246,5,21.09,118.6,5
146,247,1,8.2,35.2,1
146,249,6,22.85,147.88,4
146,252,3,17.54,104.7,3
146,255,3,11.47,68.41,1
146,256,1,4.2,26.8,1
146,258,1,13.62,42.28,0
146,260,11,25.25,157.6,11
146,261,3,24.68,102.13,1
146,262,4,13.88,78.66,1
146,263,22,66.25,366.61,24
147,7,1,5.08,29.43,0
147,10,1,0.0,54.74,0
147,18,1,4.9,25.5,1
147,19,4,49.0,172.0,4
147,22,1,18.9,42.5,1
147,25,1,12.1,41.5,1
147,38,2,27.1,87.0,2
147,41,2,7.62,48.57,1
147,42,1,3.2,22.5,1
147,45,1,10.1,35.5,1
147,49,1,12.9,42.5,1
147,51,3,19.8,85.5,3
147,60,1,0.0,8.6,0
147,61,1,16.3,53.5,1
147,68,4,46.27,147.91,3
147,74,1,2.9,22.5,1
147,75,3,12.6,76.5,3
147,76,3,15.0,150.0,3
147,81,1,7.9,28.5,1
147,93,1,9.2,48.5,1
147,100,1,0.0,33.0,1
147,116,1,4.6,21.5,1
147,119,4,14.62,78.04,3
147,126,2,0.8,22.33,1
147,130,1,12.4,41.5,1
147,137,2,18.6,63.0,2
147,140,3,16.4,86.05,2
147,141,1,0.0,32.69,0
147,142,1,5.3,34.5,1
147,143,1,7.4,37.5,1
147,145,1,5.3,33.5,1
147,147,7,1.42,378.5,6
147,151,1,5.18,26.8,1
147,152,2,6.76,43.3,2
147,159,2,2.4,35.0,2
147,165,1,18.9,55.5,1
147,166,2,2.8,42.04,1
147,167,3,2.8,36.16,1
147,168,6,7.7,101.7,4
147,169,3,7.75,65.9,3
147,174,3,16.5,79.5,3
147,182,1,0.0,21.73,0
147,186,1,8.9,34.5,1
147,189,1,0.2,41.5,1
147,205,1,13.0,46.5,1
147,209,1,11.5,38.5,1
147,213,2,8.3,49.0,2
147,214,1,22.8,41.5,1
147,225,1,9.0,53.5,1
147,226,1,6.1,34.5,1
147,231,1,13.7,41.5,1
147,232,1,11.2,36.5,1
147,235,1,4.22,17.99,0
147,242,3,10.5,72.5,3
147,243,1,7.1,29.5,1
147,244,2,4.02,46.31,0
147,246,1,11.7,34.5,1
147,248,1,2.42,14.44,0
147,263,1,4.3,24.5,1
148,1,58,904.85,4672.24,89
148,4,569,529.21,4728.58,752
148,7,40,319.67,1334.29,49
148,8,1,9.39,38.7,1
148,9,1,19.46,75.8,1
148,10,1,17.29,70.0,1
148,11,1,12.7,48.5,2
148,12,7,19.2,113.4,14
148,13,220,645.27,3622.32,278
148,14,20,200.03,841.2,27
148,17,86,334.66,1813.89,97
148,19,1,16.4,63.2,0
148,20,1,13.0,45.5,1
148,21,2,20.33,97.0,3
148,22,1,10.4,45.7,1
148,24,58,412.05,2127.21,55
148,25,84,299.19,1557.76,113
148,26,5,46.19,242.5,5
148,28,1,11.9,40.5,1
148,29,2,34.35,150.9,2
148,32,2,34.82,134.8,5
148,33,114,383.3,2042.55,148
148,34,8,27.69,161.9,11
148,35,2,16.92,0.0,2
148,36,64,303.65,1578.29,82
148,37,101,433.36,2283.44,141
148,39,5,42.06,239.7,5
148,40,39,171.32,878.31,57
148,41,83,647.95,2962.7,76
148,42,76,651.81,2925.4,63
148,43,62,307.66,1676.21,101
148,45,247,213.29,2117.37,335
148,48,427,1715.4,10166.9,543
148,49,97,374.94,2062.82,118
148,50,161,653.15,3994.64,166
148,52,25,90.39,488.02,33
148,53,1,12.5,49.2,1
148,54,7,31.71,156.8,7
148,55,6,78.06,343.4,2
148,56,3,28.23,118.2,3
148,60,1,0.0,57.0,0
148,61,59,308.13,1645.73,69
148,62,18,95.99,501.22,20
148,63,2,14.44,80.2,2
148,65,69,169.39,933.75,83
148,66,76,207.98,1216.55,110
148,68,667,1785.91,11593.0,872
148,69,11,108.36,311.9,18
148,70,3,30.13,121.7,6
148,71,2,13.4,64.1,2
148,72,3,22.54,49.2,3
148,73,1,12.49,51.3,1
148,74,72,498.99,2262.98,55
148,75,127,778.61,3609.62,153
148,76,3,23.92,50.0,5
148,79,2402,2009.63,18997.99,3334
148,80,172,540.08,2913.74,214
148,81,2,33.3,118.9,2
148,82,10,71.21,190.9,18
148,83,12,75.78,329.24,14
148,85,1,5.52,39.4,1
148,87,623,1242.15,7883.54,749
148,88,150,376.1,2077.4,203
148,89,39,273.0,1195.4,44
148,90,565,1254.28,8561.39,731
148,91,2,36.76,143.9,2
148,92,8,96.62,385.2,11
148,94,4,52.72,0.0,10
148,95,10,95.36,396.8,12
148,96,1,6.85,38.0,1
148,97,83,267.64,1541.92,113
148,100,205,626.76,3986.71,274
148,102,1,7.2,30.5,1
148,106,11,54.39,275.43,9
148,107,1318,1838.86,13736.72,1700
148,108,1,15.5,61.8,1
148,109,1,22.51,88.4,1
148,112,202,796.57,3884.72,273
148,113,633,793.56,6508.0,831
148,114,728,667.64,5983.03,1013
148,115,1,16.16,129.0,4
148,116,35,297.32,1488.01,36
148,118,2,44.29,191.9,2
148,119,2,12.0,79.0,2
148,120,1,11.02,36.27,0
148,121,1,12.86,49.2,1
148,123,6,70.88,205.9,9
148,125,269,339.65,2889.25,388
148,126,1,15.89,80.0,1
148,127,23,286.27,1190.37,23
148,129,39,292.59,1010.0,56
148,130,1,9.8,40.5,1
148,132,201,3478.44,13411.69,288
148,133,12,103.29,439.9,17
148,134,2,31.57,120.91,1
148,135,1,11.82,54.1,1
148,136,1,13.2,41.5,1
148,137,788,1439.1,9404.14,1010
148,138,131,1416.41,5728.67,137
148,140,267,1111.67,5798.8,293
148,141,446,1853.5,9435.72,581
148,142,226,1099.36,6246.95,276
148,143,160,825.87,4588.16,169
148,144,675,445.65,5478.47,995
148,145,63,343.51,1669.89,79
148,146,12,72.64,337.0,20
148,147,1,10.39,43.6,5
148,148,1139,579.75,15086.44,1611
148,150,3,50.55,202.2,3
148,151,93,614.03,3243.67,78
148,152,16,142.19,658.32,17
148,154,1,20.12,75.1,1
148,155,3,27.86,34.5,7
148,157,11,67.69,356.61,15
148,158,379,719.88,5266.09,502
148,159,2,14.1,59.9,2
148,160,6,44.54,199.3,8
148,161,265,900.51,5443.33,376
148,162,455,1367.0,8069.43,621
148,163,215,857.75,5148.84,278
148,164,494,1238.76,8059.16,654
148,165,2,18.85,81.08,1
148,166,85,675.1,3318.14,85
148,168,5,43.49,179.61,5
148,169,2,22.15,88.8,2
148,170,977,2247.05,14508.57,1324
148,171,4,52.58,208.7,4
148,172,1,18.64,71.6,2
148,173,3,27.44,139.9,3
148,174,1,16.9,64.6,1
148,175,2,26.48,94.5,3
148,177,8,51.38,200.52,14
148,178,2,18.14,74.81,2
148,179,18,158.23,689.91,20
148,181,128,600.57,3047.93,177
148,182,1,12.42,65.3,1
148,183,1,19.52,87.7,1
148,186,476,1253.43,8247.42,621
148,187,1,20.03,76.5,2
148,188,31,177.22,907.29,38
148,189,43,179.15,959.83,54
148,190,7,41.51,203.08,7
148,192,1,0.69,5.8,3
148,193,7,43.67,211.47,7
148,194,1,8.09,58.89,0
148,195,19,111.98,408.6,19
148,196,1,7.85,33.1,1
148,198,37,245.59,1118.79,47
148,200,3,46.49,189.6,3
148,201,1,0.0,63.5,1
148,202,10,77.69,365.3,22
148,203,1,19.0,75.8,1
148,208,1,14.0,54.8,1
148,209,205,339.11,2452.29,275
148,210,4,67.82,266.1,5
148,211,534,503.27,4775.15,748
148,215,1,16.7,70.9,2
148,216,3,44.98,192.1,3
148,217,16,35.41,206.2,18
148,218,1,16.98,70.0,2
148,220,1,13.8,52.7,0
148,223,24,215.9,893.1,28
148,224,259,336.46,2569.18,319
148,225,80,343.04,1803.66,120
148,226,32,185.34,757.9,34
148,227,2,16.51,74.6,2
148,228,21,149.6,664.01,26
148,229,423,1318.45,7507.13,536
148,230,371,1367.74,8519.29,529
148,231,812,1166.33,9195.15,1053
148,232,559,465.87,4281.74,761
148,233,519,1350.75,8028.78,658
148,234,628,1187.92,8405.82,811
148,235,2,11.58,85.7,2
148,236,326,1770.19,9029.94,441
148,237,279,1180.67,6404.13,372
148,238,168,1113.71,5678.46,163
148,239,253,1530.48,7933.8,310
148,240,1,16.54,73.0,1
148,241,1,14.63,56.2,1
148,243,33,393.2,1507.13,30
148,244,50,539.3,2230.06,36
148,246,323,1037.75,6442.88,399
148,247,3,30.41,129.4,5
148,248,1,18.14,68.8,1
148,249,974,1555.36,11756.06,1318
148,250,1,17.66,68.8,1
148,252,1,15.69,59.7,1
148,254,2,35.85,143.2,2
148,255,318,907.31,5155.14,398
148,256,381,852.76,5116.7,506
148,257,13,96.33,431.0,21
148,259,1,0.0,48.5,1
148,260,14,100.62,457.8,16
148,261,274,646.34,4193.87,341
148,262,224,1149.11,5739.13,246
148,263,399,2083.06,10216.11,425
149,4,1,14.6,39.5,1
149,14,1,4.63,28.83,0
149,17,1,6.7,28.5,1
149,25,3,20.0,81.5,3
149,26,1,3.6,21.5,1
149,35,1,4.5,23.5,1
149,39,3,14.2,62.5,3
149,41,4,70.4,255.0,4
149,45,1,10.68,64.41,0
149,48,2,25.73,148.01,1
149,49,2,13.4,53.0,2
149,50,1,14.9,40.5,1
149,55,6,16.7,125.64,5
149,61,1,5.3,25.5,1
149,62,1,6.8,22.5,1
149,65,1,6.7,29.5,1
149,68,2,21.9,79.0,2
149,69,1,18.4,60.5,1
149,76,2,14.5,67.0,2
149,86,1,17.9,40.5,1
149,88,1,11.1,34.5,1
149,89,3,5.9,57.5,3
149,91,4,8.02,61.14,5
149,95,2,24.8,95.0,2
149,107,3,32.3,128.5,3
149,108,3,4.5,55.58,2
149,123,6,8.03,94.33,5
149,124,1,9.69,-38.7,1
149,132,2,25.51,98.4,2
149,133,2,6.89,44.05,1
149,137,4,44.4,162.0,4
149,140,1,13.4,43.5,1
149,145,1,12.6,46.5,1
149,149,9,1.2,302.53,11
149,150,2,3.47,26.01,1
149,154,2,7.2,0.0,2
149,155,2,4.43,31.86,1
149,162,1,13.4,43.5,1
149,165,2,3.1,35.0,2
149,170,6,83.1,256.0,6
149,181,2,12.0,53.0,2
149,188,1,5.5,23.5,1
149,191,1,18.8,56.5,1
149,209,1,11.2,36.5,1
149,210,2,3.8,37.0,2
149,222,5,25.3,141.5,5
149,224,1,8.7,55.5,1
149,225,1,6.78,36.6,1
149,227,1,3.9,22.5,1
149,233,13,144.5,567.0,13
149,236,1,5.0,49.5,1
149,237,1,12.8,45.5,1
149,246,2,13.0,79.5,2
149,261,1,0.0,34.5,1
150,14,1,8.67,28.22,0
150,22,1,5.3,27.5,1
150,26,2,23.08,88.6,4
150,29,1,1.9,17.5,1
150,33,1,14.04,36.31,0
150,35,2,11.5,66.0,2
150,39,2,11.1,49.7,5
150,55,3,8.1,60.5,3
150,67,1,7.07,24.42,0
150,68,2,30.5,103.0,2
150,71,3,12.51,78.86,2
150,75,2,35.0,122.0,2
150,83,1,10.9,61.5,1
150,87,2,30.4,93.0,2
150,89,2,7.62,40.33,1
150,91,3,6.56,61.42,1
150,107,1,14.6,53.5,1
150,108,1,2.9,20.5,1
150,113,1,12.2,48.5,1
150,123,2,3.4,29.62,1
150,124,1,8.52,32.4,2
150,132,2,26.07,99.1,2
150,133,2,20.17,81.3,3
150,140,2,3.9,113.5,2
150,141,1,17.6,55.5,1
150,149,1,2.2,31.5,1
150,150,7,0.97,133.0,7
150,159,2,23.4,171.98,1
150,165,2,2.9,41.5,2
150,166,1,22.3,70.0,1
150,170,2,33.4,106.0,2
150,174,1,28.3,86.5,1
150,181,1,11.26,43.6,1
150,185,1,24.0,70.5,1
150,188,1,5.7,25.5,1
150,209,1,14.6,47.5,1
150,210,5,6.29,69.28,3
150,212,1,0.0,69.0,1
150,228,5,47.96,113.1,5
150,230,1,13.39,70.0,1
150,231,1,11.7,46.5,1
150,238,4,74.7,258.0,4
150,243,1,0.0,69.5,1
150,244,1,34.2,73.5,1
150,261,1,12.75,87.88,1
151,1,29,612.16,2788.03,30
151,4,21,116.47,654.23,23
151,6,1,17.91,69.5,1
151,7,13,83.63,435.72,12
151,10,1,19.78,70.0,1
151,13,34,245.86,1115.87,43
151,14,1,18.3,69.5,1
151,15,1,13.8,47.5,1
151,17,1,12.1,64.6,0
151,20,1,9.7,29.5,1
151,24,507,350.67,3328.35,600
151,25,2,22.53,94.9,2
151,31,1,12.44,49.2,1
151,32,1,0.0,33.5,1
151,33,7,70.28,335.35,8
151,35,3,38.3,165.5,3
151,36,1,16.7,73.0,1
151,37,1,10.4,46.4,1
151,39,1,15.3,57.5,1
151,41,835,1069.25,7965.91,1069
151,42,349,828.14,5184.05,397
151,43,513,834.72,5812.25,646
151,45,9,70.71,353.81,9
151,46,1,0.0,46.0,1
151,47,3,23.04,123.1,4
151,48,475,37833.09,8672.45,528
151,49,4,44.51,213.6,6
151,50,215,673.46,3761.12,261
151,51,4,58.04,202.8,4
151,52,2,23.17,100.5,2
151,54,1,10.03,45.0,1
151,60,2,21.18,92.1,3
151,61,2,26.6,120.8,2
151,62,1,13.25,59.7,1
151,65,4,38.46,178.08,3
151,66,1,10.6,45.0,2
151,68,274,1208.38,6152.43,304
151,69,8,39.14,214.3,8
151,70,1,8.69,38.7,5
151,74,511,1105.71,7335.18,589
151,75,852,1301.91,9600.96,1026
151,77,1,0.0,51.5,1
151,78,5,18.9,165.0,4
151,79,66,445.54,2233.42,67
151,80,1,10.1,35.5,1
151,81,1,13.45,70.2,2
151,82,4,35.85,165.3,4
151,83,2,16.41,76.0,2
151,86,1,20.8,47.5,1
151,87,23,190.95,842.61,19
151,88,16,107.82,662.97,13
151,89,1,13.6,61.1,2
151,90,94,512.35,2484.95,115
151,91,1,18.39,73.7,1
151,92,5,59.12,258.6,6
151,93,1,12.7,70.0,1
151,95,4,55.77,210.47,2
151,97,6,57.73,310.66,6
151,100,80,305.3,1722.65,97
151,106,1,10.69,41.06,0
151,107,96,512.87,2716.44,115
151,108,2,43.8,0.0,2
151,112,2,13.89,81.6,3
151,113,53,305.02,1647.43,60
151,114,49,322.99,1549.21,54
151,116,278,710.39,4198.18,322
151,117,3,64.0,220.5,3
151,119,6,31.94,173.4,11
151,120,2,8.87,41.0,5
151,123,1,15.1,73.7,0
151,125,20,134.54,644.76,17
151,126,3,23.04,105.6,4
151,127,43,280.57,1175.72,46
151,128,6,40.9,180.4,7
151,129,4,32.11,154.1,7
151,130,1,14.8,61.1,1
151,131,1,1.7,47.5,1
151,132,136,2681.28,9676.76,164
151,135,2,20.2,80.0,2
151,136,7,54.11,209.44,7
151,137,82,445.77,2371.02,91
151,138,234,2127.44,9259.35,235
151,139,1,17.1,60.5,1
151,140,450,1461.72,9468.02,533
151,141,353,999.8,6566.74,420
151,142,1593,3076.19,20593.89,1952
151,143,766,1388.07,9807.32,925
151,144,24,166.07,820.3,29
151,145,7,42.64,242.2,12
151,146,3,15.24,86.18,2
151,147,4,24.55,77.4,7
151,148,23,157.28,865.56,16
151,149,1,20.8,71.5,1
151,151,1235,736.52,11900.56,1532
151,152,236,443.31,2796.8,257
151,153,6,43.6,128.0,7
151,158,52,289.77,1352.27,70
151,159,9,38.61,226.5,12
151,161,384,1282.62,8300.66,425
151,162,284,313757.9,6505.7,318
151,163,510,1415.37,8867.57,592
151,164,94,429.6,2499.84,110
151,165,1,15.52,68.1,1
151,166,1575,1494.13,12132.1,1883
151,167,3,20.33,99.3,3
151,168,14,52.93,333.92,14
151,169,2,12.44,62.0,2
151,170,168,735.01,4560.79,165
151,171,1,0.0,39.5,1
151,174,1,12.9,49.9,1
151,179,1,0.0,22.6,1
151,181,6,75.85,330.9,9
151,182,2,15.9,66.0,2
151,183,1,11.77,51.3,1
151,186,135,598.01,3391.27,173
151,189,6,70.16,342.1,9
151,190,1,11.42,55.5,2
151,191,2,36.0,108.0,2
151,193,6,31.75,179.0,7
151,195,1,10.7,45.0,1
151,200,9,79.75,335.27,11
151,202,1,6.9,35.9,1
151,205,1,16.8,50.5,1
151,209,5,37.74,210.17,3
151,211,22,149.97,743.3,27
151,212,2,18.74,0.0,2
151,213,2,14.0,67.67,0
151,216,2,33.99,140.2,2
151,220,21,180.98,676.08,24
151,223,2,13.75,-2.1,2
151,224,17,93.52,515.53,19
151,225,2,31.45,108.2,2
151,226,7,48.38,265.3,7
151,228,1,15.09,66.7,1
151,229,150,573.02,3487.87,169
151,230,292,925.3,5833.67,359
151,231,69,479.97,2297.26,83
151,232,34,251.41,1099.4,40
151,233,90,413.74,2445.93,101
151,234,121,656.53,3468.02,157
151,235,3,20.13,95.5,3
151,236,1416,60770.89,17429.04,1698
151,237,700,1900.82,12202.67,837
151,238,2943,2106.53,20571.55,3658
151,239,3031,3587.02,27454.07,3836
151,241,5,46.63,185.71,9
151,242,4,38.55,73.9,6
151,243,105,536.31,2595.34,97
151,244,244,934.19,4868.91,275
151,246,226,959.91,4624.4,241
151,247,6,20.66,113.9,6
151,249,80,464.19,2290.53,100
151,250,1,9.3,34.5,1
151,254,1,11.1,39.5,1
151,255,5,53.27,238.3,5
151,256,2,18.75,80.5,2
151,257,4,50.8,208.7,4
151,258,3,51.66,212.0,4
151,260,3,45.33,146.7,5
151,261,29,215.07,1083.14,34
151,262,225,544.07,3705.2,263
151,263,424,873.16,6005.88,488
152,1,2,48.14,222.4,3
152,4,3,26.9,129.54,2
152,13,6,50.47,220.96,6
152,20,2,12.04,65.9,2
152,24,58,72.23,545.04,67
152,25,3,21.9,117.0,3
152,29,1,26.87,108.0,1
152,32,1,0.4,35.5,1
152,37,1,11.8,39.5,1
152,38,1,19.4,59.5,1
152,40,1,12.4,52.0,1
152,41,105,134.76,1027.2,123
152,42,85,112.54,862.21,96
152,43,17,52.07,315.64,13
152,45,1,9.7,51.3,1
152,48,62,301.52,1483.25,60
152,50,25,113.62,530.56,25
152,51,2,23.4,79.0,2
152,68,24,133.95,608.77,21
152,69,4,10.92,78.5,4
152,71,1,0.0,46.5,1
152,72,2,31.2,109.0,2
152,74,140,247.92,1827.16,153
152,75,53,135.24,968.35,55
152,76,3,49.39,180.2,3
152,79,11,82.6,421.77,6
152,82,1,7.49,37.3,1
152,85,1,12.4,45.5,1
152,87,1,10.13,45.0,1
152,88,4,37.5,171.11,2
152,89,2,29.0,93.0,2
152,90,8,53.34,253.58,7
152,94,1,5.4,25.5,1
152,100,8,46.3,220.7,16
152,106,1,14.4,60.17,0
152,107,10,75.53,344.43,7
152,113,5,31.39,187.63,5
152,114,2,16.24,74.25,1
152,116,46,40.84,340.28,48
152,119,3,12.43,18.0,3
152,125,3,23.44,109.1,5
152,126,1,7.0,30.3,1
152,127,13,55.45,307.14,8
152,128,1,4.7,17.91,0
152,129,1,8.03,35.9,1
152,132,18,356.93,1312.22,15
152,137,5,28.3,162.96,3
152,138,12,95.28,419.95,7
152,139,1,20.0,60.5,1
152,140,9,46.67,240.46,6
152,141,6,28.97,168.24,3
152,142,54,214.81,1156.97,55
152,143,19,57.6,334.5,15
152,144,2,17.28,89.67,1
152,147,1,8.48,35.2,2
152,148,3,17.15,117.3,1
152,151,105,177.7,1165.29,116
152,152,168,72.56,1454.94,203
152,158,8,53.56,248.57,5
152,159,2,3.62,42.1,1
152,161,17,91.85,487.22,15
152,162,5,30.13,156.63,7
152,163,17,85.06,415.5,35
152,164,7,46.78,220.36,2
152,166,211,194.25,1616.78,226
152,167,4,16.06,39.2,5
152,168,6,14.79,82.84,7
152,170,6,39.31,205.97,3
152,179,2,10.05,52.2,4
152,185,1,7.9,32.5,1
152,186,18,107.36,546.82,16
152,190,1,12.9,41.5,1
152,191,3,55.68,194.1,4
152,197,2,15.2,85.0,2
152,200,4,27.33,124.0,4
152,201,1,26.3,78.5,1
152,203,1,20.4,62.5,1
152,209,2,19.2,92.1,0
152,211,2,15.79,71.4,1
152,213,1,7.6,29.5,1
152,220,4,24.66,120.5,4
152,223,2,14.22,0.0,2
152,225,1,13.16,72.3,1
152,228,1,15.62,66.0,2
152,229,12,70.96,328.83,9
152,230,19,99.83,445.56,21
152,231,7,57.45,250.9,11
152,232,7,44.19,230.34,5
152,233,2,11.6,33.19,1
152,234,13,103.82,442.22,9
152,235,5,18.09,129.73,3
152,236,50,171.47,1001.09,48
152,237,19,79.3,463.4,16
152,238,127,279.33,1723.5,145
152,239,88,260.53,1431.25,104
152,240,2,17.49,70.4,2
152,241,2,13.56,59.9,2
152,242,2,15.1,62.0,2
152,243,21,66.28,350.96,18
152,244,64,128.16,857.46,70
152,246,12,67.37,304.85,13
152,247,7,16.47,117.1,7
152,248,1,7.5,34.5,1
152,249,7,51.15,183.96,6
152,250,1,10.1,47.1,1
152,254,2,20.36,83.0,2
152,261,2,17.9,45.43,0
152,262,8,33.33,174.68,4
152,263,17,63.18,379.49,14
153,18,1,2.0,12.8,1
153,32,1,3.1,21.5,1
153,37,1,16.41,72.67,0
153,48,1,10.04,37.63,0
153,51,2,10.3,73.0,2
153,69,2,8.56,49.9,3
153,74,2,13.24,50.05,0
153,75,1,6.5,28.5,1
153,95,1,14.5,46.5,1
153,100,1,10.6,36.5,1
153,107,1,0.0,42.0,1
153,119,2,3.9,40.41,1
153,128,1,0.61,5.1,1
153,130,1,18.6,53.5,1
153,132,1,28.42,82.63,0
153,136,1,0.36,5.1,1
153,141,1,10.2,38.5,1
153,151,2,12.7,60.7,2
153,152,1,6.01,24.25,0
153,153,4,7.5,102.0,3
153,162,1,12.2,38.5,1
153,163,1,9.0,34.5,1
153,168,2,11.24,45.82,1
153,169,1,2.0,19.5,1
153,181,1,17.4,56.5,1
153,186,1,10.9,37.5,1
153,191,1,13.9,50.5,1
153,193,1,14.8,37.5,1
153,220,1,2.0,25.5,1
153,233,1,10.2,38.5,1
153,234,1,12.72,49.37,0
153,236,1,8.68,2.93,0
153,243,3,5.74,46.69,1
153,244,3,5.48,60.55,3
153,248,1,6.08,26.8,1
153,254,1,3.1,20.5,1
154,6,1,11.01,70.0,1
154,11,2,14.71,64.8,2
154,13,1,15.53,70.0,1
154,14,2,17.36,67.6,2
154,22,3,18.57,25.4,3
154,26,2,14.0,56.4,5
154,27,1,4.8,19.8,2
154,29,1,3.04,17.7,1
154,35,1,4.4,26.5,1
154,55,4,13.98,33.3,5
154,61,1,6.64,41.75,0
154,67,1,7.45,30.3,5
154,76,2,8.96,85.6,3
154,85,1,3.65,18.4,1
154,87,1,16.79,72.18,0
154,89,5,15.37,153.71,8
154,91,1,1.91,12.8,1
154,123,3,11.57,21.9,3
154,132,1,9.29,35.2,1
154,149,2,5.44,31.9,2
154,150,4,4.24,67.4,6
154,154,2,1.88,0.0,4
154,155,5,9.63,53.5,7
154,170,1,17.9,57.5,1
154,181,1,14.7,54.8,1
154,188,1,16.87,68.1,1
154,201,3,13.39,58.7,4
154,210,1,3.9,17.7,1
154,228,1,11.36,43.6,2
154,257,1,15.02,55.5,1
155,1,1,26.8,116.8,1
155,13,1,10.83,50.38,0
155,14,2,23.28,77.4,2
155,17,2,13.2,70.8,2
155,21,1,0.0,21.04,0
155,25,2,12.2,55.0,2
155,26,2,19.47,58.63,1
155,27,1,6.0,25.5,1
155,28,1,22.3,29.5,1
155,29,5,34.33,147.2,5
155,32,1,24.3,71.5,1
155,33,1,17.11,63.9,1
155,35,3,4.5,81.12,2
155,37,1,5.4,25.5,1
155,39,11,25.45,175.72,9
155,55,5,36.45,175.79,4
155,60,1,21.4,56.5,1
155,61,1,4.7,22.43,0
155,62,1,4.9,24.5,1
155,65,1,6.8,26.5,1
155,67,1,9.5,37.3,1
155,68,1,10.2,39.5,1
155,71,4,10.1,79.0,4
155,72,7,25.3,150.05,6
155,75,10,124.1,632.5,10
155,76,4,16.48,97.18,2
155,78,1,20.1,56.5,1
155,79,1,16.83,70.0,2
155,83,1,14.2,37.5,1
155,85,2,6.28,-1.4,3
155,86,1,15.3,39.5,1
155,89,11,29.98,166.6,17
155,91,7,7.84,143.58,6
155,93,1,5.4,20.5,1
155,95,2,22.3,86.0,2
155,97,3,14.0,86.0,3
155,100,1,16.2,44.5,1
155,106,2,12.26,79.95,1
155,107,3,34.5,164.5,3
155,108,3,19.87,79.84,2
155,112,1,0.0,58.93,0
155,113,1,12.61,47.1,1
155,123,4,13.1,86.0,4
155,132,4,52.99,283.79,3
155,133,1,15.63,57.6,1
155,134,1,13.3,45.5,1
155,137,8,100.8,335.0,8
155,140,2,35.3,109.0,2
155,142,1,12.5,46.5,1
155,148,6,48.8,202.5,6
155,149,6,5.84,86.4,1
155,150,2,5.2,45.6,2
155,154,2,11.01,79.9,2
155,155,22,40.72,476.0,29
155,158,1,12.8,45.5,1
155,161,2,29.2,115.0,2
155,164,1,14.9,44.5,1
155,165,11,16.84,176.28,10
155,168,1,19.7,65.5,1
155,170,2,14.0,87.0,2
155,171,1,17.1,44.5,1
155,173,1,0.0,70.34,0
155,177,1,0.0,22.0,1
155,181,4,24.3,109.0,4
155,186,1,10.9,37.5,1
155,188,2,7.48,45.1,2
155,190,1,0.0,41.61,0
155,191,1,14.4,45.5,1
155,195,1,14.9,46.5,1
155,197,1,9.2,43.5,1
155,201,2,10.36,0.0,2
155,210,2,8.28,27.91,1
155,216,1,7.6,30.5,1
155,218,1,26.1,38.5,1
155,225,1,5.6,25.5,1
155,226,1,14.75,53.34,0
155,228,1,13.77,52.7,1
155,230,2,20.8,115.0,2
155,231,2,8.9,69.0,2
155,232,1,14.6,33.5,1
155,233,2,21.6,87.0,2
155,236,1,18.6,50.5,1
155,259,1,29.5,70.5,1
155,261,2,17.3,103.0,2
155,263,1,17.7,71.5,1
156,133,2,25.84,0.0,2
156,156,2,0.0,6.0,2
157,7,1,4.45,20.8,0
157,16,1,0.0,35.06,0
157,17,3,8.93,53.01,0
157,28,1,0.0,21.76,0
157,33,1,6.96,26.8,1
157,35,1,5.64,42.75,0
157,36,7,8.05,66.29,5
157,37,4,7.65,40.94,2
157,40,1,7.92,5.38,0
157,41,2,8.73,78.38,0
157,48,3,20.37,172.4,5
157,50,2,13.92,119.66,2
157,52,1,8.53,33.8,1
157,53,1,0.0,22.87,0
157,56,2,0.0,32.79,0
157,65,2,12.7,56.4,1
157,68,2,10.2,54.5,2
157,75,4,18.24,133.03,3
157,76,1,4.7,24.5,1
157,79,2,13.65,99.6,2
157,80,6,8.34,123.09,3
157,82,3,2.98,26.03,1
157,83,2,0.97,22.0,1
157,87,2,18.06,140.0,3
157,88,5,34.96,183.76,3
157,89,1,12.2,80.0,1
157,90,3,17.52,139.0,2
157,93,1,2.95,12.8,1
157,95,1,5.01,24.69,0
157,97,1,4.98,19.8,1
157,98,1,7.71,32.4,1
157,100,2,11.43,140.0,2
157,102,2,4.9,33.4,2
157,107,2,12.05,96.5,3
157,112,4,14.22,104.78,2
157,113,1,6.32,70.0,1
157,114,1,0.0,38.27,0
157,121,2,10.95,71.67,1
157,125,1,8.0,70.0,2
157,129,3,6.93,76.82,1
157,132,29,340.82,2271.94,46
157,134,4,24.01,141.99,4
157,137,3,21.6,80.5,3
157,138,1,6.63,22.97,0
157,140,1,4.3,37.5,1
157,141,4,25.74,185.64,3
157,142,5,31.24,85.4,8
157,143,1,13.32,45.7,1
157,145,7,20.77,214.52,5
157,146,4,16.01,196.0,8
157,148,1,6.1,65.0,1
157,157,40,14.34,565.63,47
157,159,1,7.2,31.5,1
157,160,3,3.18,27.08,2
157,161,4,21.09,197.56,5
157,162,2,11.35,165.0,3
157,163,3,18.15,210.0,5
157,164,6,36.27,334.2,6
157,166,1,6.7,33.5,1
157,170,7,34.23,341.5,11
157,181,3,14.01,89.28,1
157,186,8,51.53,299.0,8
157,190,1,5.35,35.96,0
157,193,1,4.4,21.2,2
157,197,2,12.61,50.1,2
157,198,8,12.5,143.29,5
157,209,1,9.22,40.8,2
157,216,2,11.93,49.4,2
157,217,1,4.4,18.4,1
157,223,2,3.9,51.28,1
157,224,1,6.63,70.0,3
157,225,1,3.1,40.0,2
157,226,1,1.87,9.3,1
157,227,1,21.4,40.5,1
157,228,1,7.29,34.28,0
157,229,2,11.62,140.0,2
157,230,5,30.17,317.3,7
157,232,1,3.78,85.0,2
157,233,3,15.49,115.63,3
157,234,2,11.27,157.0,3
157,237,1,5.9,70.0,1
157,241,2,22.7,83.0,2
157,244,2,10.81,77.61,0
157,246,1,6.3,26.5,1
157,247,1,9.0,37.5,1
157,249,4,22.1,165.7,5
157,252,1,6.2,29.5,1
157,255,5,15.08,75.64,5
157,256,2,4.96,39.63,1
157,258,1,3.8,24.5,1
157,260,3,3.85,25.15,2
157,261,4,33.5,135.7,4
157,262,1,7.63,41.59,0
157,263,1,0.0,30.13,0
158,1,91,1441.17,7354.16,154
158,4,107,228.19,1759.44,130
158,7,23,178.86,855.5,32
158,11,1,13.9,58.3,2
158,12,21,53.49,325.85,22
158,13,565,1133.25,7358.24,753
158,14,2,20.27,90.7,2
158,15,1,17.9,67.99,0
158,16,1,20.8,78.6,1
158,17,11,71.17,396.3,19
158,21,2,21.42,90.7,2
158,24,34,185.09,895.94,46
158,25,43,212.13,1185.31,60
158,28,1,18.42,71.6,1
158,29,1,15.78,61.1,3
158,31,1,16.33,79.3,1
158,33,62,282.53,1557.27,72
158,34,2,11.16,66.9,2
158,36,11,78.07,411.0,13
158,37,13,90.22,473.45,16
158,40,34,181.2,928.7,46
158,41,49,330.52,1583.9,51
158,42,31,230.14,1104.83,42
158,43,98,452.74,2453.38,144
158,45,63,138.98,991.12,77
158,48,597,1340.69,8851.14,759
158,49,33,192.57,1074.8,49
158,50,252,589.03,3714.35,323
158,52,21,102.34,562.8,32
158,53,1,14.43,79.37,0
158,54,8,45.26,242.4,13
158,60,1,12.5,57.6,1
158,61,18,121.77,653.2,24
158,62,11,80.4,427.61,8
158,64,1,24.55,99.6,1
158,65,30,115.55,721.6,43
158,66,44,200.76,1077.0,59
158,67,2,19.54,0.0,8
158,68,1250,1428.89,10888.57,1671
158,70,5,54.84,126.2,5
158,72,3,25.44,129.4,3
158,74,30,208.4,981.78,32
158,75,54,332.83,1635.72,49
158,76,1,10.4,60.4,2
158,79,910,1438.56,11972.52,1199
158,80,13,81.39,459.0,27
158,82,2,18.48,87.2,3
158,85,1,7.6,34.82,0
158,86,3,69.38,228.4,3
158,87,376,1066.99,6346.98,404
158,88,108,314.34,1815.35,146
158,89,8,68.58,309.6,8
158,90,907,874.54,7523.47,1197
158,95,5,65.93,285.2,5
158,97,28,127.75,709.38,39
158,100,264,496.38,3655.53,349
158,106,8,49.48,242.25,13
158,107,566,944.88,7120.75,718
158,112,34,227.15,1192.6,47
158,113,698,720.17,6506.2,903
158,114,578,679.68,6227.35,784
158,116,19,155.22,608.04,22
158,123,1,13.59,59.7,1
158,125,384,391.29,3311.21,511
158,127,7,74.92,287.35,9
158,129,5,50.39,232.0,5
158,132,206,4592.96,14426.36,365
158,133,9,75.19,323.1,10
158,137,260,573.9,4083.09,286
158,138,127,1670.56,6999.61,164
158,140,128,605.7,3596.32,140
158,141,231,1018.89,5797.96,268
158,142,311,1039.39,6292.44,380
158,143,230,780.2,4412.41,272
158,144,547,915.68,7422.78,743
158,145,23,123.19,686.24,29
158,146,4,22.67,119.8,4
158,148,419,852.85,6815.75,509
158,151,95,491.85,2414.71,115
158,152,9,62.85,255.18,5
158,157,1,9.41,47.8,1
158,158,728,425.97,8888.79,940
158,160,1,8.78,38.7,3
158,161,543,1516.5,10463.09,665
158,162,303,910.45,6001.45,378
158,163,420,1315.32,8342.54,553
158,164,526,1023.8,7351.49,758
158,165,2,19.97,90.7,2
158,166,53,291.32,1573.2,55
158,168,1,9.2,42.2,1
158,170,737,1728.25,11909.58,919
158,171,1,18.92,74.4,1
158,173,3,31.56,138.5,3
158,177,1,10.9,55.5,1
158,179,4,28.84,155.5,5
158,181,68,436.11,2202.71,84
158,182,1,14.5,60.4,1
158,183,1,19.28,76.5,2
158,185,1,16.8,66.0,1
158,186,701,964.06,7276.12,960
158,187,2,36.55,150.0,2
158,188,13,101.1,454.73,7
158,189,15,86.09,432.13,18
158,190,3,25.79,113.3,3
158,193,2,11.14,49.4,2
158,195,9,50.01,249.81,8
158,196,1,7.5,32.5,1
158,197,1,13.9,59.0,1
158,198,13,112.24,587.49,14
158,200,6,76.87,307.8,7
158,201,1,20.85,89.8,2
158,202,20,141.09,631.5,24
158,203,1,28.24,125.0,2
158,209,100,265.02,1588.98,137
158,210,1,16.67,64.6,1
158,211,672,892.87,7529.33,887
158,216,1,16.9,70.0,2
158,217,3,3.66,24.0,3
158,219,1,17.0,70.0,1
158,220,2,24.25,297.8,2
158,223,3,26.37,120.3,3
158,224,103,208.5,1496.67,129
158,225,15,103.87,572.35,16
158,226,4,24.86,153.4,5
158,227,1,10.79,44.3,1
158,228,13,95.5,445.0,17
158,229,249,887.81,5454.01,277
158,230,519,1276.68,9010.26,761
158,231,1267,2033.03,14946.96,1576
158,232,131,371.96,2518.36,140
158,233,250,745.66,4671.56,313
158,234,886,1213.03,9639.28,1171
158,236,330,1715.51,9673.79,393
158,237,326,1318.38,8025.11,391
158,238,227,1090.45,5744.47,260
158,239,356,1450.87,8144.55,455
158,243,22,207.37,952.84,17
158,244,20,163.22,754.91,17
158,246,1132,1549.88,10991.91,1469
158,247,1,11.9,68.1,1
158,249,1085,728.37,7718.69,1534
158,251,1,15.84,120.0,1
158,255,45,251.75,1457.45,64
158,256,49,215.59,1248.8,66
158,257,11,79.05,366.4,10
158,260,4,30.17,147.8,4
158,261,187,454.21,2846.95,239
158,262,100,572.6,3105.37,106
158,263,189,1015.04,5592.32,215
159,10,1,17.5,44.5,1
159,14,1,14.6,51.5,1
159,17,1,0.0,39.5,1
159,20,2,10.5,39.52,1
159,25,1,11.6,44.5,1
159,32,1,7.2,30.5,1
159,35,4,50.9,248.5,3
159,37,1,9.4,50.5,1
159,39,1,19.1,54.5,1
159,41,5,14.25,92.05,2
159,42,7,12.5,104.4,6
159,47,5,7.38,93.51,3
159,48,4,19.5,122.0,4
159,49,4,37.2,174.5,4
159,50,2,19.3,65.0,2
159,51,3,24.7,100.5,3
159,55,1,0.0,65.5,1
159,56,2,20.1,59.0,2
159,61,1,11.8,52.5,1
159,62,1,17.8,54.5,1
159,63,2,26.7,94.0,2
159,65,1,11.0,40.5,1
159,68,4,23.8,141.0,4
159,69,14,14.79,195.8,18
159,73,1,9.9,39.5,1
159,74,9,20.21,149.51,8
159,75,21,47.42,408.09,15
159,76,1,12.5,48.5,1
159,77,1,17.6,49.5,1
159,78,2,5.7,38.5,2
159,79,2,15.88,86.3,0
159,81,2,9.5,70.5,2
159,86,4,60.8,252.0,4
159,89,2,15.9,109.15,1
159,91,3,52.4,177.5,3
159,92,1,9.67,47.53,0
159,97,2,17.3,87.0,2
159,100,1,0.0,46.88,0
159,108,1,15.8,17.5,1
159,116,2,4.39,27.0,2
159,117,1,20.8,63.5,1
159,119,4,21.4,70.73,3
159,126,5,5.62,78.69,4
159,129,2,12.0,55.0,2
159,132,1,17.51,57.48,0
159,136,2,6.0,54.4,2
159,137,7,49.75,214.14,6
159,138,2,34.57,177.51,1
159,140,5,23.97,128.13,4
159,141,2,8.23,46.3,2
159,142,2,5.4,66.0,2
159,150,1,20.9,67.5,1
159,152,3,8.33,56.6,3
159,157,1,7.9,31.5,1
159,159,23,4.52,468.33,27
159,162,1,5.5,27.5,1
159,164,1,7.0,32.5,1
159,165,1,16.0,58.5,1
159,166,5,11.6,103.07,4
159,167,8,6.36,105.9,8
159,168,16,13.45,219.48,19
159,169,2,5.76,36.1,3
159,174,2,6.5,61.5,2
159,177,2,29.23,123.54,1
159,181,1,10.7,49.5,1
159,185,1,8.56,27.01,0
159,186,1,8.0,31.5,1
159,188,2,0.2,91.5,2
159,198,1,23.0,36.5,1
159,201,1,0.0,73.5,1
159,205,1,14.3,48.5,1
159,208,1,6.1,27.5,1
159,209,2,19.8,101.0,2
159,212,1,1.67,11.69,0
159,213,2,2.18,38.27,0
159,218,1,15.5,51.5,1
159,220,1,6.1,29.5,1
159,222,1,0.0,53.5,1
159,223,1,6.01,26.45,0
159,225,1,12.0,37.5,1
159,226,2,7.62,60.12,0
159,228,1,0.0,47.5,1
159,229,1,5.9,27.5,1
159,231,1,0.0,48.22,0
159,232,1,10.62,44.3,1
159,234,1,9.0,32.5,1
159,235,3,9.99,61.6,3
159,236,2,7.34,42.81,1
159,237,3,10.27,87.4,4
159,238,3,13.39,85.4,2
159,239,1,4.3,23.5,1
159,240,2,13.44,71.0,2
159,241,1,0.0,21.11,0
159,242,1,4.7,28.5,1
159,243,2,9.19,49.4,4
159,244,4,13.82,84.92,3
159,246,4,30.4,153.0,4
159,247,7,10.87,74.2,7
159,248,2,2.8,34.82,4
159,254,1,5.6,27.5,1
159,259,2,19.34,75.16,1
159,262,1,3.6,22.5,1
160,1,1,32.39,143.0,4
160,7,2,5.05,52.96,0
160,9,1,7.3,27.5,1
160,16,1,8.1,31.5,1
160,32,1,11.8,40.5,1
160,36,1,2.6,20.5,1
160,45,1,0.0,53.56,0
160,48,2,15.36,74.8,0
160,50,1,0.0,30.5,1
160,68,5,38.9,151.5,5
160,75,1,8.4,42.5,1
160,82,2,4.52,22.98,1
160,92,2,3.9,43.94,1
160,93,4,8.65,17.9,4
160,95,2,1.38,27.77,1
160,102,1,2.84,13.62,0
160,107,2,14.9,61.0,2
160,108,2,28.8,90.0,2
160,112,1,3.7,23.5,1
160,117,1,12.5,42.5,1
160,129,1,6.77,23.0,0
160,132,14,148.3,1078.35,26
160,133,1,13.52,45.82,0
160,134,1,5.67,22.6,1
160,137,2,13.8,60.0,2
160,140,1,8.0,42.5,1
160,141,1,6.6,32.5,1
160,157,2,2.44,26.12,1
160,159,1,12.0,33.5,1
160,160,15,16.0,411.93,16
160,170,1,0.0,28.0,1
160,188,1,7.83,4.13,0
160,192,1,3.8,25.5,1
160,196,4,3.96,46.21,3
160,197,2,6.41,34.38,1
160,198,2,2.28,24.46,1
160,216,1,4.47,1.19,0
160,226,1,2.47,15.61,0
160,231,1,9.2,31.5,1
160,233,2,16.8,56.0,2
160,234,1,6.8,29.5,1
160,236,2,8.84,68.86,0
160,256,1,7.34,33.01,0
160,257,1,0.0,40.0,1
160,258,1,1.93,11.64,0
160,261,1,2.8,34.5,1
161,1,612,11517.09,56626.11,995
161,3,1,13.15,66.7,1
161,4,294,909.09,5631.67,350
161,7,291,1195.27,6844.33,336
161,8,1,4.34,29.6,1
161,9,1,16.84,77.9,1
161,10,10,156.88,668.5,16
161,11,1,16.58,67.4,1
161,12,44,257.46,1350.7,89
161,13,867,4918.02,25649.91,1116
161,14,61,836.85,3508.7,70
161,15,2,30.9,211.1,3
161,16,1,14.7,42.5,1
161,17,69,528.16,2735.94,105
161,18,4,48.4,90.0,4
161,20,7,89.44,264.9,9
161,21,4,74.45,101.6,4
161,22,8,119.6,482.0,9
161,24,193,715.86,3992.73,209
161,25,105,787.51,3845.1,117
161,26,24,286.77,1234.6,27
161,28,4,37.7,157.6,4
161,29,1,19.5,74.4,1
161,31,3,37.58,151.8,3
161,32,5,49.2,245.0,10
161,33,291,2025.9,9607.65,362
161,34,5,35.2,182.3,9
161,36,16,116.5,555.92,18
161,37,39,301.6,1508.62,49
161,38,1,20.8,82.1,1
161,39,4,54.1,208.4,3
161,40,69,573.98,2661.2,85
161,41,417,1643.78,8901.99,514
161,42,245,1198.75,5933.95,284
161,43,2146,3550.22,26870.18,3080
161,44,1,30.55,114.3,1
161,45,213,928.72,5503.12,316
161,47,5,55.31,229.2,8
161,48,3544,3749.56,37786.68,4729
161,49,56,460.02,2221.94,68
161,50,1455,1993.56,17881.84,1804
161,51,6,85.22,329.9,10
161,52,62,463.26,2178.25,72
161,53,1,13.77,80.7,1
161,54,11,96.35,453.7,23
161,55,5,81.61,357.5,5
161,56,4,34.44,155.5,4
161,58,4,49.76,197.2,4
161,60,1,23.61,91.2,2
161,61,46,439.32,2207.41,59
161,62,9,89.04,446.3,11
161,63,1,9.94,42.9,1
161,64,5,87.96,364.3,5
161,65,74,496.19,2466.35,95
161,66,126,851.63,4094.17,190
161,67,15,209.2,861.9,17
161,68,3285,5776.22,45808.61,4377
161,69,12,87.57,396.0,12
161,70,18,172.21,790.9,26
161,71,10,118.01,549.8,10
161,72,1,8.1,36.5,1
161,73,1,12.58,56.2,4
161,74,317,1207.4,6434.79,385
161,75,1090,2995.11,18150.58,1333
161,76,2,32.75,121.1,2
161,77,3,64.05,259.6,6
161,78,2,21.24,88.6,5
161,79,1806,4730.3,31249.77,2210
161,80,37,244.24,1259.0,48
161,81,2,32.81,130.6,2
161,82,18,123.73,627.21,22
161,83,18,108.78,555.2,26
161,84,1,29.41,199.0,1
161,85,3,35.0,162.06,2
161,87,703,3844.49,19494.33,844
161,88,458,2652.74,13134.13,665
161,89,31,386.58,1713.5,35
161,90,1743,3087.59,22949.01,2098
161,91,13,155.72,761.4,15
161,92,17,194.4,758.6,28
161,93,7,71.83,333.7,9
161,94,3,31.58,142.7,5
161,95,93,849.28,3939.6,103
161,97,78,590.39,2822.51,86
161,98,4,49.37,201.7,4
161,100,2920,2916.12,28866.86,4026
161,101,2,36.44,155.1,3
161,102,4,36.18,177.9,4
161,106,17,153.35,771.86,24
161,107,2845,4872.18,35879.44,3505
161,108,3,59.65,230.9,3
161,112,204,938.36,4987.81,253
161,113,2093,4376.15,30553.79,2636
161,114,1105,2889.24,19089.76,1486
161,116,106,660.33,3328.45,111
161,119,3,27.85,134.3,5
161,120,4,31.34,153.97,3
161,121,9,112.57,446.59,8
161,122,1,14.75,59.7,1
161,123,7,112.81,503.03,6
161,124,12,173.33,633.4,12
161,125,537,1670.86,10428.27,680
161,126,1,7.65,35.9,1
161,127,51,482.91,1994.8,48
161,128,1,0.0,31.26,0
161,129,73,466.95,2482.5,97
161,130,10,116.22,462.1,15
161,131,9,114.19,349.1,13
161,132,1706,29427.31,117639.23,2750
161,133,7,91.87,384.3,10
161,134,10,105.38,470.8,13
161,135,9,107.95,465.9,9
161,136,7,63.51,261.4,7
161,137,1402,2126.79,17014.66,1687
161,138,2699,66964.41,123297.79,3465
161,140,3164,5648.29,44510.17,3788
161,141,4892,7154.55,57213.83,6248
161,142,4617,6698.41,54482.53,5866
161,143,2043,3744.4,28628.95,2428
161,144,1157,3581.26,23477.82,1733
161,145,253,794.81,4919.81,293
161,146,69,220.07,1430.63,101
161,147,2,18.08,64.8,2
161,148,762,2677.7,16692.3,998
161,149,4,61.97,268.9,4
161,151,590,2011.77,11904.04,672
161,152,45,237.23,1208.15,42
161,153,1,11.69,47.1,1
161,155,6,118.55,296.9,9
161,157,17,111.11,593.1,17
161,158,1098,3041.19,20293.76,1357
161,159,12,69.82,344.7,13
161,160,32,248.08,1018.78,31
161,161,6063,3414.19,56366.65,7983
161,162,4059,2796.95,31861.25,5257
161,163,4963,3921.32,42384.8,6505
161,164,5315,5120.94,47991.01,7193
161,165,8,108.84,474.8,11
161,166,388,1679.94,9508.36,489
161,167,1,11.4,28.5,1
161,168,44,253.71,1108.71,52
161,169,3,28.56,120.3,3
161,170,4667,4588.78,42970.09,5989
161,171,4,61.21,240.9,4
161,172,1,19.27,76.5,1
161,173,7,63.16,225.0,11
161,174,1,14.16,46.62,0
161,175,3,42.32,177.0,3
161,176,1,22.57,86.3,1
161,177,2,27.34,118.0,2
161,178,2,26.75,109.6,6
161,179,82,358.58,2016.18,106
161,180,4,53.9,242.1,6
161,181,167,1527.17,7409.33,214
161,182,1,11.8,35.5,1
161,183,2,24.2,97.7,2
161,185,8,108.38,450.94,9
161,186,4625,5815.92,53408.32,6231
161,188,16,144.77,750.67,22
161,189,52,443.72,2155.9,61
161,190,10,101.71,485.7,10
161,191,3,52.61,213.4,4
161,192,1,9.84,40.8,1
161,193,23,74.47,448.4,34
161,194,1,5.98,31.0,1
161,195,33,309.82,1448.51,45
161,196,16,127.77,531.3,16
161,197,25,251.62,1108.4,30
161,198,24,180.02,896.03,33
161,200,12,150.16,617.4,12
161,201,1,23.3,69.5,1
161,202,76,325.39,1807.2,111
161,204,1,28.66,107.3,1
161,205,2,33.67,142.5,2
161,207,1,4.32,21.9,1
161,208,10,126.29,404.8,10
161,209,268,1454.57,7337.42,388
161,210,3,58.68,81.4,8
161,211,999,2967.62,19184.58,1420
161,212,3,29.78,135.0,5
161,213,7,67.62,195.2,8
161,214,2,37.44,0.0,2
161,216,7,111.29,462.3,12
161,217,66,442.02,2248.0,96
161,219,2,32.8,158.4,3
161,220,19,206.59,854.6,23
161,223,101,597.45,2916.87,143
161,224,423,951.68,6371.72,522
161,225,33,280.13,1310.2,52
161,226,180,695.85,4164.32,213
161,227,7,85.92,381.5,10
161,228,18,180.22,821.9,22
161,229,4066,3657.76,35530.89,5162
161,230,4685,3505.2,42923.26,6914
161,231,1702,6894.43,41033.16,2129
161,232,438,1766.88,9900.32,544
161,233,2427,2364.7,22548.81,3094
161,234,5275,7686.08,59259.41,6767
161,235,7,70.43,309.4,11
161,236,8766,17051.47,120281.37,11007
161,237,10275,11036.82,99581.89,13025
161,238,2183,6168.24,38505.29,2581
161,239,3347,7658.51,51740.4,4296
161,240,1,13.49,52.0,2
161,241,4,54.03,203.0,7
161,242,3,35.2,158.8,6
161,243,103,895.82,4006.7,103
161,244,131,970.23,4389.76,168
161,246,2880,5371.84,41960.09,3736
161,247,10,71.8,338.7,12
161,248,3,19.47,118.7,3
161,249,1981,4945.89,33305.79,2460
161,250,3,36.85,137.8,3
161,252,3,42.03,183.3,3
161,254,2,26.86,113.1,5
161,255,195,1148.77,6060.79,240
161,256,143,894.92,4769.36,183
161,257,21,231.48,998.9,26
161,258,3,36.77,157.4,4
161,259,7,96.47,375.0,8
161,260,44,217.19,1242.08,64
161,261,501,2903.7,14799.93,721
161,262,2090,5242.63,35132.8,2479
161,263,2890,6607.72,44259.88,3563
162,1,334,6137.54,30997.85,529
162,3,1,13.7,52.0,0
162,4,319,928.37,5540.19,366
162,7,252,967.81,5192.54,306
162,8,1,15.7,59.7,1
162,9,3,38.09,161.6,5
162,10,5,75.07,328.31,5
162,11,2,33.97,137.6,6
162,12,19,112.9,569.4,34
162,13,760,4619.19,22370.95,926
162,14,31,382.57,1589.52,31
162,15,2,31.81,129.2,8
162,17,28,203.37,1096.3,43
162,18,3,33.25,144.8,5
162,20,5,66.25,286.7,5
162,22,8,124.02,505.6,8
162,23,1,21.9,84.9,3
162,24,146,593.39,3387.03,183
162,25,108,777.0,3584.9,135
162,26,4,47.82,222.0,7
162,28,12,145.14,579.1,13
162,29,2,21.71,148.6,2
162,30,1,16.48,70.2,1
162,31,6,64.66,181.4,11
162,32,3,34.42,171.4,3
162,33,244,1606.68,7522.04,277
162,34,7,51.17,261.1,8
162,35,3,31.2,130.0,3
162,36,19,139.7,683.5,29
162,37,25,184.09,954.5,27
162,38,4,74.58,288.3,8
162,40,55,434.49,1969.6,62
162,41,201,820.15,4420.48,231
162,42,179,941.91,4786.56,223
162,43,1148,2091.99,16238.49,1627
162,45,168,775.36,4174.68,237
162,47,5,50.39,216.6,9
162,48,2472,3130.8,29836.86,3227
162,49,47,359.19,1766.71,64
162,50,949,1550.75,13576.84,1180
162,51,5,72.24,276.5,5
162,52,46,334.2,1577.2,59
162,53,2,26.24,112.4,3
162,54,14,110.73,537.8,13
162,55,2,37.81,152.3,2
162,56,10,78.41,304.4,10
162,57,2,20.56,0.0,2
162,61,28,256.93,1045.7,30
162,62,5,50.39,234.8,5
162,63,1,0.0,34.0,1
162,64,3,46.31,177.7,8
162,65,83,556.08,2565.94,98
162,66,132,838.35,4038.1,180
162,67,7,94.69,396.2,8
162,68,2510,4704.08,36632.43,3222
162,69,4,28.05,130.3,7
162,70,16,142.61,668.6,23
162,71,2,23.2,98.1,2
162,72,4,56.41,267.5,7
162,73,1,11.7,47.8,3
162,74,196,730.77,3700.46,246
162,75,745,2016.28,12636.28,925
162,76,5,58.46,220.1,5
162,77,2,22.29,96.9,2
162,78,2,18.22,74.7,2
162,79,1770,4203.73,26517.9,2191
162,80,48,292.4,1416.6,60
162,81,1,16.9,47.5,1
162,82,19,127.51,549.4,20
162,83,15,68.27,396.0,19
162,85,2,21.39,127.1,2
162,86,1,21.6,58.5,1
162,87,606,3210.19,15250.56,681
162,88,549,2980.91,14079.39,730
162,89,16,196.14,819.5,19
162,90,1340,2592.05,18670.99,1633
162,91,9,109.02,450.2,8
162,92,20,221.81,971.4,33
162,93,2,18.75,76.0,2
162,94,1,9.26,42.2,1
162,95,66,569.89,2590.96,71
162,97,41,279.19,1420.03,46
162,98,2,23.99,94.2,2
162,100,1986,2261.65,21438.19,2571
162,101,2,34.82,119.8,2
162,102,10,93.48,444.0,11
162,106,22,191.96,808.3,26
162,107,3335,4860.26,34519.59,4122
162,109,1,24.23,98.2,1
162,111,1,10.73,48.5,1
162,112,164,676.26,3700.31,195
162,113,1298,2869.15,19503.18,1583
162,114,777,2011.78,13159.05,997
162,116,47,312.09,1530.11,50
162,117,1,3.3,49.5,1
162,118,1,26.84,101.7,1
162,119,2,16.17,79.5,2
162,121,7,67.05,301.0,12
162,122,15,204.35,480.6,15
162,123,6,96.39,428.2,6
162,124,6,78.52,363.8,6
162,125,380,1241.53,7815.18,470
162,126,5,36.96,88.1,5
162,127,16,157.08,662.36,23
162,128,2,20.11,90.0,2
162,129,78,445.56,2137.61,91
162,130,4,53.71,221.3,3
162,131,5,65.44,256.8,5
162,132,1185,19694.26,81475.35,1831
162,133,6,68.92,282.6,6
162,134,8,91.52,378.2,9
162,135,2,18.13,75.35,1
162,136,2,21.3,87.2,2
162,137,2733,3237.92,25261.15,3236
162,138,1665,16872.37,69556.48,2122
162,140,3909,6042.59,47600.49,4710
162,141,4649,5595.0,45464.66,5632
162,142,2545,4402.04,35505.39,3214
162,143,1176,2487.13,18825.21,1408
162,144,646,1954.4,12477.93,884
162,145,329,953.84,5557.24,399
162,146,85,227.76,1418.03,97
162,147,4,31.04,147.8,4
162,148,624,2075.89,12433.59,793
162,149,2,29.07,114.7,2
162,150,1,16.6,55.5,1
162,151,401,1489.29,8805.31,452
162,152,17,93.79,472.4,18
162,157,6,35.61,168.5,7
162,158,694,2018.44,13352.57,857
162,159,7,46.19,217.7,7
162,160,17,119.69,459.0,23
162,161,3877,2704.64,33327.84,5097
162,162,3886,2217.46,37285.46,4874
162,163,2920,2891.26,29984.7,3763
162,164,2788,3107.07,28154.28,3689
162,165,26,337.56,1336.7,38
162,166,190,872.13,4869.91,207
162,167,4,35.39,81.6,4
162,168,23,115.83,575.8,24
162,169,3,27.71,116.8,3
162,170,4491,3863.39,36923.16,5603
162,171,6,81.4,224.1,6
162,172,1,18.98,75.8,1
162,173,6,54.69,259.5,7
162,174,4,52.19,220.2,4
162,175,2,22.9,85.0,2
162,177,9,124.31,512.1,9
162,178,2,27.2,114.5,3
162,179,96,428.61,2246.02,113
162,180,2,22.4,103.3,1
162,181,141,1245.74,5871.1,178
162,183,3,37.88,175.6,6
162,184,1,12.41,49.2,1
162,185,4,52.18,198.1,5
162,186,3598,4989.09,44415.83,4750
162,188,21,222.33,964.3,21
162,189,50,409.72,2010.15,62
162,190,5,44.44,239.0,5
162,191,2,19.09,81.6,1
162,192,3,31.71,135.7,3
162,193,25,86.3,435.58,27
162,194,2,10.1,46.6,2
162,195,25,225.93,955.9,44
162,196,23,175.28,721.9,30
162,197,3,33.99,135.9,3
162,198,17,129.86,535.7,23
162,200,13,175.42,719.83,22
162,201,1,27.29,102.4,1
162,202,55,216.16,1219.2,66
162,206,1,20.07,83.5,1
162,208,4,74.88,203.2,3
162,209,199,999.24,4990.43,267
162,210,5,99.38,366.8,7
162,211,540,1635.42,10405.7,698
162,212,5,47.16,122.4,5
162,213,4,38.17,74.4,4
162,214,3,52.94,214.1,4
162,215,2,28.74,112.5,5
162,216,14,201.38,787.6,19
162,217,18,123.6,612.2,25
162,218,1,13.3,44.5,1
162,219,1,0.0,49.5,1
162,220,13,150.34,592.5,15
162,221,1,17.61,66.7,1
162,222,1,9.5,50.5,1
162,223,107,577.06,3057.98,132
162,224,592,1142.73,7345.64,708
162,225,27,218.55,1069.18,28
162,226,236,796.14,4488.35,278
162,227,3,33.25,139.2,4
162,228,19,194.48,856.4,29
162,229,3299,2526.32,24617.09,4139
162,230,3410,3178.83,35856.17,4795
162,231,1361,6039.29,33577.27,1721
162,232,366,1362.41,7164.45,465
162,233,1991,1631.4,15812.86,2419
162,234,3120,4924.11,36566.6,3869
162,235,2,19.74,0.0,2
162,236,5465,9920.75,72765.09,6763
162,237,6301,6292.96,58662.87,7845
162,238,1242,3865.79,24319.09,1484
162,239,1907,4935.62,33027.19,2411
162,240,2,25.72,100.5,2
162,241,6,61.01,195.4,6
162,242,1,11.74,49.9,1
162,243,80,721.57,2996.49,98
162,244,143,1116.21,5285.96,175
162,246,2072,4070.4,32228.16,2648
162,247,11,94.02,407.5,17
162,249,1420,3755.36,24794.32,1825
162,250,1,0.0,34.5,1
162,252,1,12.7,53.4,2
162,254,2,28.17,99.5,2
162,255,144,839.06,4231.9,196
162,256,105,634.53,3256.7,139
162,257,21,218.63,930.3,25
162,258,2,18.16,101.2,2
162,259,3,40.6,158.8,3
162,260,54,266.83,1343.64,62
162,261,349,1962.96,9708.49,468
162,262,1838,4098.8,27315.13,2226
162,263,2697,5280.11,35491.62,3277
163,1,508,9795.1,47382.11,817
163,4,122,460.03,2536.39,139
163,5,1,29.01,115.0,1
163,7,231,917.41,5136.3,307
163,9,1,13.99,57.6,2
163,10,2,43.12,0.0,6
163,11,1,15.6,53.0,1
163,12,59,355.23,1831.51,117
163,13,418,2347.81,12375.33,592
163,14,15,196.32,763.33,15
163,16,1,17.67,69.5,3
163,17,20,163.16,866.4,22
163,18,2,21.5,99.8,2
163,19,1,13.6,57.5,1
163,20,3,34.5,158.4,3
163,21,1,15.66,66.0,1
163,22,5,84.8,269.8,11
163,24,249,16176.6,4367.26,304
163,25,35,283.41,1251.6,44
163,26,11,150.63,540.1,11
163,28,2,26.14,107.5,3
163,29,2,41.91,162.1,2
163,31,3,37.44,158.1,6
163,32,1,11.9,52.7,1
163,33,110,817.56,3860.2,135
163,34,1,6.43,38.0,1
163,35,1,17.23,74.4,1
163,36,8,66.83,330.6,13
163,37,13,105.04,537.4,20
163,38,4,54.31,291.3,5
163,39,1,11.5,47.5,1
163,40,24,207.73,1001.2,33
163,41,333,1183.86,6605.59,412
163,42,195,913.78,4753.06,242
163,43,1380,2096.1,15816.6,1921
163,45,72,345.14,1951.18,102
163,48,2488,2553.82,23591.69,3384
163,49,28,231.67,1106.7,36
163,50,1407,1534.02,13059.9,1812
163,51,2,25.46,101.2,2
163,52,14,117.0,565.6,20
163,54,2,9.19,80.25,2
163,55,3,59.6,206.4,4
163,56,5,38.34,197.7,5
163,58,1,14.28,54.1,2
163,61,14,130.96,665.34,15
163,62,8,68.91,372.5,9
163,64,3,44.38,177.7,3
163,65,35,251.87,1288.7,42
163,66,76,572.33,2700.7,120
163,67,6,86.58,336.77,7
163,68,1989,3856.13,28132.79,2677
163,69,6,50.83,215.8,7
163,70,8,80.69,284.0,11
163,71,1,9.35,52.7,1
163,72,1,12.09,54.1,1
163,74,249,930.73,4960.71,292
163,75,596,1554.23,9536.01,729
163,76,5,63.54,257.5,6
163,79,684,2204.09,13520.02,866
163,80,29,176.94,903.83,31
163,81,1,15.4,61.1,1
163,82,17,107.43,577.2,27
163,83,9,48.02,269.2,13
163,85,1,13.4,56.2,1
163,87,219,1331.3,6844.15,271
163,88,179,1150.25,5557.45,271
163,89,11,142.57,609.8,13
163,90,975,2013.16,14148.41,1183
163,91,2,40.98,171.9,2
163,92,13,117.48,564.9,16
163,93,2,17.99,79.5,2
163,94,1,11.7,57.6,1
163,95,45,408.57,1816.8,48
163,97,29,233.4,1174.02,40
163,98,6,75.67,328.1,6
163,100,1840,2186.16,19143.8,2547
163,102,9,75.77,336.0,9
163,106,5,51.33,220.05,7
163,107,971,2233.22,15133.46,1203
163,108,1,19.06,87.7,1
163,111,1,0.0,38.5,1
163,112,83,361.88,2068.5,117
163,113,755,1959.93,12951.91,922
163,114,517,1608.07,10504.97,692
163,116,118,697.91,3253.08,148
163,118,1,23.74,100.3,1
163,119,2,13.77,61.3,3
163,120,1,6.33,-28.9,2
163,121,2,24.31,99.8,2
163,123,3,43.07,172.1,3
163,124,1,12.36,70.0,1
163,125,223,786.61,4745.42,273
163,126,1,9.7,30.5,1
163,127,40,360.32,1470.61,40
163,128,2,17.93,74.6,4
163,129,57,328.32,1699.94,72
163,130,3,36.82,169.53,2
163,131,1,19.4,68.5,1
163,132,1209,20976.13,83475.01,1967
163,133,7,83.2,363.3,9
163,134,6,71.3,318.3,9
163,135,3,34.97,146.9,6
163,136,1,9.0,53.52,0
163,137,534,1125.37,7909.84,631
163,138,1538,16374.39,70809.18,2139
163,139,3,41.2,194.5,3
163,140,1718,2732.04,22252.98,2077
163,141,2748,3503.67,28889.22,3421
163,142,3978,3705.39,33118.27,5097
163,143,2451,2967.2,24402.04,2937
163,144,468,1700.62,10675.1,727
163,145,165,497.37,3191.1,204
163,146,69,194.01,1229.55,81
163,147,1,6.97,36.6,1
163,148,318,1316.2,8034.19,457
163,149,1,0.0,43.5,1
163,150,2,43.52,190.1,5
163,151,763,2171.75,12822.76,904
163,152,56,282.45,1451.7,64
163,157,13,78.49,450.4,21
163,158,575,1803.97,11313.6,752
163,159,3,17.65,88.8,4
163,160,13,99.47,359.9,15
163,161,4742,3648.85,37977.41,6388
163,162,3068,2797.14,27303.32,3980
163,163,2192,1291.49,25442.94,2910
163,164,2144,2999.19,24838.13,2917
163,165,8,116.94,507.0,12
163,166,367,1369.09,7577.94,481
163,167,1,7.49,49.9,1
163,168,12,80.7,396.3,14
163,169,2,19.3,92.8,3
163,170,2413,3404.96,28361.02,3071
163,171,12,96.8,488.4,12
163,173,8,60.21,308.2,16
163,174,7,97.41,416.4,10
163,177,4,34.23,175.8,4
163,178,1,12.74,66.0,1
163,179,81,341.09,1817.5,111
163,180,2,11.5,98.5,2
163,181,54,502.23,2436.3,61
163,182,1,16.6,36.5,1
163,186,2508,3657.35,30098.5,3413
163,188,7,78.45,357.22,8
163,189,17,142.34,732.12,18
163,190,2,20.31,91.4,3
163,191,2,31.04,116.87,1
163,192,2,23.44,101.2,2
163,193,10,30.5,166.1,15
163,195,11,111.29,515.3,16
163,196,13,109.56,556.1,18
163,197,5,54.06,154.89,6
163,198,12,86.17,280.35,12
163,200,28,302.16,1167.9,34
163,202,43,169.62,971.1,53
163,203,1,18.26,72.3,3
163,205,2,34.14,117.4,2
163,208,1,11.0,19.5,1
163,209,107,625.95,3216.97,137
163,210,2,41.83,164.2,3
163,211,465,1647.38,10351.72,668
163,213,7,67.22,318.53,10
163,215,2,31.85,141.1,7
163,216,7,113.73,517.6,14
163,217,21,150.54,740.2,27
163,218,1,16.7,69.5,1
163,219,2,39.6,0.0,4
163,220,14,142.62,599.9,15
163,223,88,451.23,2365.0,120
163,224,153,456.81,2824.4,183
163,225,13,106.4,597.76,15
163,226,114,424.14,2404.7,136
163,227,3,33.16,154.6,7
163,228,8,84.74,410.69,8
163,229,2196,2324.33,19861.96,2720
163,230,3372,2786.83,29415.39,5215
163,231,796,3584.71,20488.81,1005
163,232,163,778.73,4058.89,224
163,233,1148,1614.72,13171.41,1453
163,234,1736,3418.09,25132.65,2315
163,235,5,52.56,177.7,5
163,236,5383,9342.72,66013.18,6673
163,237,5239,4950.21,45412.44,6627
163,238,2171,4967.49,31742.47,2706
163,239,3414,5702.23,40600.13,4299
163,241,4,43.43,178.9,4
163,242,1,11.23,45.7,1
163,243,121,991.74,4310.03,151
163,244,183,1284.32,5694.23,230
163,246,2066,4240.89,29983.48,2664
163,247,13,106.02,387.2,16
163,248,1,10.3,60.4,0
163,249,1005,2777.8,18277.87,1283
163,250,1,11.38,47.1,1
163,253,1,13.5,62.5,1
163,254,4,54.98,219.9,6
163,255,75,457.13,2453.03,103
163,256,60,386.75,1974.5,82
163,257,17,197.17,844.1,23
163,259,2,28.32,105.7,2
163,260,41,196.11,1002.57,52
163,261,235,1402.87,7114.69,347
163,262,1228,2821.19,19081.33,1538
163,263,1610,3410.13,22981.39,2027
164,1,321,5834.91,27917.28,551
164,3,1,15.7,66.0,1
164,4,245,568.33,3658.79,276
164,7,131,673.15,3496.24,165
164,10,2,34.21,144.4,4
164,11,2,28.58,126.4,2
164,12,42,201.41,1053.73,66
164,13,451,2055.83,10798.12,635
164,14,27,338.42,1203.0,36
164,15,3,49.0,205.0,2
164,16,3,42.76,164.4,3
164,17,31,205.78,1136.26,36
164,18,2,23.23,97.49,1
164,19,1,0.84,7.2,2
164,20,4,45.76,224.37,4
164,21,2,30.61,129.2,6
164,22,11,126.17,547.97,13
164,24,76,338.96,1965.59,84
164,25,51,309.89,1526.8,72
164,26,9,108.17,374.5,9
164,28,2,21.93,84.3,2
164,29,6,108.73,416.1,6
164,31,1,10.1,50.9,0
164,32,5,65.4,266.3,5
164,33,110,670.28,3239.74,139
164,34,13,79.01,421.9,17
164,35,1,13.3,48.5,1
164,36,17,115.17,579.81,20
164,37,31,233.0,1185.6,46
164,38,2,34.7,97.0,2
164,39,1,11.0,54.1,0
164,40,33,228.3,1087.4,45
164,41,192,965.26,4940.54,197
164,42,145,910.07,4041.67,169
164,43,639,1430.56,10196.76,941
164,45,165,544.87,3254.73,242
164,47,4,45.64,229.0,7
164,48,1768,2377.7,21329.1,2312
164,49,41,280.22,1399.26,44
164,50,637,1095.81,8902.21,778
164,51,2,32.07,118.7,2
164,52,29,184.43,879.4,33
164,54,10,76.64,358.3,15
164,55,3,52.99,213.57,4
164,56,10,88.57,384.2,11
164,60,1,9.9,41.5,1
164,61,40,343.44,1686.68,52
164,62,4,33.31,160.4,5
164,63,1,15.94,62.5,1
164,64,1,15.63,61.1,1
164,65,53,270.03,1332.8,79
164,66,85,491.26,2480.3,117
164,67,3,38.87,155.3,3
164,68,2051,2330.74,20654.27,2655
164,69,14,117.85,555.7,14
164,70,14,123.74,503.16,16
164,71,2,26.46,124.45,1
164,73,3,33.25,134.3,3
164,74,133,615.53,3236.98,158
164,75,357,1344.38,7709.56,442
164,76,4,53.71,181.1,7
164,78,1,10.84,47.8,1
164,79,1514,2716.55,19360.64,1863
164,80,55,328.05,1636.94,84
164,82,14,94.15,396.5,19
164,83,11,79.09,357.8,19
164,85,5,58.14,252.3,9
164,86,2,41.56,155.4,2
164,87,458,2002.54,10562.22,559
164,88,235,1139.13,5667.8,342
164,89,22,242.27,1103.0,23
164,90,1217,1265.18,10586.44,1512
164,92,5,56.42,235.5,7
164,93,1,9.45,36.6,1
164,94,1,11.7,48.5,1
164,95,34,324.22,1191.7,39
164,97,44,284.1,1442.97,56
164,98,1,13.26,58.3,3
164,100,1121,840.97,9637.03,1449
164,102,5,40.89,185.8,8
164,106,8,67.76,315.9,12
164,107,1930,1931.16,16429.92,2503
164,108,2,41.14,161.4,3
164,109,1,23.93,92.6,1
164,112,123,526.29,2752.16,147
164,113,1492,1876.37,14206.19,1885
164,114,768,1311.94,9272.99,1051
164,116,45,327.1,1609.41,53
164,117,1,17.82,80.05,0
164,119,2,18.75,88.6,5
164,120,2,16.78,70.4,2
164,121,7,84.05,232.78,6
164,123,3,41.74,179.8,3
164,124,1,13.84,63.2,1
164,125,272,627.98,4059.64,347
164,126,3,13.15,104.0,4
164,127,14,146.02,604.43,11
164,128,2,21.9,95.6,3
164,129,36,251.78,1201.0,52
164,130,1,13.0,73.7,1
164,131,2,26.21,102.6,2
164,132,1004,16682.46,67590.63,1623
164,133,4,44.32,193.3,8
164,134,10,102.66,276.47,10
164,135,6,63.86,258.8,6
164,136,1,11.0,45.0,0
164,137,1397,1223.95,11770.72,1681
164,138,900,8867.21,37421.53,1085
164,139,1,16.6,53.5,1
164,140,823,2158.98,14288.98,992
164,141,1234,2879.75,19341.13,1519
164,142,1128,2548.21,18635.07,1439
164,143,622,1607.44,11237.18,730
164,144,763,1720.42,11763.6,1117
164,145,198,653.56,3721.82,257
164,146,46,184.82,1090.67,57
164,147,1,7.6,33.1,1
164,148,610,1563.54,10591.43,775
164,149,1,13.76,57.6,1
164,150,1,18.78,73.0,1
164,151,207,928.91,5117.62,250
164,152,30,191.67,924.52,30
164,155,1,25.19,96.8,1
164,156,1,16.6,71.6,1
164,157,20,115.43,576.36,24
164,158,628,1190.97,8065.29,807
164,159,3,21.39,109.1,3
164,160,25,174.49,785.5,29
164,161,4192,3982.02,38697.31,5626
164,162,2022,2270.87,19952.38,2622
164,163,1894,2665.1,23255.51,2549
164,164,1882,1011.56,24412.71,2536
164,165,3,39.06,162.3,3
164,166,120,630.6,3337.6,129
164,167,1,6.47,47.17,0
164,168,21,158.08,553.2,20
164,169,3,28.98,129.4,3
164,170,3338,2157.4,23693.27,4211
164,171,9,107.97,479.2,10
164,173,11,99.83,458.6,21
164,175,1,13.72,56.2,2
164,177,5,51.81,246.4,5
164,178,3,38.3,162.3,3
164,179,80,417.59,2139.72,96
164,181,86,651.37,3241.34,100
164,182,2,23.24,102.6,4
164,183,2,24.62,108.3,2
164,186,1486,959.39,12039.47,1993
164,188,15,139.02,643.7,25
164,189,37,271.7,1384.81,38
164,190,5,48.81,144.8,7
164,193,7,28.96,172.2,11
164,195,15,135.09,667.05,17
164,196,5,38.35,166.9,3
164,197,1,11.18,70.0,1
164,198,13,87.61,405.1,15
164,200,13,165.41,557.8,13
164,202,27,133.6,752.7,32
164,206,1,19.87,76.5,1
164,208,4,60.2,235.3,6
164,209,144,617.77,3249.01,178
164,210,2,30.3,149.5,2
164,211,638,1376.35,9364.03,870
164,212,5,52.77,247.4,14
164,214,1,19.66,79.3,1
164,215,2,33.33,140.0,3
164,216,8,118.31,579.9,9
164,217,22,122.77,752.7,27
164,218,1,14.33,91.14,0
164,219,1,10.68,70.0,1
164,220,10,111.7,506.7,11
164,221,3,54.1,220.4,4
164,223,78,518.2,2352.4,99
164,224,349,516.91,3915.46,451
164,225,25,191.26,886.22,27
164,226,85,408.21,2019.71,104
164,227,5,56.5,236.9,5
164,228,14,137.54,598.5,20
164,229,1595,2585.86,19432.54,2045
164,230,3008,3199.18,32408.84,4433
164,231,894,2649.03,16501.83,1141
164,232,310,989.54,5682.91,364
164,233,1587,1662.24,14634.12,2000
164,234,3069,2379.61,21546.52,4005
164,235,4,45.07,197.5,4
164,236,1650,4696.33,30417.14,2115
164,237,1898,3625.94,27471.11,2459
164,238,618,2270.89,13813.44,776
164,239,861,2677.49,17146.03,1106
164,241,4,49.33,207.3,8
164,243,43,369.25,1814.57,38
164,244,69,523.45,2665.6,59
164,246,1857,2462.25,21272.33,2318
164,247,8,63.23,322.6,10
164,249,1242,2032.56,14267.52,1638
164,250,3,34.52,46.4,3
164,252,2,28.64,112.4,5
164,254,3,42.9,172.8,3
164,255,113,634.43,3293.49,140
164,256,96,511.16,2746.86,126
164,257,9,95.86,395.2,11
164,258,5,47.45,207.5,5
164,259,2,28.76,0.0,4
164,260,26,144.67,741.47,31
164,261,351,1626.01,8356.48,509
164,262,593,2044.01,12102.91,737
164,263,869,2783.88,16692.9,1102
165,14,3,15.8,92.11,2
165,17,2,14.9,54.0,2
165,21,2,5.2,40.0,2
165,22,5,10.93,99.2,7
165,25,1,5.2,25.5,1
165,26,11,29.96,223.3,11
165,29,3,9.5,62.5,3
165,35,5,24.8,126.5,5
165,37,8,59.8,246.0,8
165,39,2,8.5,73.0,2
165,40,1,5.91,39.18,0
165,41,1,0.0,48.5,1
165,43,1,14.2,45.5,1
165,48,1,11.5,37.5,1
165,51,1,4.5,71.5,1
165,55,2,8.3,46.9,1
165,61,5,22.4,121.5,5
165,62,3,11.2,68.5,3
165,65,1,5.6,27.5,1
165,67,1,0.0,21.73,0
165,71,1,6.5,19.5,1
165,72,3,10.7,69.5,3
165,75,6,77.5,289.0,6
165,76,11,84.8,332.5,11
165,78,1,0.0,57.5,1
165,79,1,8.7,36.5,1
165,80,2,17.4,66.0,2
165,82,1,11.4,37.5,1
165,85,1,2.5,15.5,1
165,86,1,12.1,41.5,1
165,89,8,10.82,182.01,6
165,91,13,14.84,218.83,12
165,100,1,11.9,42.5,1
165,101,1,0.0,58.5,1
165,107,2,22.2,70.0,2
165,108,2,3.7,37.0,2
165,112,2,20.7,75.0,2
165,113,2,18.4,77.0,2
165,117,1,10.9,47.5,1
165,123,5,4.52,83.41,4
165,124,4,34.79,58.0,5
165,131,1,13.7,25.5,1
165,132,5,79.16,284.77,3
165,133,2,3.5,35.0,2
165,134,1,12.9,52.5,1
165,137,3,34.2,118.5,3
165,140,8,88.5,348.0,8
165,141,1,11.8,41.5,1
165,148,1,8.4,33.5,1
165,149,5,6.3,91.5,5
165,155,4,14.57,86.3,4
165,160,1,8.7,33.5,1
165,161,1,11.6,42.5,1
165,162,3,25.9,126.5,3
165,163,1,13.0,45.5,1
165,164,1,12.3,42.5,1
165,165,27,9.83,598.85,30
165,170,3,33.7,120.5,3
165,177,1,4.4,22.5,1
165,178,1,9.9,24.5,1
165,180,3,25.2,105.5,3
165,181,5,21.4,114.5,5
165,188,2,6.6,45.0,2
165,191,1,19.9,59.5,1
165,193,1,16.6,44.5,1
165,195,5,20.4,117.5,5
165,197,1,11.2,40.5,1
165,201,2,9.1,72.39,1
165,208,1,16.1,17.5,1
165,210,2,1.65,32.32,1
165,216,4,51.99,168.0,5
165,217,1,5.2,25.5,1
165,222,4,21.0,125.0,4
165,223,2,26.9,83.0,2
165,225,7,55.6,187.5,7
165,227,3,10.2,64.5,3
165,228,3,12.8,81.5,3
165,230,1,13.2,43.5,1
165,232,1,8.7,33.5,1
165,233,2,13.9,70.0,2
165,237,2,12.3,85.0,2
165,238,1,13.02,59.0,2
165,244,1,16.9,57.5,1
165,256,1,6.8,28.5,1
165,258,1,11.2,41.5,1
165,261,1,14.0,29.5,1
166,1,17,379.96,1744.17,28
166,3,1,11.26,45.0,1
166,4,7,46.7,265.89,3
166,7,9,56.32,279.0,12
166,9,1,14.51,59.0,1
166,11,1,18.4,54.5,1
166,12,3,26.48,120.3,3
166,13,17,128.38,650.35,18
166,14,1,0.0,52.0,1
166,17,2,24.41,118.7,4
166,18,2,15.54,73.9,2
166,21,5,57.0,280.94,5
166,22,2,38.15,138.7,3
166,24,314,250.05,2268.3,379
166,26,3,47.72,212.7,4
166,28,1,15.83,57.72,0
166,31,1,8.32,33.1,1
166,32,1,10.6,40.0,2
166,33,10,112.21,538.9,12
166,35,2,41.3,106.0,2
166,39,2,49.8,178.2,2
166,40,4,49.83,207.3,4
166,41,624,724.27,5861.08,773
166,42,304,553.23,3796.32,336
166,43,286,608.66,4151.03,367
166,45,10,85.46,418.24,8
166,47,1,8.18,42.9,1
166,48,209,851.96,4523.95,222
166,50,91,356.22,1861.65,80
166,51,7,57.8,282.5,7
166,52,1,13.4,69.5,1
166,53,3,35.84,146.9,4
166,54,1,10.37,49.9,4
166,55,1,17.8,62.5,1
166,56,1,0.0,34.5,1
166,60,3,8.47,54.0,4
166,62,3,48.03,157.6,3
166,63,1,16.0,50.5,1
166,65,2,21.6,91.3,2
166,66,3,30.2,122.24,2
166,67,3,48.03,194.5,5
166,68,144,787.05,4037.51,158
166,69,17,56.54,343.4,22
166,70,1,7.7,34.5,1
166,72,1,19.2,47.5,1
166,73,1,17.93,71.6,1
166,74,508,888.47,6749.16,598
166,75,375,716.55,5138.15,438
166,78,3,20.86,96.25,2
166,79,44,288.84,1571.0,36
166,80,2,12.8,86.0,2
166,82,1,9.31,52.7,1
166,87,8,66.1,328.59,5
166,88,4,36.71,173.36,2
166,89,4,61.16,259.4,4
166,90,41,237.39,1227.18,42
166,94,2,6.77,58.6,2
166,95,4,45.37,190.3,5
166,97,4,44.03,190.3,4
166,100,44,204.01,1187.1,54
166,107,48,311.55,1726.7,55
166,112,4,34.3,185.2,2
166,113,35,235.89,1271.99,35
166,114,37,261.56,1304.8,36
166,116,316,527.68,3522.15,377
166,119,8,35.91,189.7,9
166,120,2,4.97,31.9,3
166,121,1,16.3,42.5,1
166,125,16,116.63,572.98,17
166,126,5,13.3,132.8,4
166,127,40,201.36,968.01,39
166,128,7,35.4,186.86,5
166,129,8,61.3,234.3,9
166,132,84,1534.19,5892.19,82
166,134,1,14.6,63.2,1
166,136,3,20.71,96.5,4
166,137,31,176.46,1048.23,30
166,138,110,902.72,4151.54,107
166,140,169,672.66,4136.7,178
166,141,141,523.37,3223.42,152
166,142,713,1909.5,12260.76,827
166,143,377,994.46,6363.48,410
166,144,14,104.06,571.41,12
166,145,3,20.96,103.5,4
166,146,1,6.76,35.2,1
166,148,14,102.86,566.68,10
166,151,1053,931.54,7745.24,1324
166,152,309,331.74,2627.86,373
166,153,2,13.66,62.7,2
166,157,2,18.4,69.0,2
166,158,33,196.77,1005.09,35
166,159,7,24.16,162.7,8
166,161,155,665.05,3849.22,153
166,162,93,412.99,2538.93,94
166,163,190,664.4,4076.82,221
166,164,47,245.64,1430.78,56
166,165,1,14.8,46.5,1
166,166,1171,787.43,12010.55,1465
166,167,4,14.26,58.8,4
166,168,13,40.66,243.9,11
166,170,72,374.44,2139.77,74
166,174,1,5.8,34.5,1
166,177,1,15.3,52.5,1
166,179,5,25.04,131.9,4
166,181,7,88.96,396.9,8
166,182,1,5.2,29.5,1
166,185,2,19.14,83.0,2
166,186,102,518.53,3008.41,88
166,189,2,25.25,117.3,2
166,191,4,70.1,200.0,4
166,194,1,2.99,23.3,1
166,195,1,11.85,56.9,4
166,196,1,11.51,48.5,1
166,200,12,82.55,371.29,14
166,208,1,7.7,30.5,1
166,209,8,75.6,355.0,5
166,211,20,143.0,723.83,12
166,212,2,12.73,76.0,1
166,213,4,27.54,120.7,4
166,216,2,32.3,106.5,1
166,220,20,129.52,574.1,20
166,223,8,44.97,244.01,9
166,224,10,71.72,345.06,11
166,225,1,11.9,37.5,1
166,226,5,26.52,170.8,5
166,227,1,16.9,44.5,1
166,228,3,38.07,152.9,3
166,229,47,224.75,1244.63,61
166,230,146,579.58,3450.89,178
166,231,40,280.63,1527.12,38
166,232,17,143.11,692.52,15
166,233,32,176.83,952.98,29
166,234,60,374.24,1985.4,54
166,235,4,21.83,131.7,6
166,236,618,1539.17,10011.17,739
166,237,308,1046.62,6471.72,372
166,238,1553,2063.63,15405.46,1951
166,239,1283,2442.22,16627.36,1635
166,241,5,47.86,206.8,5
166,242,1,9.8,39.5,1
166,243,107,436.37,2348.93,137
166,244,341,957.63,5409.9,386
166,246,94,471.79,2333.23,93
166,247,13,38.63,261.7,12
166,248,1,5.0,28.5,1
166,249,50,327.04,1579.37,48
166,254,3,32.1,124.2,3
166,255,2,17.62,90.7,3
166,259,2,12.8,90.5,2
166,260,1,8.09,42.9,1
166,261,13,104.26,534.51,10
166,262,103,339.36,2091.11,119
166,263,177,500.11,3312.47,210
167,10,2,15.9,96.0,2
167,13,1,12.1,41.5,1
167,17,1,12.7,42.5,1
167,18,3,9.66,56.6,2
167,20,1,2.1,19.5,1
167,29,1,27.2,47.5,1
167,32,3,12.2,70.5,3
167,33,1,13.2,43.5,1
167,38,1,11.7,48.5,1
167,41,6,12.43,126.08,6
167,42,13,30.47,216.78,10
167,47,2,2.0,41.6,2
167,48,3,24.51,111.75,2
167,49,1,12.4,43.5,1
167,50,8,63.3,273.0,8
167,51,6,26.98,180.53,4
167,53,3,19.88,114.68,2
167,55,1,22.4,66.5,1
167,60,2,2.6,33.0,2
167,61,2,28.7,108.0,2
167,63,1,15.8,54.5,1
167,65,1,16.2,41.5,1
167,66,1,11.9,47.5,1
167,68,9,66.4,321.5,9
167,69,3,2.8,38.4,3
167,74,5,10.96,111.03,3
167,75,5,17.0,125.4,4
167,76,1,20.5,55.5,1
167,78,6,5.8,96.88,5
167,80,1,12.4,37.5,1
167,81,4,21.8,117.39,3
167,85,1,18.9,52.5,1
167,86,1,21.4,64.5,1
167,87,5,32.3,194.0,5
167,90,1,9.7,36.5,1
167,91,1,0.1,47.5,1
167,94,1,2.55,30.31,0
167,100,1,7.9,32.5,1
167,107,5,42.7,170.5,5
167,113,1,0.0,41.0,1
167,116,3,8.81,91.0,3
167,119,1,1.9,15.5,1
167,126,1,1.3,16.5,1
167,127,3,10.9,63.59,2
167,130,1,15.9,42.5,1
167,136,1,0.0,23.5,1
167,137,17,118.12,615.2,17
167,140,4,21.2,111.0,4
167,141,1,6.3,27.5,1
167,142,2,14.06,70.98,1
167,147,3,2.6,29.41,1
167,148,1,10.0,37.5,1
167,151,1,6.8,28.5,1
167,152,3,9.3,60.77,2
167,159,20,15.85,246.85,17
167,161,3,21.1,95.5,3
167,163,1,5.7,36.5,1
167,164,2,17.43,86.86,1
167,166,1,3.8,23.5,1
167,167,19,0.73,333.53,28
167,168,3,5.7,57.0,2
167,170,5,35.2,158.5,5
167,173,1,0.0,31.5,1
167,174,8,40.8,219.99,7
167,177,1,14.7,51.5,1
167,179,1,5.73,32.66,0
167,181,1,18.08,72.95,0
167,183,1,5.3,26.5,1
167,188,1,19.0,58.5,1
167,189,1,12.7,43.5,1
167,191,2,13.7,91.0,2
167,200,1,5.7,31.5,1
167,205,3,30.1,145.5,3
167,208,1,4.6,46.5,1
167,210,2,43.7,135.0,2
167,212,2,3.4,35.86,1
167,213,1,0.0,26.0,1
167,215,2,15.4,97.5,2
167,216,2,17.2,91.0,2
167,222,1,18.0,57.5,1
167,230,2,12.78,73.85,1
167,231,9,53.4,367.04,8
167,234,1,11.5,38.5,1
167,235,2,5.34,56.39,1
167,236,2,9.08,53.08,1
167,237,2,16.7,61.0,2
167,241,2,9.8,59.75,0
167,242,4,19.9,122.0,4
167,243,1,4.73,27.59,0
167,244,2,6.3,49.0,2
167,246,2,11.0,74.0,2
167,247,5,6.22,78.43,4
167,249,1,11.9,38.5,1
167,250,1,3.0,21.5,1
167,254,3,17.79,80.57,2
167,256,1,11.5,49.2,1
167,260,1,13.6,33.5,1
167,263,1,0.0,26.5,1
168,1,1,26.75,116.8,1
168,3,3,25.79,109.1,3
168,4,2,6.8,64.5,2
168,11,1,18.6,58.5,1
168,17,2,30.66,92.76,1
168,18,6,32.96,162.75,5
168,20,2,4.13,44.93,0
168,22,1,0.0,26.5,1
168,24,2,6.6,43.58,1
168,25,3,23.65,124.97,2
168,28,1,11.3,39.5,1
168,31,1,4.95,24.17,0
168,32,2,7.44,58.61,1
168,35,3,30.1,150.0,3
168,37,2,21.52,30.95,1
168,41,17,25.35,307.72,8
168,42,36,46.36,505.08,32
168,45,5,41.6,176.0,5
168,47,2,7.2,33.98,2
168,48,4,29.13,150.21,1
168,50,2,6.1,75.01,1
168,51,1,12.89,54.8,1
168,60,1,3.96,20.15,0
168,61,1,9.2,37.5,1
168,62,1,0.0,43.5,1
168,65,4,54.8,170.3,4
168,66,1,11.0,38.5,1
168,68,6,36.8,203.0,6
168,69,16,18.18,276.85,13
168,72,2,17.4,108.5,2
168,74,22,38.76,331.77,21
168,75,15,30.45,237.86,14
168,76,5,73.28,261.79,4
168,77,1,22.04,64.34,0
168,78,4,12.02,88.57,1
168,79,1,0.0,29.61,0
168,81,2,7.55,67.93,0
168,82,1,4.9,34.5,1
168,87,4,40.16,141.99,2
168,88,2,22.12,0.0,2
168,94,1,0.0,29.55,0
168,95,3,33.52,103.89,2
168,97,3,32.4,115.5,3
168,100,3,21.84,104.29,1
168,107,4,32.84,119.61,3
168,112,1,8.9,34.5,1
168,113,1,7.5,30.5,1
168,116,4,8.59,63.63,2
168,119,4,6.22,56.72,2
168,126,4,8.05,66.77,3
168,127,3,11.31,82.54,0
168,129,2,11.22,50.1,2
168,130,4,31.7,170.0,5
168,132,2,46.33,176.1,6
168,134,1,11.0,40.8,2
168,136,5,21.1,158.54,3
168,137,4,32.01,120.05,3
168,138,2,14.66,52.9,0
168,140,3,13.88,73.72,2
168,141,2,9.41,6.0,2
168,142,5,13.92,127.85,2
168,143,1,6.96,3.94,0
168,145,1,6.1,29.5,1
168,147,4,3.5,126.6,6
168,148,1,0.0,42.27,0
168,151,1,2.85,18.92,0
168,152,5,15.15,102.43,3
168,158,4,39.8,158.0,4
168,159,13,10.78,158.65,12
168,161,9,55.15,186.27,2
168,162,4,21.8,103.6,4
168,163,2,20.52,81.68,1
168,164,2,14.2,0.0,2
168,166,3,8.46,52.5,3
168,167,5,9.0,96.22,3
168,168,194,22.81,3197.05,231
168,169,6,13.36,108.26,5
168,170,2,6.8,57.0,2
168,173,1,8.09,33.1,3
168,174,8,54.26,257.99,6
168,177,3,45.3,150.5,3
168,182,4,21.56,105.9,2
168,185,16,96.56,500.92,15
168,186,3,13.89,92.45,2
168,188,1,0.0,51.5,2
168,196,1,8.6,67.5,1
168,197,2,36.5,80.0,2
168,208,4,33.0,90.7,1
168,209,1,9.8,34.5,1
168,212,2,6.89,54.55,0
168,213,6,26.85,132.91,5
168,215,1,12.7,41.5,1
168,216,1,13.0,43.5,1
168,217,1,0.0,36.5,1
168,220,5,20.9,139.76,4
168,223,1,3.21,21.77,0
168,224,1,0.0,37.37,0
168,225,1,11.1,39.5,1
168,226,2,12.71,67.44,1
168,229,2,9.91,46.0,2
168,230,1,6.94,37.05,0
168,231,7,57.9,257.02,6
168,232,3,20.86,107.51,1
168,233,1,5.3,28.5,1
168,234,5,25.49,164.03,2
168,235,6,22.09,130.47,4
168,236,4,9.2,77.23,2
168,238,4,17.3,90.2,3
168,239,3,13.3,86.72,2
168,241,2,6.32,49.82,0
168,242,10,61.41,292.25,9
168,243,6,29.69,127.46,4
168,244,4,8.61,73.38,2
168,246,1,7.95,31.85,0
168,247,2,2.2,31.4,3
168,248,1,3.65,17.7,2
168,249,2,26.5,79.0,2
168,250,2,6.7,54.5,1
168,254,3,15.97,102.51,1
168,258,2,24.5,89.0,2
168,259,5,48.05,165.97,1
168,261,1,12.1,37.5,1
168,262,5,24.56,87.56,3
168,263,3,9.11,54.49,2
169,3,1,0.0,22.5,1
169,4,2,23.72,85.9,1
169,13,1,15.96,46.12,0
169,15,1,3.5,32.5,1
169,20,1,2.0,14.9,0
169,24,1,5.28,30.33,0
169,31,2,3.77,28.2,2
169,32,1,2.0,19.5,1
169,35,1,18.9,51.5,1
169,41,7,32.9,178.5,7
169,42,7,19.87,153.89,4
169,47,5,4.28,69.42,4
169,50,1,12.8,33.5,1
169,51,7,51.53,226.36,6
169,60,1,0.0,21.07,0
169,62,1,15.6,49.5,1
169,65,1,13.9,47.5,1
169,68,1,9.98,32.12,0
169,69,4,2.87,45.46,2
169,70,1,9.6,36.5,1
169,72,1,17.8,54.5,1
169,74,5,21.97,126.9,5
169,75,3,13.84,85.07,4
169,77,1,12.4,52.5,1
169,78,2,2.8,35.0,2
169,81,2,14.7,61.0,2
169,87,1,13.6,44.5,1
169,89,1,15.2,59.5,1
169,92,1,9.5,36.5,1
169,94,2,1.33,66.5,4
169,95,1,11.1,38.5,1
169,107,3,30.6,115.5,3
169,116,4,16.22,76.46,1
169,117,2,48.1,132.0,2
169,119,1,1.39,12.1,1
169,126,2,6.35,34.29,1
169,127,1,2.71,13.49,0
169,130,1,16.3,47.5,1
169,137,5,47.16,202.91,4
169,140,1,5.7,32.5,1
169,142,1,7.7,34.5,1
169,145,1,6.6,32.5,1
169,147,2,3.24,30.97,1
169,151,1,6.4,30.5,1
169,153,2,2.4,38.5,2
169,159,3,2.35,77.32,2
169,161,3,28.15,119.5,4
169,162,1,8.97,3.0,0
169,163,1,9.2,34.5,1
169,164,4,24.86,164.2,4
169,166,3,15.45,74.84,3
169,167,5,10.65,72.12,3
169,168,3,10.62,58.67,2
169,169,10,4.13,109.07,9
169,170,1,9.5,36.5,1
169,174,4,8.43,82.05,4
169,179,2,14.8,0.0,2
169,182,1,3.5,22.5,1
169,185,1,0.0,24.5,1
169,186,1,10.0,36.5,1
169,188,1,19.6,61.5,1
169,191,1,14.0,45.5,1
169,197,1,13.2,44.5,1
169,203,1,18.4,52.5,1
169,208,1,5.5,19.16,0
169,209,1,13.7,44.5,1
169,210,1,26.3,70.5,1
169,213,2,3.33,38.51,2
169,215,1,0.0,48.5,1
169,216,1,15.1,46.5,1
169,218,3,30.1,164.0,3
169,231,4,48.4,180.0,4
169,233,2,17.27,70.07,1
169,235,6,6.92,60.9,11
169,236,1,7.0,25.5,1
169,237,3,21.8,99.5,3
169,238,3,15.22,84.5,2
169,239,1,7.98,30.47,0
169,241,1,0.0,14.91,0
169,242,9,36.3,231.0,10
169,243,4,5.9,72.42,3
169,244,5,13.0,105.53,4
169,247,10,17.84,144.38,16
169,249,1,10.9,38.5,1
169,254,2,8.0,44.0,2
169,256,1,12.4,46.5,1
169,259,2,13.6,53.1,1
169,263,2,5.0,59.0,2
170,1,190,3372.44,16856.92,259
170,3,2,24.37,94.3,2
170,4,328,756.3,4774.25,398
170,7,159,696.9,3705.54,186
170,9,2,27.8,94.4,2
170,10,5,76.5,328.9,6
170,11,6,81.75,303.3,6
170,12,19,104.77,521.8,30
170,13,437,2361.87,11848.58,536
170,14,38,413.53,1909.26,33
170,15,1,15.72,61.1,1
170,16,5,58.13,257.9,5
170,17,48,318.15,1829.4,71
170,18,4,50.12,78.0,6
170,19,1,16.16,63.2,2
170,20,4,49.75,193.5,4
170,21,4,56.29,223.4,4
170,22,19,249.31,922.59,18
170,23,1,20.3,75.1,1
170,24,82,398.18,2168.93,95
170,25,55,373.73,1762.86,75
170,26,5,68.72,306.2,6
170,27,1,27.1,101.7,1
170,28,20,207.53,866.7,20
170,29,3,50.38,175.2,3
170,32,2,26.41,90.8,3
170,33,177,1070.42,5074.09,208
170,34,7,42.94,220.5,7
170,35,3,45.3,148.4,3
170,36,14,103.17,492.08,20
170,37,14,96.84,476.07,14
170,38,1,14.1,45.5,1
170,39,7,66.4,344.3,7
170,40,45,342.45,1571.73,47
170,41,163,806.04,4330.38,198
170,42,122,719.25,3395.01,124
170,43,650,1487.5,11027.95,879
170,45,144,539.92,3029.0,188
170,46,1,16.21,59.01,0
170,47,4,39.0,153.0,3
170,48,1834,2473.39,23672.25,2266
170,49,49,355.77,1847.1,65
170,50,614,1105.42,9449.54,758
170,51,5,74.2,217.5,5
170,52,41,281.5,1166.6,52
170,53,2,25.0,0.0,2
170,54,23,166.43,742.0,33
170,55,6,84.85,347.9,10
170,56,6,47.75,212.2,6
170,57,1,10.69,43.6,1
170,59,1,10.33,44.3,1
170,60,1,12.3,52.0,1
170,61,29,241.58,1161.2,40
170,62,13,102.49,507.59,13
170,63,3,29.6,108.5,3
170,64,2,30.77,114.5,2
170,65,77,450.81,2178.7,95
170,66,72,420.7,2137.51,91
170,67,10,99.61,476.5,10
170,68,2332,3462.51,28689.98,2845
170,69,11,77.16,373.5,11
170,70,11,99.8,456.1,15
170,71,5,60.0,208.5,5
170,72,5,54.36,231.6,5
170,73,2,23.93,100.5,2
170,74,193,855.38,4461.64,238
170,75,462,1598.82,9045.6,588
170,76,6,70.47,278.3,6
170,77,3,53.42,151.2,3
170,78,3,30.56,120.9,3
170,79,2324,3998.12,27318.09,2877
170,80,45,250.43,1273.2,53
170,81,1,13.7,45.5,1
170,82,22,154.29,661.4,29
170,83,7,35.16,130.05,6
170,85,4,49.37,221.3,9
170,86,3,66.45,257.4,3
170,87,477,2239.09,11540.41,560
170,88,306,1543.48,7398.44,383
170,89,17,198.24,838.2,19
170,90,1608,2349.84,18423.79,1931
170,91,3,37.65,155.5,3
170,92,15,171.94,722.9,20
170,93,9,82.76,144.6,9
170,94,1,0.0,35.0,1
170,95,60,503.94,2193.72,72
170,96,1,9.03,38.0,1
170,97,51,343.48,1687.08,59
170,98,4,45.5,169.0,4
170,100,1890,1583.53,17700.41,2352
170,102,4,30.67,136.4,4
170,106,14,103.27,461.98,16
170,107,3444,3542.09,28900.12,4335
170,108,2,29.1,88.0,2
170,111,1,11.45,45.7,1
170,112,152,605.43,3141.13,177
170,113,1740,2786.58,20241.46,2088
170,114,981,2015.21,13745.45,1225
170,115,1,18.34,69.5,1
170,116,54,374.42,1867.9,66
170,117,1,1.4,51.5,1
170,118,1,20.99,80.0,1
170,119,4,32.18,130.9,4
170,120,5,39.31,184.5,6
170,121,5,51.78,209.6,5
170,123,6,80.02,269.6,6
170,124,5,77.16,306.9,5
170,125,363,1008.19,6474.97,451
170,126,1,8.47,36.6,1
170,127,13,119.31,535.51,13
170,128,2,21.48,104.7,3
170,129,61,396.07,1880.42,78
170,130,2,26.45,104.0,3
170,131,4,38.09,178.5,5
170,132,1019,16515.58,69080.85,1626
170,133,15,161.95,591.3,16
170,134,4,51.48,240.5,6
170,135,9,90.29,379.72,8
170,136,3,31.51,137.1,5
170,137,1947,1625.17,15606.91,2348
170,138,998,9441.84,40011.54,1181
170,139,1,0.0,56.5,1
170,140,1637,3403.39,23899.52,1957
170,141,2527,4604.37,32550.59,3147
170,142,1575,3559.6,26730.14,1950
170,143,763,2033.4,14600.54,893
170,144,669,1611.94,10821.13,911
170,145,216,608.71,3587.45,277
170,146,55,196.27,1109.33,62
170,147,1,8.3,40.8,1
170,148,732,1966.23,12519.81,907
170,149,4,51.0,201.84,3
170,150,4,79.04,301.9,8
170,151,248,1082.52,6358.32,308
170,152,32,204.07,1041.55,40
170,154,2,35.12,127.7,2
170,155,2,35.0,126.1,3
170,157,14,77.97,432.91,17
170,158,656,1573.44,10901.29,819
170,159,17,120.8,416.3,22
170,160,17,116.34,539.0,17
170,161,3796,3451.42,36633.33,4905
170,162,3197,2854.41,28334.52,3938
170,163,2116,2902.65,26822.43,2687
170,164,2245,1607.74,18611.84,2850
170,165,16,187.63,855.8,20
170,166,110,600.33,3178.29,128
170,167,5,50.84,170.4,10
170,168,17,101.95,455.6,20
170,169,2,21.42,90.7,2
170,170,3489,1914.25,34586.81,4447
170,171,2,26.54,108.2,2
170,173,12,97.16,294.9,12
170,174,4,42.04,216.4,6
170,175,2,18.66,119.4,4
170,177,7,64.8,303.1,7
170,178,4,60.76,232.2,5
170,179,68,316.56,1676.89,73
170,180,1,10.68,46.4,6
170,181,123,1015.6,4802.46,145
170,182,6,59.07,236.4,6
170,183,1,14.83,64.6,1
170,185,2,25.7,100.3,2
170,186,3120,3076.89,31941.06,3986
170,188,14,138.99,616.6,15
170,189,25,194.07,966.8,28
170,190,3,27.17,127.3,3
170,193,20,58.42,302.86,21
170,194,4,20.64,103.7,5
170,195,9,71.83,364.4,13
170,196,31,218.81,1010.3,31
170,197,8,71.97,358.14,8
170,198,21,132.65,711.89,29
170,200,9,114.41,466.2,10
170,201,1,22.94,89.8,1
170,202,47,203.29,1184.6,55
170,203,3,55.65,203.6,4
170,205,3,42.1,189.5,3
170,206,1,19.14,73.7,1
170,208,4,47.17,201.1,4
170,209,203,930.95,4583.69,272
170,210,11,207.13,786.3,12
170,211,649,1610.42,10724.57,812
170,212,1,8.79,34.5,1
170,213,11,108.32,394.6,12
170,214,1,17.84,75.1,1
170,216,9,115.25,357.6,9
170,217,46,250.96,1437.5,54
170,218,3,33.8,162.0,3
170,219,4,53.6,211.5,4
170,220,14,167.75,711.4,14
170,222,6,62.76,276.3,6
170,223,57,329.78,1618.8,62
170,224,650,939.63,6705.21,833
170,225,19,130.47,737.5,24
170,226,112,458.39,2367.61,136
170,227,3,32.74,137.8,4
170,228,28,279.24,1212.19,37
170,229,2988,3418.58,27888.83,3765
170,230,2576,2771.06,29841.37,3499
170,231,1063,3989.19,22958.04,1300
170,232,430,1360.46,7153.94,536
170,233,1933,1388.72,14359.45,2444
170,234,3757,3978.3,33054.69,4560
170,235,3,29.9,113.0,3
170,236,2559,6533.24,44098.08,3255
170,237,3385,5392.58,43375.11,4183
170,238,803,3050.03,18772.51,904
170,239,1041,3264.15,21269.28,1341
170,240,1,12.26,49.9,1
170,241,5,57.39,231.3,5
170,242,10,117.82,487.8,15
170,243,72,642.1,2997.61,84
170,244,83,709.91,3276.25,83
170,246,1576,2570.57,21382.66,1966
170,247,8,62.18,277.51,7
170,248,1,8.4,33.5,1
170,249,1469,3089.03,21386.15,1809
170,250,1,10.8,42.9,1
170,252,1,12.2,47.1,1
170,254,3,36.33,135.5,3
170,255,111,615.25,3150.5,143
170,256,91,490.87,2554.1,137
170,257,21,217.42,933.8,23
170,258,4,34.26,186.48,3
170,259,4,35.3,191.3,5
170,260,52,277.68,1344.29,57
170,261,333,1648.91,8318.87,438
170,262,1000,2890.68,17729.45,1225
170,263,1471,4006.39,24877.97,1863
171,3,1,9.2,30.5,1
171,9,1,1.8,12.1,1
171,14,1,0.0,53.5,1
171,19,1,4.78,20.5,1
171,38,1,8.92,36.24,0
171,48,1,11.4,53.5,1
171,51,1,8.6,36.5,1
171,53,2,7.04,33.6,1
171,56,1,3.9,22.5,1
171,60,3,13.3,94.5,3
171,68,1,11.4,40.5,1
171,73,1,0.0,7.83,0
171,75,1,0.0,36.5,1
171,76,1,5.5,40.5,1
171,82,2,4.17,46.7,0
171,92,7,6.14,101.16,4
171,107,3,31.5,114.5,3
171,123,1,21.4,56.5,1
171,124,1,11.1,38.5,1
171,135,1,4.3,23.5,1
171,137,4,45.0,157.0,4
171,138,1,6.02,23.44,0
171,145,3,28.54,126.42,0
171,148,1,11.5,40.5,1
171,163,3,0.0,130.0,3
171,171,9,2.59,261.99,7
171,177,1,0.0,45.0,1
171,192,2,3.84,37.26,1
171,193,1,0.0,27.74,0
171,196,1,4.3,24.5,1
171,197,1,0.0,29.56,0
171,216,1,5.0,26.5,1
171,222,1,0.0,47.76,0
171,223,1,4.66,16.71,0
171,227,1,17.09,60.3,0
171,234,1,9.2,38.5,1
171,235,1,8.0,34.5,1
171,236,1,12.0,46.5,1
171,237,1,0.0,46.5,1
171,244,1,11.3,42.5,1
171,247,1,7.5,31.5,1
171,257,3,45.3,151.5,3
171,262,2,11.3,71.0,2
171,263,5,51.0,178.5,5
172,76,1,20.67,70.0,4
172,97,1,15.45,70.0,2
173,7,2,9.58,46.6,7
173,10,1,0.0,26.16,0
173,13,2,25.9,97.5,2
173,18,2,11.3,80.5,2
173,28,2,4.4,44.17,1
173,36,1,6.08,23.62,0
173,41,1,9.29,35.2,1
173,42,2,16.5,69.0,2
173,45,2,12.23,84.82,1
173,56,3,2.69,56.23,0
173,61,1,9.12,39.4,2
173,64,1,9.1,35.5,1
173,70,2,1.73,29.73,1
173,74,1,10.99,45.0,1
173,75,2,11.0,64.0,2
173,80,1,7.3,38.7,1
173,81,1,18.8,35.5,1
173,82,3,4.56,47.23,2
173,83,2,6.43,52.83,1
173,86,1,12.5,44.5,1
173,91,1,13.2,43.5,1
173,92,2,5.46,37.43,1
173,93,1,0.87,6.83,0
173,95,2,7.5,44.0,2
173,129,7,9.9,84.06,5
173,131,2,6.78,48.69,0
173,134,1,4.25,17.7,2
173,160,1,3.94,21.04,0
173,161,3,29.9,136.1,3
173,164,1,11.4,46.4,4
173,173,13,1.1,271.6,17
173,177,1,9.89,40.8,1
173,196,1,3.4,20.5,1
173,197,1,5.4,26.5,1
173,218,1,10.8,37.5,1
173,223,1,2.9,21.5,1
173,226,3,11.03,101.16,2
173,228,1,17.8,53.78,0
173,232,1,0.0,51.3,0
173,244,1,17.8,35.5,1
173,247,2,23.73,80.76,1
173,254,1,10.9,40.5,1
173,258,1,0.0,34.31,0
174,3,2,2.2,38.57,1
174,4,2,29.0,97.0,2
174,7,1,9.2,34.5,1
174,17,1,15.8,51.5,1
174,18,4,3.9,57.33,3
174,20,2,2.9,34.64,1
174,22,1,24.1,66.5,1
174,25,1,0.0,56.0,1
174,26,1,22.8,63.5,1
174,28,1,0.0,49.5,1
174,32,1,1.7,18.5,1
174,33,2,34.7,108.0,2
174,34,2,17.5,99.0,2
174,35,2,22.3,112.0,2
174,38,1,26.8,49.5,1
174,41,1,8.0,37.5,1
174,42,4,31.8,133.0,4
174,47,1,4.6,26.5,1
174,48,4,50.2,172.0,4
174,50,1,0.0,49.46,0
174,51,3,15.3,63.5,3
174,55,3,49.6,228.5,3
174,61,1,19.4,56.5,1
174,70,1,13.67,52.7,1
174,72,1,18.8,57.5,1
174,74,3,29.6,96.5,3
174,75,1,0.0,35.0,1
174,76,2,36.8,112.0,2
174,78,4,6.59,73.7,3
174,80,1,19.9,46.5,1
174,81,1,0.0,22.13,0
174,86,1,23.2,65.5,1
174,87,1,2.6,48.5,1
174,89,2,38.8,124.0,2
174,90,1,13.1,47.5,1
174,91,1,0.2,65.5,1
174,92,1,9.7,35.5,1
174,97,1,20.4,53.5,1
174,116,1,15.42,63.2,1
174,119,2,8.4,51.0,2
174,126,1,5.9,25.5,1
174,129,1,12.9,43.5,1
174,130,4,67.36,124.46,3
174,134,1,15.8,44.5,1
174,135,2,14.8,99.0,2
174,136,3,4.7,78.48,2
174,138,1,13.2,55.13,0
174,140,2,19.5,80.0,2
174,143,1,12.4,42.5,1
174,161,2,28.7,76.0,2
174,164,1,13.8,46.5,1
174,166,2,17.9,76.4,2
174,167,2,9.86,50.5,3
174,168,3,24.76,88.1,5
174,169,5,16.15,96.6,8
174,174,4,0.3,257.9,5
174,182,1,4.5,22.5,1
174,185,1,2.3,24.5,1
174,188,1,16.7,58.5,1
174,209,5,85.6,242.5,5
174,212,1,0.0,14.75,0
174,213,3,14.55,78.43,2
174,215,1,18.26,61.28,0
174,216,1,22.0,48.5,1
174,220,2,3.77,36.62,1
174,228,1,20.2,59.5,1
174,229,1,11.4,43.5,1
174,230,2,22.39,104.5,2
174,235,1,5.54,26.1,1
174,238,2,9.8,79.0,2
174,242,1,4.2,16.78,0
174,243,2,10.28,46.34,1
174,244,1,8.1,30.5,1
174,247,2,11.79,61.9,3
174,248,1,5.8,22.5,1
174,250,2,10.2,52.0,2
174,254,2,2.6,30.9,3
174,258,1,16.0,51.5,1
174,259,2,3.8,37.0,2
174,262,1,10.78,39.6,0
174,263,2,20.86,42.5,1
175,16,1,1.4,18.5,1
175,36,2,22.8,71.0,2
175,38,1,4.01,18.4,1
175,64,1,0.25,70.0,1
175,89,1,12.9,45.5,1
175,95,1,5.5,27.5,1
175,98,2,2.07,23.4,2
175,100,1,16.3,43.5,1
175,107,1,12.26,40.32,0
175,124,1,12.8,33.5,1
175,129,1,10.3,40.5,1
175,131,1,2.2,19.5,1
175,132,3,32.75,53.4,3
175,140,1,11.9,46.5,1
175,147,1,12.71,41.85,0
175,162,2,0.0,90.0,2
175,175,7,9.07,175.33,6
175,191,2,4.37,33.15,1
175,198,1,9.33,37.3,1
175,205,1,5.6,22.5,1
175,213,1,0.0,36.5,1
175,218,16,116.7,536.5,16
175,219,1,7.9,33.5,1
175,226,1,12.3,41.5,1
175,231,1,13.8,62.5,1
175,236,1,23.5,51.5,1
175,247,1,20.8,45.5,1
175,252,1,5.5,24.0,1
175,255,1,12.13,35.32,0
176,79,1,20.27,58.93,0
176,84,1,6.22,26.8,1
177,7,1,12.7,43.5,1
177,14,2,22.4,89.0,2
177,17,11,30.66,198.17,10
177,21,1,7.42,40.49,0
177,25,9,36.43,208.9,7
177,26,2,12.96,74.27,1
177,28,1,7.78,26.05,0
177,29,1,10.2,33.5,1
177,31,1,4.4,50.5,1
177,33,3,13.92,83.95,2
177,35,10,11.27,169.98,8
177,36,3,5.44,47.7,3
177,37,2,3.0,26.5,1
177,39,6,18.31,126.94,4
177,40,1,4.55,1.49,0
177,41,2,19.2,100.0,2
177,42,7,94.17,369.04,6
177,43,1,11.7,51.5,1
177,49,9,20.71,168.66,5
177,55,1,8.1,33.5,1
177,60,1,18.2,51.62,0
177,61,21,47.33,399.42,20
177,62,4,9.89,73.0,4
177,63,1,1.5,17.5,1
177,64,1,13.43,46.36,0
177,65,1,4.97,42.3,0
177,70,1,11.71,43.01,0
177,71,4,8.41,74.61,3
177,72,7,13.1,143.25,5
177,74,2,30.8,99.0,2
177,75,1,19.23,67.45,0
177,76,13,35.57,240.42,9
177,77,1,0.0,11.89,0
177,78,2,34.9,99.0,2
177,79,2,15.13,63.77,1
177,80,3,5.8,59.2,2
177,83,1,7.2,37.96,0
177,85,2,3.6,44.47,1
177,86,2,26.2,86.0,2
177,87,1,6.9,70.0,1
177,88,1,7.2,29.5,1
177,89,3,19.3,66.0,3
177,90,1,8.87,58.32,0
177,91,1,3.8,15.5,1
177,95,1,5.0,26.5,1
177,97,5,14.88,129.19,3
177,100,1,8.98,41.16,0
177,102,1,3.8,22.5,1
177,106,1,4.3,23.5,1
177,107,4,28.2,109.0,4
177,108,2,24.7,82.0,2
177,117,2,21.1,79.2,1
177,121,3,23.5,85.5,3
177,122,3,27.6,112.5,3
177,124,2,8.1,43.3,6
177,126,1,16.8,51.5,1
177,127,1,12.8,55.5,1
177,129,1,11.36,37.59,0
177,130,12,91.9,377.0,12
177,131,2,17.59,64.72,1
177,132,3,26.93,111.08,1
177,136,3,59.4,172.5,3
177,137,6,55.42,235.84,5
177,138,3,33.23,133.72,2
177,140,4,42.43,204.15,3
177,141,2,6.4,86.13,1
177,142,2,25.6,69.0,2
177,143,1,17.1,68.7,0
177,145,5,23.0,155.09,4
177,148,3,19.07,98.88,0
177,152,1,16.7,51.5,1
177,153,1,20.8,59.5,1
177,155,2,11.92,49.7,1
177,159,1,16.6,50.5,1
177,161,1,8.0,33.5,1
177,162,2,19.6,98.0,2
177,163,1,19.7,38.5,1
177,165,5,21.93,133.29,4
177,166,3,28.9,151.5,3
177,168,1,10.7,51.5,1
177,170,3,35.5,130.5,3
177,171,1,0.0,37.5,1
177,174,1,18.0,55.5,1
177,177,18,6.69,335.24,18
177,179,1,14.14,44.25,0
177,181,7,31.85,175.46,6
177,186,1,8.4,31.5,1
177,188,7,21.6,148.5,7
177,189,1,3.2,20.5,1
177,191,7,78.25,268.98,5
177,193,6,53.5,223.0,6
177,195,4,26.34,108.42,3
177,198,1,1.1,16.5,1
177,209,2,11.5,55.0,2
177,210,3,26.9,85.5,3
177,215,1,6.0,30.5,1
177,216,2,12.9,51.0,2
177,217,1,3.7,26.92,0
177,218,1,12.6,31.5,1
177,219,1,7.28,38.7,1
177,222,3,8.3,58.5,3
177,225,7,12.6,139.47,5
177,226,4,37.38,144.36,3
177,227,1,5.1,26.5,1
177,228,6,32.42,179.34,5
177,230,1,6.6,37.5,1
177,231,1,0.0,27.5,1
177,232,2,0.0,60.86,1
177,234,1,8.0,33.5,1
177,235,1,18.7,57.5,1
177,237,1,0.0,61.84,0
177,240,1,19.3,63.5,1
177,242,1,17.01,52.87,0
177,243,2,33.0,115.0,2
177,247,1,17.2,52.5,1
177,249,1,7.61,34.52,0
177,254,4,83.5,217.0,4
177,255,2,0.0,61.17,0
177,256,1,3.47,25.99,0
177,258,1,3.77,1.5,0
178,12,1,2.3,30.5,1
178,17,1,6.4,28.5,1
178,21,1,1.15,11.33,0
178,22,1,1.37,9.3,1
178,26,4,7.0,23.39,3
178,38,1,0.1,51.5,1
178,45,2,14.9,64.0,2
178,48,1,10.9,36.5,1
178,52,1,5.0,25.5,1
178,76,1,5.9,37.5,1
178,79,2,20.1,77.0,2
178,88,2,16.0,61.0,2
178,97,1,5.5,25.5,1
178,105,1,6.4,16.5,1
178,123,7,4.35,147.35,5
178,133,2,4.02,31.0,2
178,137,7,74.5,269.5,7
178,140,2,16.6,86.0,2
178,154,2,9.13,3.5,2
178,155,1,4.26,19.1,1
178,158,3,28.8,101.5,3
178,163,1,10.44,73.47,0
178,165,4,5.07,44.93,3
178,170,3,31.0,121.5,3
178,178,3,16.5,210.04,4
178,227,1,2.4,12.8,1
178,233,1,11.9,39.5,1
178,237,1,12.6,42.5,1
178,243,1,20.49,81.9,0
178,261,1,9.7,30.5,1
179,1,1,30.21,106.17,0
179,7,80,73.47,700.25,84
179,8,1,0.76,7.2,1
179,16,1,11.34,45.86,0
179,17,4,23.88,143.63,4
179,28,2,16.82,66.3,3
179,33,1,10.52,4.32,0
179,35,2,13.8,85.16,1
179,37,2,14.48,88.46,1
179,39,1,16.86,49.95,0
179,42,5,24.92,132.26,0
179,43,1,3.6,22.6,2
179,45,2,16.99,87.54,1
179,47,1,5.4,29.5,1
179,48,5,18.88,129.07,2
179,49,2,16.3,64.37,6
179,50,1,5.2,33.12,0
179,53,1,8.14,31.3,0
179,56,4,24.69,103.35,3
179,61,1,10.25,57.72,0
179,65,2,6.7,72.0,2
179,66,1,9.1,36.6,1
179,68,2,10.12,68.09,0
179,70,3,9.22,47.5,5
179,73,1,8.2,31.5,1
179,74,4,8.23,108.36,2
179,75,12,59.46,289.71,10
179,76,2,28.71,118.38,1
179,77,1,15.77,60.82,0
179,79,3,12.06,114.95,0
179,80,5,23.96,130.35,1
179,82,2,11.18,52.75,1
179,83,3,5.9,61.12,2
179,87,1,8.33,34.71,0
179,88,2,9.09,88.93,0
179,89,2,26.61,115.6,2
179,90,1,5.57,1.53,0
179,91,1,21.0,52.5,1
179,92,2,12.93,51.81,1
179,93,4,17.21,47.63,6
179,95,4,28.08,108.9,1
179,98,1,8.33,33.1,1
179,100,3,18.17,99.25,2
179,107,5,11.35,126.69,3
179,112,4,12.59,89.45,1
179,113,1,5.5,35.64,0
179,114,1,6.13,28.52,0
179,116,3,16.87,76.94,1
179,121,2,6.8,61.4,1
179,123,1,0.0,70.21,0
179,125,5,33.25,175.05,0
179,126,1,5.5,39.5,1
179,129,18,45.7,295.01,16
179,130,3,31.01,107.34,1
179,132,8,113.55,482.13,6
179,134,1,8.8,34.5,1
179,137,6,25.0,148.7,6
179,138,8,31.61,180.45,4
179,140,17,55.27,296.5,14
179,141,13,54.13,308.91,12
179,142,5,23.63,128.61,3
179,143,1,0.0,29.38,0
179,144,1,9.32,40.17,0
179,145,21,39.17,332.02,14
179,146,17,23.87,185.5,18
179,148,4,14.24,133.42,1
179,151,2,12.49,59.75,0
179,152,1,6.08,44.53,0
179,157,1,4.59,22.21,0
179,159,1,5.24,23.95,0
179,161,6,18.81,184.79,1
179,162,9,33.65,163.49,7
179,163,3,10.91,46.28,4
179,164,9,49.65,239.6,6
179,166,6,34.03,182.35,1
179,168,4,19.41,112.04,3
179,170,5,16.68,132.47,8
179,171,3,13.46,30.18,2
179,173,2,8.19,43.8,2
179,179,68,46.45,1676.54,76
179,180,1,13.44,44.12,0
179,182,1,7.7,30.5,1
179,186,8,40.15,224.04,6
179,193,20,24.68,204.9,20
179,194,1,1.9,14.5,1
179,196,1,6.76,24.91,0
179,197,1,10.94,45.7,1
179,198,1,7.26,36.18,0
179,202,6,10.04,83.69,5
179,203,2,34.78,92.64,0
179,205,1,14.6,45.5,1
179,209,3,19.0,97.5,3
179,211,1,6.3,28.2,1
179,215,3,34.65,114.64,1
179,216,2,21.82,0.0,2
179,222,1,15.1,48.5,1
179,223,48,59.02,452.65,36
179,225,2,21.73,79.39,1
179,226,12,29.64,194.25,14
179,228,1,15.72,47.11,0
179,229,3,9.98,63.28,2
179,230,4,17.43,117.4,2
179,231,1,10.34,46.98,0
179,232,1,6.37,32.03,0
179,233,4,15.45,85.31,2
179,234,4,16.71,115.78,2
179,236,5,25.49,125.21,0
179,237,12,40.03,238.45,10
179,238,1,6.05,34.5,1
179,239,1,7.49,-1.7,0
179,241,1,0.0,37.93,0
179,243,4,17.27,136.57,1
179,244,2,14.75,68.29,1
179,246,1,11.19,70.0,1
179,249,1,8.74,30.94,0
179,250,5,18.1,155.5,5
179,254,1,12.6,35.5,1
179,255,1,4.96,29.3,0
179,260,15,27.83,242.96,11
179,262,4,19.74,103.76,2
179,263,5,20.42,123.25,1
180,10,1,2.76,14.34,0
180,18,1,16.0,52.5,1
180,25,3,23.63,96.0,3
180,33,2,17.5,59.0,2
180,42,1,21.85,70.0,1
180,45,4,40.9,150.0,4
180,49,2,11.0,54.99,1
180,61,1,4.5,24.7,2
180,63,3,6.99,56.14,1
180,65,1,8.23,52.0,1
180,75,1,14.9,48.5,1
180,76,3,7.66,38.79,1
180,81,1,16.7,53.5,1
180,86,1,10.6,36.5,1
180,89,1,6.1,27.5,1
180,91,1,6.5,28.5,1
180,96,1,1.33,9.17,0
180,102,1,1.82,24.69,0
180,107,2,14.6,79.5,2
180,116,7,94.81,374.06,6
180,119,1,16.9,48.5,1
180,124,4,1.17,40.45,1
180,130,1,11.4,23.5,1
180,132,6,36.11,323.6,9
180,139,1,6.56,22.9,0
180,140,2,23.4,77.0,2
180,141,1,11.9,38.5,1
180,142,1,13.53,76.19,0
180,149,1,9.67,68.0,2
180,161,1,14.0,38.5,1
180,165,1,5.7,34.5,1
180,170,1,9.9,37.5,1
180,180,14,5.21,210.87,11
180,188,3,15.4,78.5,3
180,197,2,3.4,25.22,0
180,201,3,22.52,110.6,3
180,213,1,12.6,44.5,1
180,216,10,14.93,128.19,4
180,219,2,8.0,51.0,2
180,222,2,5.5,43.0,2
180,223,1,12.1,38.5,1
180,225,1,4.6,28.2,1
180,226,1,8.54,44.82,0
180,231,1,2.2,35.5,1
180,258,3,2.13,103.82,3
181,1,1,22.89,62.24,0
181,4,4,21.75,106.49,3
181,7,4,39.82,158.63,2
181,10,1,22.8,64.5,1
181,11,1,8.85,55.08,0
181,13,6,24.49,148.55,6
181,14,9,39.17,238.11,6
181,17,10,22.53,155.98,9
181,21,4,29.2,121.0,4
181,22,1,8.1,31.5,1
181,24,1,9.7,38.5,1
181,25,21,22.5,190.22,21
181,26,2,8.34,44.55,1
181,29,1,12.08,52.0,1
181,33,17,31.63,272.52,23
181,34,1,1.61,15.6,1
181,35,6,21.19,164.84,2
181,36,2,9.46,58.88,1
181,37,8,30.06,181.52,1
181,38,1,18.1,70.5,1
181,39,9,56.95,250.33,8
181,40,8,12.25,134.67,7
181,41,3,39.2,130.5,3
181,42,1,15.79,50.86,0
181,45,4,12.8,70.32,3
181,47,1,14.7,51.5,1
181,48,8,47.38,296.03,10
181,49,12,17.82,141.9,16
181,50,2,13.19,72.09,1
181,51,3,57.5,167.5,3
181,52,8,13.2,93.21,5
181,54,2,4.53,30.5,4
181,55,2,28.4,62.0,2
181,61,37,68.48,606.21,31
181,62,18,34.81,273.97,13
181,63,2,12.17,58.9,3
181,65,3,5.42,45.0,2
181,66,12,26.73,196.53,12
181,67,1,0.0,25.52,0
181,68,5,27.82,160.82,3
181,69,2,29.64,105.28,1
181,71,7,25.24,146.43,5
181,72,4,15.88,93.9,4
181,74,12,135.53,489.82,11
181,75,2,18.9,78.3,1
181,76,9,56.61,274.6,11
181,79,17,65.25,407.58,10
181,80,5,22.71,120.77,4
181,83,1,9.94,32.28,0
181,85,5,18.41,111.42,1
181,86,1,20.9,61.5,1
181,87,4,14.74,81.3,6
181,88,1,3.84,26.1,2
181,89,49,158.96,905.84,32
181,90,4,21.31,117.89,6
181,91,7,29.98,192.35,5
181,92,1,0.0,52.95,0
181,97,21,17.46,234.48,16
181,98,1,15.06,61.82,0
181,100,2,11.0,84.35,1
181,102,1,7.6,21.5,1
181,106,6,5.26,64.01,3
181,107,4,19.08,99.17,6
181,108,1,9.7,28.5,1
181,112,7,34.19,192.22,1
181,113,4,12.45,100.45,4
181,114,7,31.43,196.58,3
181,116,1,16.41,53.08,0
181,117,3,39.0,180.5,3
181,121,1,11.3,36.5,1
181,123,1,4.47,21.9,1
181,124,1,6.7,29.5,1
181,125,1,3.36,17.0,1
181,129,4,41.79,176.9,7
181,130,1,16.23,62.99,0
181,132,18,259.47,972.67,5
181,133,8,33.69,116.33,5
181,137,10,58.66,287.85,10
181,138,18,213.97,789.62,1
181,140,7,65.1,273.61,6
181,141,10,80.09,376.33,7
181,142,2,15.14,85.91,1
181,144,5,17.78,108.13,5
181,145,1,6.76,35.9,2
181,148,8,27.36,155.23,6
181,149,1,5.83,30.3,1
181,150,1,0.0,40.0,1
181,154,1,7.9,31.7,1
181,155,1,6.58,32.4,1
181,157,5,37.65,153.93,2
181,158,4,18.72,101.95,2
181,161,6,46.44,229.66,6
181,162,5,39.21,128.98,3
181,163,4,33.44,65.53,4
181,164,5,36.18,179.29,3
181,165,4,20.14,98.6,4
181,166,1,0.0,55.17,0
181,167,1,13.03,70.2,1
181,170,5,28.24,160.12,9
181,177,4,15.8,95.6,4
181,181,125,183.57,2384.47,162
181,182,1,0.0,64.24,0
181,186,6,33.25,204.33,5
181,188,30,75.24,464.41,28
181,189,23,22.8,214.99,24
181,190,7,15.69,95.9,6
181,191,3,47.0,152.5,3
181,195,4,6.86,64.9,4
181,198,3,22.57,92.55,0
181,200,3,37.51,203.6,3
181,205,5,109.9,337.5,5
181,209,1,3.92,23.69,0
181,210,3,27.7,98.5,3
181,211,5,18.7,121.97,2
181,215,1,13.0,46.5,1
181,216,4,33.34,217.29,3
181,217,6,17.49,107.24,1
181,218,1,11.8,66.5,1
181,222,2,15.0,52.0,2
181,223,2,21.83,88.6,8
181,224,4,19.35,145.06,2
181,225,11,37.06,230.66,6
181,226,3,22.57,124.3,2
181,227,5,19.84,110.72,2
181,228,10,20.54,170.42,9
181,229,4,33.5,133.42,2
181,230,3,19.71,119.24,3
181,231,13,41.47,272.19,9
181,232,15,78.34,423.6,5
181,233,3,29.16,99.21,1
181,234,3,16.3,80.26,1
181,236,7,69.06,315.29,2
181,237,10,94.38,512.6,9
181,238,5,46.78,268.18,5
181,239,5,59.84,233.72,2
181,241,1,16.9,54.5,1
181,243,2,29.87,126.59,3
181,244,4,35.81,205.47,4
181,246,9,49.47,314.59,6
181,248,1,17.23,54.31,0
181,249,5,19.09,128.12,2
181,252,1,15.74,6.51,0
181,254,1,18.9,59.5,1
181,255,7,34.28,184.73,1
181,256,11,41.9,229.21,4
181,257,11,12.88,137.74,8
181,261,3,11.99,82.93,2
181,262,7,63.99,301.24,5
181,263,5,47.2,195.82,5
182,3,1,3.6,19.5,1
182,7,3,25.02,99.6,3
182,17,2,19.7,99.0,2
182,20,2,4.84,47.61,1
182,32,2,6.11,41.63,1
182,37,1,14.6,52.5,1
182,39,2,34.6,101.0,2
182,41,3,22.1,88.5,3
182,42,9,54.39,253.16,8
182,47,5,10.5,98.5,5
182,48,2,30.7,77.0,2
182,50,1,11.4,38.5,1
182,55,1,0.0,69.5,1
182,61,1,16.4,49.5,1
182,62,1,16.3,49.5,1
182,63,1,13.9,46.5,1
182,65,1,14.9,47.5,1
182,69,1,5.93,22.67,0
182,71,1,17.9,53.5,1
182,72,1,0.0,49.5,1
182,74,7,38.27,192.58,6
182,75,9,32.09,279.27,7
182,76,2,30.1,98.0,2
182,77,3,30.7,139.5,3
182,78,2,3.5,37.0,2
182,79,1,10.2,40.5,1
182,81,1,4.6,20.5,1
182,87,1,13.4,44.5,1
182,89,1,19.5,58.5,1
182,90,1,13.22,44.47,0
182,91,1,16.5,51.5,1
182,93,2,17.03,76.8,2
182,100,1,10.6,39.5,1
182,107,3,40.2,115.5,3
182,108,1,22.7,70.5,1
182,114,2,33.2,81.0,2
182,116,2,5.5,55.5,2
182,119,2,7.5,44.0,2
182,120,1,5.96,22.17,0
182,126,4,14.56,90.42,2
182,129,1,0.0,33.5,1
182,134,1,8.61,33.8,1
182,136,1,2.9,23.5,1
182,137,7,64.98,270.21,5
182,138,1,10.52,37.8,0
182,139,2,29.9,95.0,2
182,140,9,67.0,318.66,8
182,141,1,0.5,32.5,1
182,142,3,31.6,117.5,3
182,147,1,0.0,16.5,0
182,151,1,6.0,34.5,1
182,152,1,6.56,33.62,0
182,159,3,12.54,103.6,1
182,161,3,30.9,108.5,3
182,162,2,23.7,70.0,2
182,163,8,83.3,315.0,8
182,164,2,20.0,75.0,2
182,166,2,15.13,62.36,1
182,167,1,2.2,19.5,1
182,168,2,4.6,52.5,2
182,169,1,2.5,20.5,1
182,170,5,47.2,187.5,5
182,174,1,3.8,22.5,1
182,179,2,6.1,58.0,2
182,182,9,3.34,243.46,11
182,185,2,3.3,37.0,2
182,186,2,22.0,77.0,2
182,188,1,16.4,51.5,1
182,197,1,14.2,37.5,1
182,203,4,14.3,187.5,4
182,208,4,7.9,106.0,4
182,209,1,12.3,42.5,1
182,210,1,20.4,64.5,1
182,213,1,1.54,9.36,0
182,225,2,32.0,99.0,2
182,226,2,24.78,93.44,1
182,228,2,16.7,116.0,2
182,229,1,9.0,34.5,1
182,230,1,0.0,39.5,1
182,231,1,14.6,43.5,1
182,233,2,22.1,80.0,2
182,234,2,12.3,78.5,2
182,235,2,6.0,47.0,2
182,236,1,0.0,30.5,2
182,238,2,17.1,67.0,2
182,239,6,39.0,214.0,6
182,242,8,9.4,117.66,6
182,244,3,15.96,76.4,3
182,246,3,24.6,132.48,1
182,247,1,4.26,21.2,1
182,248,4,3.78,69.66,2
182,249,1,0.0,50.42,0
182,250,1,1.06,7.69,0
182,252,1,4.0,46.5,1
182,259,2,5.4,65.79,1
182,260,1,13.1,34.5,1
182,262,1,8.3,31.5,1
182,263,6,36.7,184.5,6
183,18,1,4.89,0.0,0
183,20,1,0.0,21.5,1
183,35,2,29.1,95.0,2
183,39,1,17.88,64.48,0
183,42,1,8.1,33.5,1
183,48,2,27.4,87.0,2
183,68,2,29.3,91.0,2
183,74,2,14.1,61.0,2
183,75,4,32.07,166.25,3
183,76,1,20.0,60.5,1
183,78,1,4.9,22.5,1
183,85,1,17.2,53.5,1
183,86,3,35.6,174.0,3
183,100,1,13.7,46.5,1
183,108,1,7.8,36.5,1
183,127,1,0.0,40.0,1
183,130,1,0.0,41.41,0
183,137,1,0.0,40.5,1
183,138,1,9.4,36.5,1
183,140,1,0.0,36.5,1
183,141,1,13.3,38.5,1
183,161,1,9.3,39.5,1
183,168,2,5.7,63.12,1
183,197,1,0.0,36.5,1
183,200,1,11.9,41.5,1
183,212,1,0.0,14.74,0
183,223,2,25.2,72.0,2
183,241,1,4.1,33.5,1
183,242,2,3.0,33.0,2
183,244,3,20.85,99.71,2
183,247,1,7.52,29.08,0
183,249,1,12.1,42.5,1
183,254,1,3.9,20.5,1
184,75,1,7.5,34.5,1
184,107,1,12.3,41.5,1
185,3,4,6.09,43.23,2
185,7,1,11.0,36.5,1
185,18,1,2.1,19.5,1
185,20,1,3.12,21.2,1
185,35,1,16.3,51.5,1
185,39,1,17.3,56.5,1
185,41,3,18.4,94.5,3
185,42,5,30.14,155.64,3
185,43,1,9.7,36.5,1
185,47,2,4.2,38.0,2
185,51,5,11.7,96.5,5
185,60,1,0.0,23.99,0
185,61,1,17.4,51.5,1
185,71,1,19.2,55.5,1
185,74,3,13.3,99.5,3
185,78,2,2.1,34.03,1
185,82,1,13.6,36.5,1
185,86,2,39.0,121.0,2
185,89,1,21.7,63.5,1
185,90,1,0.0,45.5,1
185,107,1,8.1,40.5,1
185,121,1,12.3,60.5,1
185,126,1,0.0,24.77,0
185,127,3,11.5,69.5,3
185,131,1,12.4,42.5,1
185,135,1,10.1,33.5,1
185,136,2,14.56,41.72,1
185,137,3,17.1,121.01,2
185,140,2,21.6,79.0,2
185,152,1,6.8,31.5,1
185,153,1,0.0,24.0,1
185,159,1,7.6,31.0,1
185,161,1,12.83,62.43,0
185,162,1,9.8,37.5,1
185,163,1,1.6,38.5,1
185,165,1,24.1,61.5,1
185,167,1,2.6,21.5,1
185,168,15,87.0,444.5,15
185,174,3,3.8,66.69,2
185,177,1,16.3,50.5,1
185,179,1,10.3,36.5,1
185,182,3,8.8,63.5,3
185,185,6,0.0,522.5,6
185,186,1,0.1,41.5,1
185,198,1,14.82,50.47,0
185,208,2,6.11,25.13,0
185,212,3,14.07,57.02,1
185,213,3,13.82,88.52,2
185,229,2,25.48,92.8,2
185,235,1,3.1,22.5,1
185,239,1,10.52,46.29,0
185,241,3,8.83,56.9,3
185,242,5,4.3,116.5,5
185,243,2,5.22,60.56,0
185,244,1,5.0,25.5,1
185,247,1,4.04,25.97,0
185,248,2,4.38,32.0,3
185,250,1,4.1,16.5,1
185,254,6,15.89,101.77,5
186,1,237,3792.53,19844.03,364
186,3,3,48.46,198.0,3
186,4,493,1386.23,8921.56,591
186,6,1,14.85,-62.5,1
186,7,203,1152.62,6118.82,253
186,8,1,9.47,40.8,1
186,9,4,56.37,231.1,6
186,10,11,171.8,596.9,15
186,11,8,119.77,478.01,6
186,12,57,246.65,1331.6,89
186,13,922,3367.11,18609.79,1187
186,14,46,555.14,2350.34,56
186,15,3,43.94,177.1,3
186,16,2,32.7,127.8,2
186,17,51,379.41,2085.6,63
186,18,10,128.11,549.2,13
186,20,9,123.09,518.2,12
186,21,4,59.29,245.8,6
186,22,11,164.54,707.1,12
186,24,152,703.98,3919.7,187
186,25,147,959.93,5048.4,214
186,26,11,123.99,444.9,12
186,28,8,105.58,459.4,13
186,29,2,32.8,146.7,2
186,31,5,74.84,296.1,6
186,32,5,76.13,202.9,5
186,33,156,956.82,4949.04,199
186,34,8,49.1,280.9,8
186,35,10,97.47,530.0,11
186,36,34,263.62,1325.9,51
186,37,73,553.45,2912.69,90
186,38,1,17.4,55.5,1
186,39,8,115.01,518.6,9
186,40,72,501.52,2478.78,88
186,41,277,1544.92,8113.29,333
186,42,216,1461.91,7223.27,260
186,43,786,2070.22,14896.26,1144
186,45,263,895.55,5535.84,355
186,46,1,18.8,86.3,1
186,47,5,59.78,163.7,7
186,48,3466,3828.98,37858.4,4751
186,49,90,619.03,3273.62,120
186,50,1847,2975.29,24372.74,2414
186,51,5,80.3,333.5,5
186,52,61,418.56,2025.0,69
186,53,2,28.79,115.9,2
186,54,20,149.17,725.7,34
186,55,6,111.32,437.3,7
186,56,7,73.86,345.1,8
186,57,1,9.3,49.9,1
186,60,2,26.11,103.3,3
186,61,81,682.07,3368.34,95
186,62,33,290.43,1453.5,51
186,63,1,10.86,54.1,4
186,64,2,33.72,143.9,4
186,65,130,754.26,3900.13,160
186,66,93,557.22,2951.6,111
186,67,7,91.34,401.31,7
186,68,2499,2196.23,20482.57,3287
186,69,19,167.51,793.76,21
186,70,15,141.25,564.7,18
186,71,12,114.73,631.9,15
186,72,5,62.4,305.5,6
186,74,216,1181.46,6045.61,276
186,75,538,2359.62,13779.04,642
186,76,12,137.73,724.1,23
186,77,4,60.97,268.2,8
186,78,3,23.29,143.6,3
186,79,2666,5936.1,41635.65,3415
186,80,84,540.79,2989.24,116
186,82,21,159.84,809.9,30
186,83,11,76.36,302.1,12
186,84,1,22.7,89.8,1
186,85,8,84.83,431.4,10
186,86,2,42.6,145.2,2
186,87,851,3847.98,20953.9,1048
186,88,415,1986.33,10564.59,527
186,89,48,488.66,2261.5,57
186,90,2234,1703.32,15186.74,2893
186,91,11,188.97,815.42,10
186,92,26,324.5,1318.9,32
186,93,2,19.82,90.4,2
186,94,1,12.12,49.9,1
186,95,54,510.64,2363.5,71
186,97,101,615.89,3417.8,135
186,98,5,68.61,167.9,6
186,100,1710,1109.43,14383.47,2258
186,101,2,37.27,153.0,2
186,102,7,60.55,292.6,8
186,106,35,278.07,1464.4,45
186,107,3650,4947.86,40101.63,4572
186,108,4,57.95,223.0,4
186,111,1,7.9,49.2,1
186,112,216,1093.0,6088.98,252
186,113,1852,2953.63,21493.91,2306
186,114,1039,2012.81,14330.65,1360
186,115,2,32.84,132.0,3
186,116,162,1170.53,5457.09,189
186,117,2,36.81,158.8,2
186,118,1,24.27,91.2,1
186,119,9,75.92,180.9,10
186,120,6,58.55,333.62,6
186,121,2,23.3,98.4,3
186,122,1,14.31,61.8,1
186,123,7,98.68,411.8,10
186,124,5,85.56,352.4,6
186,125,836,1717.16,10984.91,1074
186,126,5,50.39,253.0,7
186,127,46,452.47,1970.13,47
186,128,1,10.97,47.1,1
186,129,49,379.05,1888.0,68
186,130,6,83.59,346.3,6
186,131,1,14.31,54.0,0
186,132,509,8679.91,35176.64,801
186,133,29,287.39,1252.7,36
186,134,5,58.6,279.22,4
186,135,10,115.32,409.37,13
186,136,11,122.78,528.4,12
186,137,2673,3263.12,30177.45,3203
186,138,468,4758.99,20633.95,545
186,139,1,17.31,65.3,4
186,140,1609,5024.73,35101.39,1920
186,141,1782,5061.17,34373.18,2219
186,142,1916,3891.38,30216.24,2476
186,143,1224,2957.34,20535.52,1519
186,144,1005,2589.34,17645.27,1382
186,145,221,876.18,4910.03,264
186,146,59,277.11,1586.8,72
186,147,3,25.55,115.4,3
186,148,1002,3007.39,19922.09,1372
186,149,3,39.32,168.6,4
186,151,451,1980.46,11270.16,549
186,152,96,602.12,3023.42,105
186,153,5,59.73,223.4,4
186,154,1,21.1,80.0,0
186,155,4,64.02,262.6,4
186,156,1,22.6,83.5,1
186,157,13,86.69,429.3,14
186,158,1254,1945.37,13908.39,1624
186,159,13,102.29,490.5,26
186,160,19,150.98,641.1,30
186,161,6056,7603.2,73276.0,7699
186,162,3448,5389.74,47698.33,4297
186,163,3365,5112.98,46540.59,4421
186,164,2471,1794.42,21534.51,3109
186,165,17,208.68,871.3,21
186,166,361,1964.01,10061.9,407
186,167,11,123.81,524.6,17
186,168,28,201.45,966.8,38
186,169,2,20.99,91.4,3
186,170,5260,5424.92,54946.8,6529
186,171,11,147.96,644.1,12
186,172,1,17.5,67.4,1
186,173,5,47.8,231.3,5
186,174,6,88.44,369.4,6
186,175,1,14.12,56.9,1
186,177,9,93.49,470.8,9
186,178,1,10.31,42.9,2
186,179,84,499.32,2676.32,106
186,181,261,2037.42,10150.52,322
186,182,12,153.34,642.9,14
186,183,1,16.3,63.2,1
186,184,2,35.44,148.1,2
186,185,21,219.29,1004.8,20
186,186,1558,753.55,20897.49,2019
186,188,56,489.34,2416.38,65
186,189,60,441.26,2362.44,73
186,190,12,101.96,517.1,21
186,191,2,34.1,135.5,3
186,192,2,21.35,92.8,2
186,193,14,56.78,368.7,19
186,194,1,16.22,77.2,1
186,195,32,261.3,1287.3,41
186,196,21,157.0,744.1,22
186,197,3,35.84,167.9,3
186,198,34,266.41,1355.7,47
186,200,38,483.21,1997.0,43
186,201,8,201.0,768.8,11
186,202,34,191.62,1058.9,36
186,205,1,16.5,63.9,1
186,206,2,38.1,150.9,2
186,208,4,62.8,252.1,4
186,209,291,1222.5,6770.0,357
186,210,8,132.96,595.7,9
186,211,848,1914.49,12678.49,1113
186,212,3,33.87,144.1,4
186,213,13,159.85,452.7,15
186,214,2,35.6,166.0,2
186,215,3,37.07,142.4,3
186,216,10,138.52,624.8,12
186,217,27,158.27,692.3,42
186,218,4,67.23,248.8,4
186,219,3,55.22,214.4,5
186,220,29,333.17,1442.7,43
186,221,1,15.69,63.2,2
186,223,120,911.52,4552.4,148
186,224,633,1234.93,8945.05,790
186,225,53,418.97,2128.9,63
186,226,108,554.42,2971.7,124
186,227,11,112.94,500.6,13
186,228,46,417.62,1897.4,62
186,229,1703,3612.81,27712.92,2200
186,230,7085,7491.44,81938.69,9955
186,231,2020,5696.56,34694.22,2554
186,232,473,1734.39,10064.27,598
186,233,2264,3418.47,30123.14,2836
186,234,4642,4393.13,39081.99,5646
186,235,17,166.75,564.9,18
186,236,2097,7210.94,46817.89,2723
186,237,2276,5572.4,41788.58,2940
186,238,1042,3868.41,23319.25,1256
186,239,1644,4891.36,31876.86,2111
186,241,8,107.35,337.7,8
186,242,5,72.77,279.2,7
186,243,102,957.43,4140.03,120
186,244,165,1304.93,5942.71,196
186,246,3213,3167.66,29420.36,4108
186,247,12,114.8,539.3,18
186,248,7,83.24,243.7,7
186,249,2332,3108.7,22580.95,3058
186,250,3,40.6,188.2,3
186,251,4,72.98,292.0,8
186,252,3,43.22,175.6,3
186,254,6,90.13,363.1,8
186,255,179,1095.46,6080.66,229
186,256,146,845.19,4804.6,188
186,257,36,320.38,1326.6,55
186,258,8,94.24,349.0,10
186,259,4,60.76,237.2,4
186,260,30,185.75,914.9,40
186,261,570,2283.68,12876.56,790
186,262,958,3813.65,23331.87,1216
186,263,1224,4632.44,28282.37,1536
187,187,2,0.0,204.85,4
188,10,3,29.0,106.5,3
188,13,1,7.69,44.36,0
188,14,6,40.97,200.2,5
188,16,10,144.5,436.0,10
188,17,9,17.08,185.49,5
188,25,10,36.75,201.89,8
188,26,5,7.44,66.97,5
188,28,1,12.4,35.5,1
188,29,1,7.6,28.5,1
188,32,1,17.7,57.5,1
188,33,10,34.28,219.95,7
188,35,15,29.97,282.46,12
188,36,5,22.79,128.22,3
188,37,3,6.1,71.76,2
188,38,3,42.37,143.32,2
188,39,13,51.0,283.5,13
188,40,1,4.34,24.7,1
188,41,5,66.7,236.5,5
188,42,6,69.5,284.0,6
188,45,3,10.4,166.52,1
188,48,2,9.5,82.37,1
188,49,6,16.2,105.73,4
188,50,1,9.3,32.5,1
188,51,4,70.3,225.0,4
188,52,1,3.7,22.5,1
188,55,2,26.6,77.0,2
188,61,29,48.84,483.75,22
188,62,12,7.99,138.66,11
188,65,15,64.24,324.4,14
188,66,2,8.34,80.71,0
188,68,2,0.0,78.16,0
188,69,6,95.1,294.0,6
188,71,19,24.58,325.26,18
188,72,18,34.68,307.03,16
188,74,2,25.5,90.0,2
188,75,9,95.4,411.18,8
188,76,20,67.43,464.32,20
188,77,1,4.0,20.5,1
188,79,5,23.72,166.54,4
188,80,7,37.89,153.44,4
188,82,5,44.7,169.5,5
188,85,8,6.92,88.62,6
188,87,1,0.0,29.5,1
188,88,4,30.0,107.0,4
188,89,17,20.07,296.55,13
188,90,2,17.9,64.0,2
188,91,12,33.84,241.5,12
188,95,1,7.5,31.5,1
188,97,13,30.33,280.49,10
188,100,12,89.24,423.4,11
188,106,5,12.7,99.5,5
188,107,8,60.4,243.31,6
188,108,1,9.7,32.5,1
188,111,1,2.2,16.5,1
188,112,2,24.0,55.0,2
188,113,3,18.73,98.46,2
188,116,1,15.3,68.58,0
188,117,1,0.0,41.0,1
188,121,1,0.0,42.06,0
188,123,4,17.73,97.04,3
188,125,2,5.89,64.27,0
188,129,1,16.1,39.5,1
188,130,1,10.8,34.5,1
188,132,12,136.75,584.17,2
188,133,1,1.57,14.2,1
188,135,1,10.37,39.82,0
188,137,25,193.58,853.14,22
188,138,12,138.02,557.54,1
188,139,2,11.2,81.0,2
188,140,19,148.5,786.79,18
188,141,3,18.96,128.07,2
188,144,3,27.5,78.5,3
188,145,2,16.42,77.28,0
188,146,1,7.7,33.5,1
188,148,5,23.4,140.95,4
188,149,3,10.73,66.64,1
188,150,1,6.5,28.5,1
188,151,2,22.2,94.0,2
188,152,1,13.46,71.27,0
188,155,2,4.1,46.0,2
188,158,3,23.2,97.6,2
188,159,1,16.9,53.31,0
188,160,2,14.1,65.0,2
188,161,1,0.0,39.22,0
188,162,2,9.5,73.43,1
188,164,1,10.5,35.5,1
188,165,3,6.09,48.17,0
188,167,2,33.3,103.0,2
188,170,13,116.28,489.87,12
188,174,3,63.7,175.5,3
188,177,3,11.1,59.5,3
188,178,2,8.3,48.0,2
188,181,26,48.15,456.47,21
188,182,2,35.0,105.0,2
188,186,5,31.8,188.65,2
188,188,42,25.68,776.9,47
188,189,10,13.82,196.16,8
188,190,5,8.77,52.02,4
188,191,4,43.8,189.0,4
188,192,2,23.5,82.0,2
188,195,5,18.4,114.86,3
188,198,1,4.67,27.14,0
188,205,6,53.56,245.97,5
188,209,1,5.9,31.5,1
188,210,1,6.7,23.5,1
188,211,1,5.49,30.5,0
188,215,3,22.6,114.5,3
188,216,5,36.7,163.5,5
188,217,1,0.0,22.5,1
188,218,10,101.7,398.23,9
188,222,4,11.8,87.15,3
188,225,7,19.4,132.43,6
188,226,4,27.2,132.0,4
188,227,8,24.8,178.81,7
188,228,2,8.59,46.65,0
188,229,1,9.1,38.5,1
188,230,5,41.03,200.2,6
188,231,4,20.58,110.78,3
188,232,5,30.5,146.02,4
188,233,6,62.9,214.0,6
188,236,1,10.3,41.5,1
188,237,1,10.8,35.5,1
188,238,1,11.7,45.5,1
188,242,2,34.62,114.09,1
188,243,2,32.47,116.92,1
188,244,2,33.6,81.0,2
188,246,2,6.44,81.89,0
188,249,1,0.0,40.69,0
188,250,4,72.1,210.0,4
188,254,1,20.7,62.5,1
188,255,3,8.51,106.11,0
188,257,2,2.88,20.0,2
188,261,3,5.3,88.61,2
188,262,5,32.36,203.34,4
189,7,3,18.18,125.61,2
189,10,1,0.0,54.12,0
189,13,2,10.46,53.11,0
189,14,1,0.0,25.45,0
189,17,7,9.48,105.77,3
189,25,9,10.48,100.27,6
189,26,5,20.01,103.14,1
189,33,10,16.46,132.97,7
189,34,1,1.86,17.18,0
189,35,3,12.36,21.5,3
189,36,1,4.84,25.85,0
189,37,5,11.7,99.82,2
189,39,2,10.4,47.0,2
189,40,3,4.15,44.39,4
189,41,1,0.0,51.61,0
189,45,2,7.46,43.14,0
189,48,3,16.22,129.9,1
189,49,3,3.23,38.78,2
189,50,1,7.35,40.79,0
189,52,2,4.56,32.87,1
189,54,1,2.02,14.2,1
189,61,16,20.83,191.86,17
189,62,1,1.83,10.7,1
189,63,2,5.8,60.1,2
189,65,3,3.1,38.89,2
189,66,4,10.29,76.41,4
189,68,3,17.26,99.23,2
189,69,1,0.0,44.5,1
189,71,1,3.09,14.52,0
189,72,1,2.6,23.5,1
189,74,1,12.18,43.4,0
189,75,2,0.0,81.97,1
189,76,5,31.12,124.9,5
189,79,6,21.37,162.27,5
189,80,3,10.68,58.3,3
189,82,1,7.91,63.14,0
189,83,1,8.01,30.98,0
189,85,2,5.11,29.1,3
189,87,1,4.67,22.39,0
189,88,1,4.59,28.9,1
189,89,4,13.43,69.4,5
189,90,2,10.83,56.99,1
189,97,11,9.69,109.42,14
189,106,4,5.5,40.41,2
189,107,6,25.62,147.3,6
189,112,4,21.57,83.03,2
189,113,2,9.98,48.12,2
189,114,2,3.96,46.01,0
189,116,3,24.4,104.5,3
189,121,1,12.5,42.5,1
189,123,1,4.9,24.5,1
189,125,1,4.35,24.84,0
189,132,13,167.26,729.08,3
189,133,1,2.85,16.3,1
189,137,2,10.9,53.0,2
189,138,13,132.19,573.46,0
189,140,9,76.87,344.62,3
189,142,1,9.76,51.3,1
189,143,3,33.74,157.11,1
189,144,3,9.4,56.77,2
189,145,1,6.75,29.36,0
189,148,2,7.3,66.75,1
189,151,1,11.48,1.09,0
189,161,3,24.81,113.79,1
189,162,1,7.4,30.5,1
189,165,2,10.5,49.0,2
189,170,5,24.85,149.24,3
189,178,1,5.42,28.92,0
189,179,1,11.46,56.2,1
189,181,30,34.26,348.45,34
189,186,1,5.6,31.57,0
189,188,6,10.23,79.52,5
189,189,18,2.64,666.93,15
189,190,2,3.77,24.9,2
189,195,2,3.04,30.64,0
189,197,1,9.07,49.9,2
189,198,1,3.89,24.24,0
189,211,2,7.61,43.54,1
189,218,1,10.5,37.5,1
189,224,1,6.0,31.7,1
189,225,8,21.13,136.81,5
189,228,1,2.88,15.82,0
189,229,1,8.5,37.3,1
189,230,2,14.94,82.71,1
189,231,2,7.69,44.89,1
189,232,2,3.64,40.9,1
189,233,4,22.11,148.25,2
189,234,4,23.85,125.99,2
189,236,1,9.6,39.5,1
189,238,1,12.0,40.5,1
189,239,2,12.4,98.11,1
189,242,9,65.0,477.0,9
189,244,1,14.5,49.5,1
189,246,3,22.15,103.62,2
189,255,2,7.7,50.57,1
189,256,3,9.42,60.28,2
189,260,3,28.94,128.91,2
189,261,1,4.15,22.6,1
189,262,4,38.2,166.2,4
189,263,2,20.89,80.55,1
190,14,1,0.0,28.5,1
190,21,1,5.2,27.61,0
190,33,1,4.1,17.12,0
190,39,1,4.57,26.3,0
190,40,1,2.62,18.4,2
190,42,1,0.0,50.0,1
190,48,1,8.27,54.8,1
190,50,1,9.57,50.38,0
190,61,4,9.06,59.82,3
190,63,1,6.33,30.59,0
190,68,1,0.0,36.53,0
190,72,1,4.16,26.59,0
190,76,1,3.28,17.0,1
190,77,2,7.4,47.0,2
190,79,1,4.83,27.53,0
190,80,1,4.39,24.7,3
190,82,1,12.29,59.59,0
190,89,3,5.23,34.9,4
190,97,1,1.1,8.6,2
190,113,2,10.13,53.19,1
190,132,2,24.46,104.17,0
190,137,1,6.1,35.9,1
190,139,1,0.0,41.5,1
190,142,1,9.1,32.5,1
190,162,1,9.7,47.1,1
190,177,1,3.28,-17.0,1
190,181,4,5.25,52.6,4
190,186,1,8.14,42.9,1
190,188,3,5.16,43.6,3
190,189,1,0.76,5.8,1
190,190,4,0.86,67.5,3
190,195,2,5.96,0.0,2
190,228,1,4.57,21.28,0
190,237,1,7.68,48.5,1
190,241,1,16.7,51.5,1
190,261,1,7.04,43.6,1
191,9,1,3.2,21.5,1
191,11,1,18.1,56.5,1
191,14,1,23.7,61.5,1
191,15,1,6.2,49.5,1
191,17,1,14.1,45.5,1
191,18,1,16.17,47.71,0
191,19,3,2.8,54.0,3
191,28,3,15.27,63.35,2
191,33,1,28.4,50.5,1
191,35,1,13.0,43.5,1
191,36,2,20.8,73.0,2
191,37,1,5.2,37.5,1
191,38,5,5.4,81.75,4
191,41,4,59.4,189.0,4
191,42,9,137.9,432.5,9
191,45,2,35.1,109.0,2
191,48,2,33.34,127.4,2
191,52,4,69.95,326.0,0
191,53,1,0.0,38.5,1
191,55,4,77.8,231.0,4
191,56,2,10.6,62.0,2
191,61,3,44.1,127.5,3
191,63,1,0.0,35.24,0
191,65,3,40.9,147.5,3
191,68,1,15.5,53.5,1
191,71,1,0.0,44.0,1
191,73,1,0.0,17.79,0
191,74,3,32.9,149.5,3
191,75,6,90.3,296.0,6
191,76,2,12.6,77.0,2
191,86,1,0.0,32.5,1
191,87,1,16.4,62.5,1
191,89,7,110.4,362.5,7
191,90,1,15.7,53.5,1
191,91,2,26.0,92.0,2
191,92,1,6.2,26.5,1
191,95,5,33.04,136.33,4
191,97,2,28.9,94.0,2
191,101,1,2.6,21.5,1
191,107,7,95.1,322.5,7
191,108,1,18.5,53.5,1
191,116,5,78.8,247.5,5
191,117,5,49.41,163.0,4
191,121,1,3.3,21.5,1
191,122,2,3.0,35.0,2
191,124,1,10.3,39.67,0
191,125,1,14.7,51.5,1
191,127,1,18.8,53.5,1
191,129,1,7.1,33.5,1
191,130,11,31.51,225.3,7
191,131,5,9.58,90.38,4
191,132,12,94.76,376.85,5
191,135,1,0.0,27.44,0
191,137,3,42.6,138.5,3
191,138,1,10.6,34.38,0
191,139,2,5.2,39.0,2
191,140,7,43.8,374.5,7
191,142,1,16.4,47.5,1
191,143,1,16.8,49.5,1
191,148,1,16.8,54.5,1
191,151,3,32.9,154.5,3
191,152,1,15.9,49.5,1
191,160,1,13.7,40.5,1
191,161,2,34.2,96.0,2
191,162,2,30.0,93.0,2
191,166,3,29.5,148.5,3
191,170,2,30.2,93.0,2
191,171,1,13.8,33.5,1
191,173,1,8.4,32.5,1
191,175,1,0.0,23.32,0
191,177,1,0.0,36.5,1
191,181,2,22.0,95.0,2
191,191,17,15.02,452.1,18
191,192,1,6.2,38.5,1
191,193,2,24.8,93.0,2
191,194,1,0.2,49.5,1
191,196,1,11.3,28.5,1
191,197,4,15.04,109.54,1
191,198,2,20.4,71.0,2
191,201,1,15.7,58.5,1
191,205,3,4.6,54.08,2
191,213,1,17.8,40.5,1
191,215,2,8.08,46.52,1
191,218,2,9.39,49.86,1
191,219,4,20.93,98.9,4
191,220,1,22.0,54.5,1
191,222,7,68.5,264.0,7
191,223,2,10.5,73.36,1
191,225,1,0.5,39.5,1
191,226,1,11.58,37.96,0
191,229,3,38.1,147.5,3
191,232,1,13.9,48.5,1
191,234,1,0.0,45.5,1
191,236,2,32.4,101.0,2
191,237,2,25.4,102.0,2
191,238,2,17.6,102.0,2
191,243,2,37.4,107.0,2
191,244,2,34.3,102.0,2
191,246,1,19.7,152.0,1
191,252,2,15.4,55.39,1
191,263,2,33.45,124.3,2
192,7,1,6.7,33.1,1
192,15,1,5.31,22.6,1
192,35,1,8.4,35.5,1
192,36,1,7.45,29.79,0
192,55,1,19.0,53.5,1
192,56,2,2.3,38.5,2
192,63,1,7.8,29.5,1
192,68,1,24.94,70.0,2
192,74,1,9.5,35.5,1
192,78,1,9.0,42.5,1
192,82,3,7.03,61.96,2
192,89,4,39.0,194.0,4
192,92,4,4.06,39.9,5
192,95,2,5.4,43.0,2
192,98,4,8.2,79.0,4
192,101,1,7.01,25.55,0
192,121,2,3.6,27.9,2
192,129,3,16.19,77.97,1
192,130,1,3.1,22.5,1
192,131,1,4.2,23.5,1
192,132,4,36.07,151.87,3
192,134,1,3.7,21.5,1
192,135,2,2.5,34.0,2
192,137,1,11.3,34.5,1
192,140,1,11.3,39.5,1
192,143,1,10.94,47.74,0
192,144,1,9.4,35.5,1
192,148,1,10.04,29.88,0
192,171,1,2.5,20.5,1
192,173,2,5.37,39.97,1
192,188,1,12.7,42.5,1
192,192,4,0.08,73.0,6
192,217,1,8.4,32.5,1
192,229,1,13.9,54.8,1
192,231,1,11.8,37.5,1
192,238,2,26.3,110.87,0
192,242,1,7.5,31.5,1
192,255,2,18.4,63.0,2
192,260,2,12.16,47.91,1
193,3,1,11.14,37.73,0
193,4,2,5.76,44.33,1
193,7,68,29.09,381.38,62
193,10,2,25.3,81.0,2
193,17,1,4.55,41.34,0
193,20,1,0.0,39.0,2
193,28,1,10.0,35.5,1
193,31,1,10.33,45.0,1
193,33,4,12.3,134.0,4
193,35,1,11.6,47.1,1
193,39,6,41.9,284.0,6
193,41,2,10.14,55.48,1
193,42,3,13.1,90.97,2
193,45,5,34.09,148.0,5
193,48,1,4.21,21.9,1
193,49,2,11.69,57.75,1
193,50,1,0.0,20.35,0
193,51,1,9.5,41.5,1
193,53,1,9.85,33.6,0
193,55,1,18.6,46.5,1
193,56,1,0.0,28.05,0
193,61,3,5.8,111.76,1
193,62,3,10.8,85.5,3
193,63,1,6.7,35.5,1
193,65,1,5.5,33.5,1
193,66,1,8.97,35.9,3
193,68,13,64.64,292.76,16
193,69,1,6.74,32.4,1
193,70,2,8.9,47.3,4
193,72,3,39.1,94.5,3
193,74,4,22.43,108.59,2
193,75,4,13.72,83.6,6
193,76,9,63.8,420.0,9
193,79,7,35.58,203.93,2
193,80,2,3.21,53.41,1
193,82,5,27.87,70.6,5
193,83,1,2.93,20.5,2
193,86,1,19.0,56.5,1
193,87,1,6.6,30.06,0
193,88,1,8.04,33.8,1
193,89,2,20.81,75.77,1
193,90,1,0.0,23.5,1
193,92,1,0.0,26.96,0
193,93,2,15.26,68.3,4
193,95,4,27.59,174.33,0
193,96,1,11.7,47.5,1
193,100,4,9.5,79.11,1
193,107,7,27.33,159.31,6
193,113,3,4.9,74.23,2
193,114,1,4.4,28.01,0
193,116,1,7.8,36.6,1
193,117,1,17.5,50.5,1
193,120,1,7.3,33.5,1
193,122,1,13.12,54.1,1
193,125,1,4.38,32.4,1
193,127,1,10.4,34.5,1
193,129,15,53.99,358.47,8
193,130,2,23.2,78.0,2
193,131,1,11.6,34.57,0
193,132,23,340.59,1396.24,52
193,134,3,8.8,111.2,1
193,135,1,9.53,38.7,1
193,137,8,33.8,133.88,6
193,138,9,48.76,244.89,7
193,139,3,50.2,163.5,3
193,140,9,16.39,165.76,7
193,141,5,9.55,102.6,5
193,142,1,3.6,28.9,1
193,143,1,4.79,33.1,1
193,144,1,5.49,26.1,1
193,145,59,84.19,635.81,28
193,146,23,25.68,209.43,22
193,147,1,8.3,35.9,1
193,148,4,20.3,121.15,1
193,151,1,2.91,17.7,1
193,152,2,12.5,56.0,2
193,159,1,0.0,31.61,0
193,160,2,13.03,58.06,1
193,161,4,14.83,94.41,3
193,162,2,5.59,36.65,1
193,163,4,13.26,83.7,6
193,164,1,3.81,18.1,0
193,165,1,12.8,46.5,1
193,168,3,17.01,36.6,3
193,170,21,66.01,346.01,19
193,173,1,5.42,34.62,0
193,177,2,0.0,56.0,2
193,179,15,21.45,154.53,14
193,186,10,32.02,276.86,7
193,187,1,24.53,101.7,1
193,188,1,8.58,49.1,0
193,191,2,28.8,86.0,2
193,192,1,8.23,29.33,0
193,193,1589,176.55,5486.35,1737
193,196,6,43.5,227.4,2
193,197,1,7.4,46.5,1
193,198,3,12.5,91.0,1
193,202,10,11.42,121.08,8
193,205,1,13.1,42.5,1
193,212,1,12.36,48.5,1
193,213,1,9.16,49.24,0
193,215,2,22.96,45.08,0
193,216,1,11.94,-53.4,3
193,218,1,12.3,41.5,1
193,219,1,11.94,53.4,3
193,222,1,16.9,50.5,1
193,223,20,39.51,310.91,19
193,225,2,4.44,52.46,1
193,226,7,11.82,89.87,7
193,229,2,3.8,23.5,2
193,230,5,18.84,112.47,5
193,232,3,21.97,84.6,3
193,233,10,35.13,214.58,1
193,234,1,5.27,31.7,1
193,236,9,34.69,228.87,2
193,237,5,12.17,135.9,6
193,238,1,5.28,26.1,1
193,244,3,27.4,112.69,2
193,246,2,9.96,50.1,2
193,254,1,14.22,62.5,2
193,255,5,15.01,85.7,6
193,256,4,11.61,84.54,2
193,258,2,16.0,66.0,2
193,259,1,12.55,47.26,0
193,260,6,19.26,104.88,10
193,261,2,9.79,68.98,0
193,262,3,10.99,60.69,1
193,263,3,10.82,77.3,0
194,8,1,1.51,-75.0,4
194,17,1,0.0,37.5,1
194,35,1,14.9,50.5,1
194,41,1,3.05,70.0,1
194,42,1,2.92,70.0,1
194,43,2,5.22,103.0,2
194,50,1,12.65,70.0,2
194,72,1,19.55,56.57,0
194,74,2,1.57,93.4,3
194,75,4,9.56,79.3,4
194,93,2,15.92,61.3,7
194,97,1,10.6,38.5,1
194,100,2,16.96,0.0,2
194,116,1,2.9,24.5,1
194,129,1,5.5,25.4,1
194,132,4,46.3,284.4,4
194,138,4,27.42,180.7,3
194,140,1,3.66,70.0,2
194,141,5,24.78,317.6,7
194,143,1,7.03,36.31,0
194,151,1,4.58,26.1,1
194,161,2,12.52,96.1,3
194,163,1,5.55,70.0,2
194,166,2,8.06,140.0,3
194,174,1,8.56,33.8,1
194,179,1,5.76,28.9,1
194,183,1,7.41,28.9,2
194,184,1,11.23,52.0,1
194,186,2,16.84,0.0,2
194,194,7,0.83,248.1,11
194,197,1,9.61,39.4,1
194,209,1,10.08,46.4,1
194,223,1,1.51,75.0,4
194,229,2,10.05,93.3,2
194,230,1,6.61,70.0,2
194,233,1,5.71,24.0,1
194,235,1,2.72,25.0,0
194,236,4,14.72,175.3,2
194,237,2,9.48,93.56,1
194,238,3,14.51,164.09,3
194,239,4,19.0,280.0,6
194,243,2,11.79,91.2,3
194,244,4,20.4,206.1,10
194,262,4,13.14,239.49,6
194,263,7,25.56,413.54,8
195,1,7,145.55,808.8,17
195,4,1,0.0,28.41,0
195,7,2,9.4,73.0,2
195,10,2,52.04,202.7,4
195,14,3,19.6,78.3,3
195,16,1,19.39,75.1,1
195,17,3,11.55,91.46,2
195,23,1,13.42,52.0,4
195,25,10,20.26,182.55,10
195,26,2,4.9,43.0,2
195,32,2,36.45,141.8,3
195,33,7,12.19,88.81,4
195,35,5,25.1,137.5,5
195,37,2,12.87,36.3,0
195,40,4,4.13,48.21,2
195,42,1,14.22,61.8,1
195,45,1,5.26,31.7,1
195,48,7,59.34,288.4,19
195,49,4,15.47,92.14,6
195,50,3,14.66,94.03,2
195,51,1,8.0,60.5,1
195,52,3,5.59,35.74,4
195,53,1,17.29,51.44,0
195,54,1,6.56,28.9,2
195,55,4,30.41,140.28,3
195,61,3,14.42,76.02,1
195,62,7,23.79,173.06,0
195,65,3,9.03,51.7,3
195,68,9,66.57,347.35,13
195,69,1,13.4,44.5,1
195,70,2,23.43,121.5,3
195,72,4,17.24,118.2,4
195,74,1,11.87,56.9,0
195,75,1,9.2,38.5,1
195,76,1,0.0,57.5,1
195,77,1,7.41,43.6,1
195,79,1,5.4,27.5,1
195,80,1,6.41,26.8,2
195,82,1,22.1,28.5,1
195,83,1,8.91,70.0,2
195,88,1,2.41,70.0,2
195,89,5,25.06,108.06,7
195,90,1,6.47,31.7,1
195,95,1,13.47,56.2,2
195,97,2,6.78,43.59,1
195,100,3,19.37,86.6,4
195,106,2,3.3,45.0,2
195,107,2,13.75,53.73,0
195,108,3,25.74,113.22,3
195,111,1,21.5,89.8,1
195,112,1,8.32,32.43,0
195,116,1,12.7,42.5,1
195,124,1,18.8,60.5,1
195,126,1,18.7,48.5,1
195,132,19,485.89,1636.3,39
195,135,1,13.7,58.3,2
195,137,2,5.8,59.0,2
195,138,22,301.13,1417.23,43
195,140,3,10.01,110.4,3
195,141,2,19.38,78.5,2
195,142,2,18.55,125.7,3
195,143,1,11.17,50.6,2
195,144,1,5.64,35.9,1
195,149,1,7.53,34.5,3
195,150,1,0.0,40.5,1
195,151,1,8.75,47.48,0
195,155,1,0.0,47.5,1
195,157,1,10.23,32.54,0
195,158,2,9.53,43.48,1
195,160,1,10.88,46.4,1
195,162,3,25.08,121.1,7
195,163,1,9.6,44.3,2
195,164,3,34.4,41.5,5
195,165,1,4.0,23.5,1
195,170,3,25.78,120.3,3
195,173,2,28.6,125.0,3
195,177,2,4.8,52.0,2
195,179,1,10.7,39.5,1
195,181,5,11.72,87.0,6
195,186,5,42.26,240.9,13
195,188,1,4.06,19.1,1
195,191,2,48.48,186.6,3
195,195,32,29.13,727.83,42
195,201,3,21.6,169.5,3
195,202,2,23.02,110.13,3
195,205,1,16.9,68.5,1
195,209,3,9.8,144.65,7
195,210,1,10.4,37.5,1
195,216,4,92.24,353.0,5
195,222,1,19.75,73.7,1
195,224,2,15.44,76.7,3
195,225,3,10.3,78.07,2
195,226,5,39.18,217.72,5
195,227,1,3.53,35.58,0
195,228,2,7.8,41.7,2
195,230,6,48.16,279.96,10
195,231,2,6.73,11.09,0
195,236,1,10.99,70.0,4
195,238,1,12.68,65.3,1
195,239,2,23.5,113.1,4
195,243,2,33.11,120.65,3
195,246,1,7.08,31.0,3
195,249,3,16.48,82.2,5
195,255,1,6.17,29.6,3
195,257,1,2.1,10.7,1
195,260,1,9.89,45.0,2
195,261,7,9.61,162.5,9
195,262,2,23.61,112.4,2
196,7,1,6.73,31.7,1
196,9,1,4.4,19.01,0
196,10,1,6.1,28.5,1
196,13,1,21.1,39.5,1
196,15,1,7.98,29.05,0
196,18,3,37.1,132.5,3
196,25,2,20.35,74.3,2
196,28,4,14.74,108.46,3
196,29,1,15.35,55.93,0
196,35,2,13.83,66.67,1
196,36,1,8.46,32.56,0
196,37,1,3.6,26.5,1
196,39,1,9.0,34.5,1
196,48,1,7.9,32.5,1
196,51,1,9.4,36.5,1
196,55,2,31.13,53.39,1
196,56,2,1.25,19.71,1
196,63,1,7.4,32.5,1
196,65,1,9.2,43.6,3
196,68,1,8.04,70.0,2
196,69,1,7.5,31.7,1
196,70,2,4.8,51.0,2
196,73,2,9.75,47.2,2
196,75,3,30.6,116.5,3
196,76,4,31.95,125.08,3
196,79,1,15.0,30.5,1
196,80,1,3.8,36.5,1
196,82,4,4.8,51.23,4
196,83,2,3.77,31.7,2
196,85,1,9.1,32.5,1
196,86,1,12.4,40.5,1
196,89,2,9.4,85.0,2
196,90,5,39.69,311.5,6
196,92,1,4.06,23.09,0
196,93,2,1.9,0.0,2
196,94,1,0.0,46.0,1
196,95,27,59.47,408.49,23
196,96,1,2.1,22.5,1
196,107,1,7.4,30.5,1
196,112,1,5.17,21.2,5
196,116,3,36.7,118.91,2
196,125,2,19.34,115.7,3
196,129,2,3.45,38.88,0
196,130,1,5.23,20.68,0
196,132,18,165.76,1089.4,29
196,134,6,26.03,91.3,5
196,135,2,7.63,38.77,1
196,137,3,21.67,175.98,2
196,140,1,8.57,37.47,0
196,141,1,7.5,33.1,1
196,142,1,7.1,32.5,1
196,145,2,9.85,103.4,2
196,146,2,8.5,51.0,2
196,157,2,2.36,27.69,1
196,160,5,3.55,48.08,4
196,162,4,31.91,209.7,7
196,163,3,23.72,176.54,3
196,164,4,28.64,140.0,4
196,170,6,45.68,239.6,5
196,173,1,1.4,17.5,1
196,188,1,10.56,39.49,0
196,191,1,7.5,30.5,1
196,192,1,2.2,18.5,1
196,196,26,6.12,755.1,30
196,197,2,8.65,47.41,1
196,198,1,3.42,15.6,1
196,205,2,16.7,58.0,2
196,209,2,20.95,111.96,1
196,210,1,11.5,42.5,1
196,211,1,9.58,70.0,1
196,213,1,6.8,16.5,1
196,215,2,10.1,55.0,2
196,216,5,21.61,116.21,6
196,218,1,7.7,30.5,1
196,219,1,11.3,47.8,1
196,220,1,12.7,42.5,1
196,223,1,7.57,31.7,1
196,226,4,16.62,88.91,3
196,229,1,8.2,32.5,1
196,230,2,16.34,140.0,3
196,231,2,21.8,105.5,2
196,232,1,7.56,70.0,1
196,233,2,7.13,65.6,2
196,236,1,7.6,30.5,1
196,237,2,15.62,99.5,2
196,238,3,30.6,126.5,3
196,244,1,12.16,53.82,0
196,258,2,9.2,43.0,2
196,260,1,3.22,20.5,1
196,261,1,13.34,53.34,0
196,262,1,0.0,36.0,1
197,1,1,39.4,167.2,1
197,4,1,14.6,70.0,2
197,10,2,4.77,24.2,2
197,11,6,96.9,315.0,6
197,17,1,6.6,29.5,1
197,19,9,61.89,267.91,8
197,25,3,17.1,103.5,3
197,28,2,2.1,33.0,2
197,30,1,6.97,32.4,1
197,33,1,0.0,53.39,0
197,35,3,18.09,86.83,1
197,37,1,11.51,43.79,0
197,38,1,9.57,30.45,0
197,39,1,4.5,25.5,1
197,41,3,37.04,151.1,3
197,42,2,31.1,83.0,2
197,45,5,48.53,235.56,4
197,49,2,17.6,66.0,2
197,51,1,22.6,45.5,1
197,53,1,8.54,34.22,0
197,57,2,8.5,75.53,1
197,61,2,20.45,80.2,3
197,62,1,7.0,29.5,1
197,63,1,3.9,28.5,1
197,64,3,23.5,97.5,3
197,65,3,32.0,113.5,3
197,68,7,72.3,283.5,7
197,69,1,12.7,43.5,1
197,71,3,32.24,121.86,2
197,72,2,12.3,56.0,2
197,74,5,53.4,215.5,5
197,75,8,94.8,347.15,7
197,76,8,40.12,201.33,6
197,77,2,13.98,50.69,1
197,82,2,6.1,54.57,0
197,86,2,18.5,69.0,2
197,87,3,38.5,130.5,3
197,88,5,82.5,243.5,5
197,89,1,9.4,39.5,1
197,90,1,13.5,38.5,1
197,91,1,13.97,46.99,0
197,92,2,11.46,52.7,2
197,95,5,11.33,94.9,10
197,96,2,3.4,62.0,2
197,97,1,7.7,28.5,1
197,100,1,17.4,33.5,1
197,101,2,19.89,81.72,1
197,102,4,9.77,75.3,3
197,106,3,31.2,179.8,6
197,107,1,8.9,36.5,1
197,117,2,34.0,79.0,2
197,121,5,15.74,103.34,3
197,122,3,7.1,60.5,3
197,123,2,34.1,89.0,2
197,127,1,18.19,52.35,0
197,129,1,0.0,32.5,0
197,130,12,15.38,226.0,9
197,131,1,6.5,29.5,1
197,132,57,247.56,3847.87,106
197,134,6,10.79,75.37,4
197,137,4,41.5,150.0,4
197,138,3,30.19,110.5,4
197,139,2,3.8,52.13,1
197,140,4,44.2,175.0,4
197,141,2,36.72,140.0,2
197,145,1,8.81,43.47,0
197,150,1,14.96,53.32,0
197,152,4,31.3,189.72,3
197,155,1,3.2,30.5,1
197,157,1,7.33,30.15,0
197,160,1,3.96,28.72,0
197,162,4,28.6,144.0,4
197,163,3,38.83,189.4,3
197,164,4,48.1,141.0,4
197,168,1,13.39,49.98,0
197,170,3,34.51,139.0,3
197,177,1,0.0,27.5,2
197,180,2,5.0,33.38,1
197,181,3,25.3,103.5,3
197,182,1,11.3,38.5,1
197,188,2,18.59,76.79,1
197,191,1,7.1,29.5,1
197,193,1,10.17,42.3,0
197,196,2,6.35,45.34,1
197,197,95,30.69,2874.96,114
197,203,18,119.6,542.41,16
197,205,1,3.8,24.5,1
197,215,10,11.89,288.55,8
197,216,43,54.27,1018.91,33
197,218,2,7.04,42.2,2
197,219,2,9.86,31.23,0
197,220,1,18.23,51.18,0
197,222,1,5.2,25.5,1
197,225,1,6.1,30.5,1
197,231,3,32.3,128.5,3
197,234,1,10.1,41.5,1
197,237,1,14.54,-1.65,0
197,242,12,135.7,500.5,12
197,244,2,31.14,93.47,1
197,248,2,25.28,96.7,2
197,252,1,8.21,33.8,2
197,258,10,12.59,151.0,10
197,260,1,6.95,27.17,0
197,263,5,48.0,217.91,4
198,7,4,21.51,127.11,1
198,10,1,8.92,36.23,0
198,13,1,10.22,39.18,0
198,14,1,17.6,39.5,1
198,17,3,6.07,51.25,0
198,22,2,31.64,102.38,1
198,25,2,8.66,58.23,1
198,28,1,6.56,25.98,0
198,29,1,15.5,22.5,1
198,36,5,5.04,83.74,3
198,37,5,9.23,97.86,2
198,41,1,10.44,47.98,0
198,42,1,16.95,46.9,0
198,45,1,6.59,31.43,0
198,49,3,10.77,58.46,2
198,50,1,7.4,47.31,0
198,56,1,4.1,23.5,1
198,61,3,9.53,65.38,1
198,62,1,7.69,43.63,0
198,74,3,38.7,127.68,2
198,75,2,20.77,77.36,1
198,76,6,20.88,122.5,6
198,79,1,5.21,29.13,0
198,80,10,23.18,186.53,7
198,82,1,2.79,20.18,0
198,83,1,3.72,25.83,0
198,88,1,6.7,29.5,1
198,89,3,19.49,97.58,1
198,90,1,9.34,40.99,0
198,95,2,8.15,41.8,2
198,97,2,4.55,53.82,1
198,98,2,19.43,73.09,0
198,100,1,8.3,41.6,0
198,101,1,10.8,39.5,1
198,102,6,4.86,91.82,2
198,106,1,6.27,45.85,0
198,112,4,6.63,85.97,0
198,116,2,28.5,80.0,2
198,132,2,16.95,73.87,1
198,137,4,27.34,116.42,3
198,138,6,50.38,200.09,1
198,140,2,12.9,56.0,2
198,141,3,14.31,94.42,1
198,142,2,16.44,75.34,0
198,144,1,4.91,27.96,0
198,145,3,22.38,56.65,1
198,148,3,15.99,84.57,0
198,157,3,7.56,52.9,3
198,160,3,5.76,16.5,3
198,161,1,12.53,38.0,2
198,162,2,7.31,57.96,1
198,165,1,7.8,29.5,1
198,166,1,12.99,53.99,0
198,167,1,23.07,63.95,0
198,170,7,44.49,212.53,6
198,173,1,1.3,28.5,1
198,177,1,0.02,4.4,1
198,179,1,6.84,30.27,0
198,181,3,17.13,86.69,2
198,182,1,16.8,42.5,1
198,189,2,10.03,59.85,1
198,190,1,5.96,29.78,0
198,198,21,6.51,497.29,17
198,209,1,5.0,22.5,1
198,216,1,6.51,27.45,0
198,223,1,11.53,45.33,0
198,225,8,16.61,140.84,4
198,226,5,14.88,108.73,4
198,228,3,23.5,112.5,3
198,234,2,14.08,67.4,1
198,244,1,9.6,41.5,1
198,249,1,0.0,47.9,0
198,252,1,11.26,2.19,0
198,255,5,14.93,111.7,2
198,256,9,21.35,173.25,8
198,258,3,5.09,60.73,1
198,260,1,4.38,36.52,0
198,263,1,7.18,30.74,0
199,138,2,0.4,7.4,2
200,17,1,16.5,56.5,1
200,24,1,3.13,13.5,1
200,41,1,0.0,30.5,1
200,42,1,17.0,33.5,1
200,43,2,18.48,79.13,1
200,48,4,48.6,162.0,4
200,50,2,23.2,75.0,2
200,69,1,8.39,27.75,0
200,74,3,26.5,100.5,3
200,75,1,7.7,36.5,1
200,95,1,14.5,49.5,1
200,100,4,50.1,162.0,4
200,116,1,8.9,27.5,1
200,119,1,7.0,29.5,1
200,129,1,13.1,43.5,1
200,130,2,24.3,107.0,2
200,137,2,12.1,89.5,2
200,140,2,22.6,79.0,2
200,141,2,18.5,76.0,2
200,142,1,11.5,38.5,1
200,150,1,28.6,76.5,1
200,152,2,7.79,32.6,2
200,154,1,28.2,76.5,1
200,161,3,16.1,116.0,3
200,162,1,10.3,36.5,1
200,163,1,0.0,39.5,1
200,164,1,11.3,38.5,1
200,166,2,14.74,59.9,2
200,170,1,11.6,37.5,1
200,200,10,4.73,411.99,11
200,209,1,14.3,48.5,1
200,220,1,0.5,5.8,4
200,225,1,18.4,56.5,1
200,228,1,0.0,54.0,1
200,230,5,36.4,199.0,5
200,233,2,16.0,84.0,2
200,234,2,25.2,82.0,2
200,235,1,5.81,29.45,0
200,236,2,20.6,71.0,2
200,237,4,40.02,156.38,3
200,238,2,15.2,63.0,2
200,239,3,17.33,78.35,1
200,240,1,0.9,30.5,1
200,241,1,2.59,12.1,1
200,242,2,11.55,50.73,1
200,243,3,7.86,47.63,1
200,244,5,23.06,105.8,5
200,247,1,14.71,55.5,1
200,248,1,0.9,32.5,1
200,254,1,4.95,30.82,0
200,260,1,13.0,44.5,1
201,7,1,15.5,30.5,1
201,10,1,9.0,37.5,1
201,16,1,0.0,74.98,0
201,26,1,22.5,53.5,1
201,27,1,5.33,19.68,0
201,28,1,9.8,40.5,1
201,30,1,2.62,13.5,2
201,39,1,9.32,30.08,0
201,41,1,21.0,61.5,1
201,42,1,17.3,64.5,1
201,47,1,0.1,76.5,1
201,49,2,26.7,81.0,2
201,61,2,22.8,77.0,2
201,63,2,7.9,63.0,2
201,69,1,11.7,65.5,1
201,74,1,20.3,71.5,1
201,75,1,8.7,64.5,1
201,76,1,9.0,33.5,1
201,80,2,34.6,129.0,2
201,86,1,4.3,23.5,1
201,88,3,73.1,183.5,3
201,90,1,16.5,66.5,1
201,93,1,14.1,46.5,1
201,98,2,36.11,123.33,1
201,117,7,12.61,82.01,3
201,129,1,17.6,49.5,1
201,130,3,21.9,112.5,3
201,132,1,12.9,44.5,1
201,136,1,15.7,70.5,1
201,137,2,39.9,119.0,2
201,140,1,0.0,73.0,1
201,141,1,16.3,52.5,1
201,145,1,25.3,45.5,1
201,152,1,30.0,72.5,1
201,158,2,42.6,131.0,2
201,161,1,20.9,69.5,1
201,164,1,20.9,65.5,1
201,175,1,21.3,53.5,1
201,179,1,17.8,49.5,1
201,188,1,9.3,33.5,1
201,189,1,18.3,60.5,1
201,197,1,10.0,47.5,1
201,201,11,7.03,323.53,14
201,209,1,19.2,71.5,1
201,215,2,18.7,74.0,2
201,222,1,11.5,32.5,1
201,225,1,13.15,46.45,0
201,230,2,35.8,122.0,2
201,239,1,24.5,55.5,1
201,261,1,17.7,69.5,1
202,7,11,18.25,102.29,9
202,8,1,2.45,13.7,0
202,13,1,10.62,46.46,0
202,16,1,18.21,47.53,0
202,17,2,14.95,73.1,3
202,19,2,12.2,89.0,2
202,33,2,19.66,0.0,2
202,43,1,3.58,17.7,1
202,46,1,14.32,58.3,1
202,48,1,0.0,21.4,0
202,50,1,4.7,24.5,1
202,52,1,0.0,34.0,1
202,61,1,9.68,38.63,0
202,68,2,14.2,62.7,6
202,71,1,7.5,33.5,1
202,74,1,5.1,26.5,1
202,75,3,16.1,79.1,3
202,76,2,7.1,88.25,1
202,79,4,23.43,126.21,1
202,82,1,4.96,27.5,1
202,83,1,4.58,28.14,0
202,89,2,0.0,94.15,1
202,90,1,4.8,25.5,1
202,100,1,0.0,27.23,0
202,101,1,12.7,49.5,1
202,107,1,4.0,24.5,1
202,108,1,20.32,57.22,0
202,112,1,3.43,18.4,1
202,114,1,0.0,37.79,0
202,129,2,3.3,43.04,1
202,130,1,13.08,40.27,0
202,132,8,127.11,564.81,5
202,136,1,12.59,47.41,0
202,138,5,24.41,174.03,2
202,140,5,12.21,87.2,1
202,141,3,4.55,32.7,3
202,142,2,4.78,53.61,1
202,143,1,0.0,26.0,1
202,145,4,5.78,52.5,4
202,146,5,5.55,33.6,5
202,153,1,11.2,38.5,1
202,159,1,0.0,29.0,1
202,160,1,7.27,30.06,0
202,161,1,4.7,28.9,1
202,162,6,10.82,172.14,8
202,163,2,4.42,33.5,3
202,170,2,5.2,45.0,2
202,179,5,6.73,71.3,5
202,181,1,10.11,47.1,1
202,186,1,0.0,24.5,1
202,192,1,0.0,32.13,0
202,193,3,2.89,22.3,4
202,195,1,12.5,34.81,0
202,197,1,8.3,37.5,1
202,201,2,33.6,101.0,2
202,202,16,1.26,661.8,20
202,209,1,7.28,36.74,0
202,223,1,3.03,17.7,1
202,226,9,7.05,174.45,7
202,229,5,13.02,118.67,3
202,232,1,4.5,30.5,1
202,233,1,1.4,22.5,1
202,234,1,6.1,31.0,1
202,236,1,4.29,21.2,1
202,239,1,5.69,27.5,1
202,244,5,21.52,179.96,4
202,249,1,4.31,24.7,1
202,250,1,11.0,34.5,1
202,255,1,4.27,21.79,0
202,256,1,5.4,26.1,3
202,260,3,3.17,58.86,2
202,262,1,4.81,24.7,1
203,10,2,7.3,53.0,2
203,14,1,0.0,57.0,1
203,16,2,17.12,65.5,2
203,17,3,41.8,121.5,3
203,25,1,13.9,55.5,1
203,33,2,15.5,112.0,2
203,35,3,29.05,110.94,2
203,37,1,11.84,41.69,0
203,38,8,16.76,195.5,8
203,39,1,0.0,31.64,0
203,48,3,52.3,174.5,3
203,49,5,61.9,202.5,5
203,50,1,16.4,68.5,1
203,51,1,0.0,55.0,1
203,61,5,34.3,191.0,5
203,64,1,6.69,26.1,1
203,65,1,0.0,59.76,0
203,68,1,15.3,52.5,1
203,71,2,24.43,86.22,1
203,72,2,23.95,89.35,1
203,74,1,23.38,58.96,0
203,75,10,162.3,567.5,10
203,77,1,10.47,33.21,0
203,81,1,0.0,51.5,1
203,85,1,0.0,59.89,0
203,91,1,14.0,47.5,1
203,92,1,10.7,47.5,1
203,95,1,20.5,59.5,1
203,101,1,7.99,120.0,1
203,102,1,9.4,35.5,1
203,107,2,41.48,129.5,2
203,116,2,20.9,115.0,2
203,117,1,5.7,25.5,1
203,121,1,10.3,36.5,1
203,127,2,20.8,115.0,2
203,130,3,14.24,84.41,2
203,132,1,4.64,21.9,6
203,135,1,12.16,39.78,0
203,137,13,152.0,687.5,13
203,139,2,4.5,37.0,2
203,140,1,14.1,64.5,1
203,142,2,39.46,137.5,2
203,143,1,25.0,70.5,1
203,168,1,23.3,58.5,1
203,170,2,35.9,110.0,2
203,175,2,15.2,80.8,2
203,182,3,43.2,141.5,3
203,188,1,19.11,52.16,0
203,191,3,10.6,74.5,3
203,192,2,21.06,0.0,2
203,196,1,0.0,39.5,1
203,197,8,69.4,237.0,8
203,203,23,16.73,445.04,26
203,205,5,11.0,105.0,5
203,213,1,17.48,68.8,1
203,215,4,19.1,94.02,3
203,216,2,12.8,57.0,2
203,217,4,44.3,197.0,4
203,218,1,3.3,20.5,1
203,219,5,4.5,45.93,7
203,225,2,22.5,77.0,2
203,227,1,23.1,63.5,1
203,228,3,66.1,190.5,3
203,230,1,16.8,53.5,1
203,232,1,2.3,74.5,1
203,235,1,0.0,56.5,1
203,236,2,35.4,109.0,2
203,237,1,0.0,60.0,1
203,238,1,0.0,62.5,1
203,247,1,0.0,55.5,1
203,252,1,10.3,59.4,1
203,260,1,13.9,54.5,1
203,263,2,19.6,125.0,2
204,82,1,29.58,62.33,0
205,1,1,36.1,150.4,1
205,7,1,12.96,56.2,1
205,9,2,11.74,54.93,1
205,10,2,3.6,39.0,2
205,13,1,0.0,57.0,1
205,14,3,50.4,164.5,3
205,16,1,6.0,28.5,1
205,17,1,14.2,46.5,1
205,19,3,7.8,64.5,3
205,25,2,29.0,90.0,2
205,26,1,18.6,63.5,1
205,28,1,3.5,22.5,1
205,35,4,33.0,136.0,4
205,36,2,21.2,77.0,2
205,37,7,60.1,264.0,7
205,38,2,4.2,37.0,2
205,39,10,75.4,386.5,10
205,42,3,28.5,145.6,2
205,45,1,18.78,85.58,0
205,46,1,0.0,46.5,1
205,48,1,16.2,49.5,1
205,49,2,23.0,91.0,2
205,50,1,13.5,61.5,1
205,51,2,16.4,94.5,2
205,55,1,18.11,54.09,0
205,60,1,16.2,48.5,1
205,61,10,97.3,396.5,10
205,65,16,210.1,800.5,16
205,68,1,14.1,45.5,1
205,69,2,18.4,123.63,1
205,71,6,56.2,234.5,6
205,72,2,20.7,69.0,2
205,74,4,47.32,185.25,3
205,75,10,121.74,504.3,9
205,76,1,6.7,30.5,1
205,77,4,35.34,133.0,3
205,78,1,15.1,45.5,1
205,79,1,12.4,50.5,1
205,86,3,26.26,106.6,3
205,89,9,104.4,450.5,9
205,90,2,33.6,98.0,2
205,91,3,25.22,141.39,2
205,95,4,26.1,116.0,4
205,97,1,6.5,45.5,1
205,98,1,8.08,31.57,0
205,100,3,43.1,142.5,3
205,101,2,12.6,56.0,2
205,107,2,31.5,93.0,2
205,108,1,0.0,46.5,1
205,112,4,37.0,196.71,3
205,113,1,14.3,47.5,1
205,114,1,15.4,47.5,1
205,116,1,14.5,46.5,1
205,117,1,0.0,37.5,1
205,119,2,29.8,97.0,2
205,121,4,10.0,88.5,3
205,122,4,5.2,99.51,3
205,130,7,16.63,136.29,4
205,131,3,6.4,71.16,2
205,132,3,9.75,62.6,2
205,134,3,11.7,70.5,3
205,135,2,10.72,54.42,1
205,137,11,148.3,521.5,11
205,138,1,0.0,44.5,1
205,139,2,4.15,32.37,1
205,140,11,152.4,561.5,11
205,141,1,14.3,52.5,1
205,142,1,18.34,70.17,0
205,145,2,26.5,91.0,2
205,152,1,0.4,59.5,1
205,155,2,13.8,88.5,2
205,157,1,11.47,48.5,1
205,159,1,18.8,49.5,1
205,162,1,17.2,45.5,1
205,163,4,54.2,195.0,4
205,165,1,12.7,42.5,1
205,169,1,16.0,50.5,1
205,170,4,36.7,175.0,4
205,175,1,3.6,22.5,1
205,177,1,8.7,32.5,1
205,181,1,24.2,45.5,1
205,182,1,14.7,50.5,1
205,185,1,14.86,56.61,0
205,186,1,19.4,44.5,1
205,188,4,49.55,207.35,3
205,191,7,18.33,123.84,5
205,194,1,11.6,43.5,1
205,196,2,15.1,66.0,2
205,197,2,7.7,45.0,2
205,198,1,10.0,37.5,1
205,203,2,6.7,42.0,2
205,205,23,21.01,1141.13,24
205,209,1,12.8,54.5,1
205,211,1,16.86,52.83,0
205,215,5,7.9,96.0,5
205,216,2,6.1,42.0,2
205,218,5,3.1,65.81,3
205,219,1,7.6,18.5,1
205,222,1,9.4,39.5,1
205,225,5,42.7,189.5,5
205,226,7,71.7,288.5,7
205,227,1,13.3,66.5,1
205,228,6,86.5,392.5,6
205,231,5,71.1,281.5,5
205,232,4,27.5,188.0,4
205,234,2,24.1,95.0,2
205,236,2,30.8,100.0,2
205,237,1,17.3,53.5,1
205,241,1,17.8,55.5,1
205,242,7,89.9,328.5,7
205,243,1,15.1,49.5,1
205,244,1,13.9,53.5,1
205,246,1,15.2,47.5,1
205,248,1,14.4,45.5,1
205,254,1,15.8,51.5,1
205,258,2,10.8,52.0,2
205,261,1,0.0,52.5,1
205,262,1,17.4,46.5,1
206,21,1,11.08,-13.89,0
206,29,1,11.81,25.22,0
206,108,1,11.55,38.44,0
206,206,2,0.4,111.83,2
206,249,1,18.24,54.33,0
207,7,2,0.0,6.0,2
207,17,1,0.0,40.83,0
207,25,1,8.0,33.8,1
207,26,1,14.96,57.59,0
207,52,1,9.33,41.5,1
207,61,1,10.63,64.3,1
207,66,1,8.41,30.0,2
207,75,1,6.77,26.01,0
207,76,1,7.91,35.2,2
207,80,1,5.85,24.7,1
207,89,1,15.4,59.7,1
207,92,1,7.4,33.1,1
207,129,2,1.59,60.7,3
207,132,2,13.28,60.6,2
207,138,5,8.6,389.0,11
207,145,2,5.0,26.3,3
207,161,1,0.0,25.4,1
207,164,1,7.29,75.0,1
207,168,2,10.74,0.0,2
207,170,1,6.29,25.4,1
207,189,1,8.44,43.6,1
207,193,1,0.0,4.4,1
207,207,164,0.39,618.4,165
207,215,1,0.0,3.0,1
207,223,1,0.16,-50.0,2
207,226,2,2.35,13.7,2
207,229,2,12.6,77.8,2
207,230,2,20.09,79.5,7
207,231,2,18.35,93.5,3
207,232,1,7.89,38.0,1
207,260,6,2.81,32.0,5
208,10,1,15.43,59.7,1
208,18,1,5.6,26.5,1
208,25,1,10.44,44.3,1
208,31,1,4.8,20.5,1
208,37,1,14.4,40.5,1
208,41,1,8.6,56.3,0
208,42,4,22.51,162.5,4
208,47,2,10.78,54.19,0
208,48,2,17.4,85.0,2
208,51,2,8.1,53.0,2
208,58,1,1.6,18.5,1
208,60,2,7.55,61.52,1
208,65,1,3.7,50.5,1
208,68,9,108.9,391.5,9
208,69,2,8.05,72.05,1
208,70,1,0.0,33.5,1
208,74,1,5.9,28.5,1
208,75,6,46.9,219.0,6
208,78,1,3.6,22.5,1
208,79,1,10.5,39.5,1
208,90,1,22.1,41.5,1
208,93,1,6.86,26.8,1
208,94,1,9.6,30.5,1
208,100,1,16.2,40.5,1
208,112,2,8.7,83.0,2
208,113,1,12.5,40.5,1
208,114,1,13.7,44.5,1
208,127,1,12.14,34.11,0
208,129,2,16.8,66.0,2
208,132,1,12.66,57.6,1
208,136,1,11.12,32.32,0
208,137,2,11.9,75.0,2
208,138,1,0.0,3.0,1
208,140,1,9.3,34.5,1
208,142,1,12.6,40.5,1
208,145,1,12.2,41.5,1
208,147,1,5.57,22.6,1
208,159,2,6.5,54.79,1
208,161,1,11.2,37.5,1
208,162,2,11.8,74.0,2
208,164,1,11.3,39.5,1
208,166,2,15.0,62.0,2
208,168,4,26.09,112.61,3
208,174,1,5.3,28.5,1
208,183,2,3.4,35.0,2
208,184,1,2.99,12.8,1
208,188,1,18.4,52.5,1
208,189,1,16.5,51.5,1
208,208,16,2.33,437.18,19
208,212,1,4.1,21.5,1
208,213,1,1.3,36.5,1
208,220,1,9.07,28.33,0
208,223,1,9.6,36.5,1
208,230,1,14.5,39.5,1
208,231,1,19.62,73.82,0
208,233,1,0.0,37.5,1
208,236,2,9.7,79.74,1
208,239,2,20.2,75.0,2
208,243,1,10.1,40.1,1
208,244,4,31.99,137.27,3
208,246,2,25.8,86.0,2
208,259,1,7.6,29.5,1
208,261,1,20.52,61.8,1
208,263,1,7.08,57.78,0
209,1,27,428.26,2086.02,41
209,4,47,116.07,623.04,53
209,7,6,55.18,253.9,7
209,10,1,0.0,59.5,1
209,12,5,3.84,37.4,6
209,13,85,110.51,895.0,106
209,14,3,24.35,103.5,3
209,17,7,28.91,168.56,6
209,18,5,68.4,131.5,5
209,24,1,9.49,36.07,0
209,25,19,49.58,296.4,24
209,29,2,23.9,89.0,2
209,33,37,77.37,459.2,50
209,34,4,11.95,64.5,5
209,37,6,33.37,172.7,12
209,39,1,8.5,34.5,1
209,40,7,23.84,135.1,9
209,41,14,130.59,596.5,15
209,42,9,95.8,387.88,5
209,43,15,95.81,470.95,22
209,45,117,87.87,853.25,144
209,48,65,303.21,1750.51,72
209,49,11,40.94,230.4,18
209,50,22,104.97,600.94,30
209,52,4,11.35,67.3,4
209,54,4,12.52,71.5,6
209,55,1,15.45,61.1,4
209,56,3,38.91,118.6,4
209,58,1,16.4,61.8,1
209,61,12,63.33,326.15,14
209,62,2,9.32,51.9,1
209,64,1,17.78,67.4,4
209,65,25,51.5,286.09,42
209,66,45,83.94,545.49,70
209,67,1,8.8,37.3,3
209,68,67,229.04,1444.31,89
209,69,2,19.65,75.6,2
209,70,1,11.08,44.3,2
209,74,17,144.0,483.89,13
209,75,25,190.6,833.61,28
209,76,4,31.1,138.3,4
209,77,2,14.3,60.0,2
209,79,211,554.18,3355.27,238
209,80,11,55.27,258.09,19
209,82,2,18.79,81.6,2
209,83,1,8.6,40.1,3
209,86,1,18.6,69.5,1
209,87,103,62.68,1107.88,137
209,88,58,44.47,425.37,76
209,89,6,49.9,225.2,7
209,90,45,147.38,894.22,50
209,92,1,17.71,70.9,2
209,95,3,23.63,152.5,3
209,97,6,19.79,124.95,5
209,100,45,199.01,1104.77,61
209,106,3,12.96,59.4,3
209,107,99,354.45,1991.9,118
209,108,1,11.4,40.5,1
209,112,11,62.57,301.1,15
209,113,52,129.36,832.93,61
209,114,82,167.18,1171.06,107
209,116,11,108.35,493.32,12
209,117,3,38.7,202.5,3
209,118,1,17.72,68.1,2
209,122,2,30.2,101.0,2
209,123,1,0.0,33.5,1
209,125,41,83.15,568.61,41
209,126,1,11.76,68.8,1
209,127,5,27.5,246.5,5
209,128,1,13.88,54.8,1
209,129,1,9.66,40.8,4
209,132,65,1235.19,4571.83,104
209,134,1,14.34,56.2,1
209,135,1,0.0,41.0,1
209,137,71,287.4,1474.14,71
209,138,52,655.85,2575.97,56
209,140,72,411.48,1974.51,74
209,141,65,393.11,1776.31,89
209,142,43,246.1,1378.81,53
209,143,30,182.16,790.89,34
209,144,109,148.08,1305.45,161
209,145,8,57.33,258.5,9
209,147,1,9.7,38.5,1
209,148,194,281.19,2165.0,265
209,149,2,26.39,98.7,2
209,151,8,69.56,318.48,11
209,152,3,30.06,121.36,0
209,158,67,166.78,1068.31,84
209,160,2,19.8,82.3,2
209,161,88,422.98,2253.09,117
209,162,95,474.36,2271.59,120
209,163,48,280.2,1489.7,52
209,164,85,359.93,1952.83,101
209,165,1,8.9,32.5,1
209,166,10,86.7,407.9,11
209,167,1,12.7,65.3,1
209,168,3,27.0,200.4,3
209,169,1,12.3,41.5,1
209,170,128,549.45,2926.78,142
209,174,3,14.6,147.5,3
209,177,6,34.73,178.4,6
209,179,5,50.35,224.3,6
209,181,23,95.99,515.45,30
209,182,1,13.5,45.5,1
209,185,1,9.8,46.5,1
209,186,74,263.83,1588.26,76
209,188,5,29.37,140.04,4
209,189,10,39.56,178.7,15
209,190,1,3.61,21.9,1
209,195,1,3.7,19.1,1
209,196,2,16.7,68.0,2
209,197,1,12.99,52.7,1
209,198,2,18.39,84.4,2
209,200,2,20.6,97.0,2
209,202,2,16.53,72.5,2
209,209,115,25.1,2666.88,152
209,210,1,14.5,49.5,1
209,211,91,73101.38,1062.61,108
209,212,1,12.0,41.5,1
209,213,1,12.4,42.5,1
209,216,5,80.5,335.0,7
209,217,6,26.46,167.8,9
209,218,1,0.0,75.0,1
209,219,1,21.9,40.5,1
209,220,2,37.41,136.2,2
209,222,1,8.3,59.5,1
209,223,4,37.8,157.6,5
209,224,35,113.62,603.22,46
209,225,8,44.25,231.7,11
209,226,6,46.65,217.4,6
209,228,7,31.5,171.5,7
209,229,57,277.39,1326.12,65
209,230,86,454.06,2505.66,116
209,231,207,199.54,2083.28,265
209,232,162,239.15,1617.37,207
209,233,83,374.25,1705.04,101
209,234,90,313.28,1841.17,95
209,235,1,13.2,42.5,1
209,236,42,302.12,1339.08,50
209,237,51,314.16,1523.37,55
209,238,27,201.52,1009.94,28
209,239,38,262.76,1328.69,49
209,243,8,100.56,409.78,7
209,244,7,83.1,339.33,4
209,246,65,235.12,1485.48,68
209,248,1,15.7,59.7,0
209,249,100,227.19,1511.71,116
209,250,1,14.07,53.4,1
209,254,2,33.23,116.9,2
209,255,17,80.78,429.16,29
209,256,28,111.95,597.27,43
209,257,6,36.8,179.0,9
209,260,2,17.3,82.9,2
209,261,75,72.45,638.77,100
209,262,44,297.76,1304.98,57
209,263,47,324.0,1490.6,50
210,21,6,35.02,169.7,4
210,22,3,12.07,56.71,1
210,25,1,12.3,34.5,1
210,26,1,7.0,34.5,1
210,29,8,15.87,141.42,7
210,35,2,12.3,52.0,2
210,36,1,19.26,56.59,0
210,37,1,4.1,38.5,1
210,39,2,21.0,66.0,2
210,42,1,24.3,69.5,1
210,45,1,17.2,48.5,1
210,48,1,19.3,84.5,1
210,51,2,28.2,139.0,2
210,55,6,13.5,133.5,6
210,56,2,14.0,108.0,2
210,61,2,13.7,56.0,2
210,62,1,6.15,27.89,0
210,65,2,20.5,87.0,2
210,71,3,11.3,64.5,3
210,72,2,11.3,49.0,2
210,75,11,180.3,689.5,11
210,76,7,45.47,214.4,7
210,79,2,26.7,107.0,2
210,86,5,49.9,198.5,5
210,87,2,28.8,93.0,2
210,88,3,23.4,133.5,3
210,89,5,18.4,106.5,5
210,91,3,9.1,57.5,3
210,95,4,60.0,185.0,4
210,97,5,34.6,147.5,5
210,108,1,4.92,24.0,3
210,117,2,28.5,78.0,2
210,123,5,7.5,91.5,5
210,124,1,9.29,-37.3,1
210,126,1,31.3,68.5,1
210,132,1,9.29,37.3,1
210,133,1,4.99,26.14,0
210,137,4,62.3,213.0,4
210,139,1,14.5,47.5,1
210,140,8,144.3,463.0,8
210,141,4,44.5,214.0,4
210,142,1,14.6,49.5,1
210,147,1,20.9,69.5,1
210,148,1,11.5,50.5,1
210,149,3,1.6,46.5,3
210,150,4,19.94,108.39,3
210,155,6,10.56,92.71,5
210,161,4,74.6,236.0,4
210,162,4,43.9,227.0,4
210,165,4,9.41,70.44,3
210,167,1,18.4,69.5,1
210,170,4,60.5,218.0,4
210,178,2,4.7,42.0,2
210,181,5,37.18,155.19,4
210,186,1,18.02,75.18,0
210,188,1,8.4,26.5,1
210,196,5,50.62,247.3,4
210,205,1,13.9,44.5,1
210,209,3,30.6,145.5,3
210,210,11,4.85,463.58,9
210,222,1,0.0,30.0,1
210,223,1,19.9,59.5,1
210,225,1,7.2,29.5,1
210,227,1,12.8,35.5,1
210,228,1,10.6,37.5,1
210,230,2,27.6,106.0,2
210,233,3,44.0,162.5,3
210,236,3,59.1,189.5,3
210,239,1,18.8,54.5,1
210,242,3,70.0,194.5,3
210,244,1,14.7,74.5,1
210,246,1,0.0,55.5,1
210,247,1,23.4,68.5,1
210,261,4,52.02,195.21,3
210,263,1,15.8,57.5,1
211,1,59,831.25,4375.55,100
211,4,194,279.77,2295.71,210
211,7,16,131.75,651.2,19
211,12,9,16.17,83.29,10
211,13,322,517.67,3692.69,452
211,14,12,112.84,498.7,19
211,17,26,112.16,717.95,42
211,21,1,9.65,40.1,1
211,22,5,53.65,220.1,6
211,24,16,109.27,540.56,19
211,25,48,164.86,971.38,51
211,26,1,7.86,35.9,1
211,28,1,0.96,7.9,1
211,29,3,47.23,182.6,3
211,33,90,270.25,1657.56,112
211,34,3,10.25,61.5,3
211,36,20,115.68,646.24,25
211,37,15,69.7,418.21,25
211,38,1,20.68,77.2,1
211,40,21,79.62,443.1,30
211,41,38,310.24,1376.41,46
211,42,22,197.63,799.77,26
211,43,81,372.22,2156.69,118
211,45,148,159.71,1540.46,185
211,48,294,1021.86,6242.68,382
211,49,38,149.92,879.8,49
211,50,130,467.42,2690.15,167
211,52,22,81.0,467.8,31
211,53,2,28.44,0.0,2
211,54,9,36.91,205.5,10
211,56,1,9.88,45.0,1
211,61,18,95.79,538.57,20
211,62,5,25.84,131.9,7
211,63,1,13.87,62.5,1
211,65,37,101.55,618.5,50
211,66,58,149.73,983.45,75
211,68,657,1365.79,9098.72,900
211,69,2,24.0,0.0,2
211,70,3,34.77,149.0,3
211,72,1,7.48,37.3,1
211,74,14,113.47,425.14,9
211,75,46,293.67,1545.74,44
211,76,3,19.89,96.57,2
211,79,1057,1225.08,10329.75,1375
211,80,30,119.33,566.51,40
211,82,2,15.66,73.9,3
211,83,3,31.94,139.7,7
211,87,334,507.3,3739.81,429
211,88,107,207.45,1448.45,125
211,89,8,42.56,243.1,9
211,90,574,905.46,6330.49,707
211,92,1,11.2,47.8,1
211,93,1,10.5,43.6,1
211,95,8,87.65,391.65,10
211,97,39,133.1,750.96,49
211,100,256,619.12,4118.82,365
211,102,1,8.65,38.7,1
211,106,5,21.75,123.5,7
211,107,629,1018.63,7522.45,793
211,112,62,299.65,1617.56,78
211,113,702,691.23,5725.44,898
211,114,435,301.15,3013.35,599
211,116,11,102.82,418.74,10
211,123,2,26.33,119.38,2
211,125,233,136.64,1882.65,330
211,126,1,10.04,38.91,0
211,127,5,62.32,257.2,6
211,129,12,99.65,276.82,15
211,130,1,13.47,56.9,6
211,132,159,3009.33,11167.17,250
211,133,2,15.62,71.8,2
211,137,235,529.5,3475.47,273
211,138,69,776.99,3322.3,92
211,140,135,658.62,3676.13,144
211,141,191,848.47,4889.96,252
211,142,177,777.83,4632.75,218
211,143,127,560.74,3153.83,154
211,144,537,336.29,4079.91,757
211,145,34,189.16,938.64,35
211,146,4,24.57,120.38,2
211,147,2,28.96,0.0,2
211,148,713,680.75,6815.39,955
211,150,1,0.0,48.5,1
211,151,48,311.64,1503.38,55
211,152,12,99.79,442.77,15
211,157,2,14.06,66.9,2
211,158,636,805.79,6182.32,837
211,160,1,8.11,35.2,1
211,161,508,1524.65,10218.98,741
211,162,284,34798.06,5771.62,374
211,163,366,1292.37,8503.57,501
211,164,510,1083.92,7533.07,710
211,165,3,30.1,153.2,5
211,166,20,140.96,721.07,34
211,168,5,47.01,246.0,9
211,170,579,1393.16,9361.62,766
211,173,1,10.1,45.7,4
211,174,2,34.68,143.2,3
211,177,1,5.4,28.9,2
211,179,4,41.52,152.8,3
211,181,68,310.06,1739.02,86
211,185,3,55.14,217.6,3
211,186,504,1049.07,7098.27,689
211,188,12,68.63,355.43,13
211,189,19,85.32,510.6,25
211,190,1,4.58,24.0,1
211,191,1,19.33,65.0,3
211,195,9,41.93,216.7,9
211,196,2,16.8,71.6,2
211,198,6,37.23,124.0,6
211,200,2,28.46,121.5,2
211,202,2,14.02,65.5,3
211,209,164,236.77,1899.89,234
211,210,1,16.03,63.2,1
211,211,455,200.12,6143.11,597
211,213,1,4.45,25.4,1
211,217,19,65.72,401.2,36
211,220,2,25.99,104.0,3
211,223,4,41.15,182.1,8
211,224,112,214.07,1474.37,140
211,225,15,77.12,476.38,24
211,226,6,46.11,212.6,8
211,228,6,39.06,177.46,11
211,229,194,700.17,4093.46,240
211,230,561,1717.03,11707.52,852
211,231,1045,935.51,8745.51,1376
211,232,253,357.86,2900.82,307
211,233,198,592.91,3738.46,266
211,234,763,1195.57,9034.59,961
211,235,2,25.22,101.2,2
211,236,240,1224.87,7029.09,291
211,237,320,1291.2,7947.3,432
211,238,145,860.6,4528.99,183
211,239,187,1002.72,5423.83,255
211,240,1,16.15,64.6,1
211,243,10,81.5,470.83,11
211,244,13,120.61,572.32,9
211,246,506,1279.61,8020.06,650
211,248,2,24.1,106.1,3
211,249,1159,1142.22,9377.9,1473
211,251,1,16.2,67.4,1
211,252,1,16.01,68.1,1
211,255,85,303.27,2026.06,104
211,256,89,271.45,1789.47,114
211,257,8,52.06,237.5,7
211,259,4,67.58,269.6,4
211,260,1,9.02,38.7,1
211,261,280,394.11,2964.99,386
211,262,112,628.12,3439.49,118
211,263,151,850.47,4467.99,165
212,17,1,13.7,40.5,1
212,24,1,0.0,39.89,0
212,32,1,2.82,15.6,1
212,33,1,14.33,54.96,0
212,37,4,50.4,167.0,4
212,41,1,5.5,26.5,1
212,42,3,17.1,78.5,3
212,47,1,1.6,19.5,1
212,48,1,11.88,46.5,0
212,49,1,15.3,47.5,1
212,50,1,11.3,41.5,1
212,51,3,15.47,78.27,2
212,61,1,17.15,52.0,0
212,66,1,17.3,34.5,1
212,68,4,45.7,151.0,4
212,69,1,0.0,17.35,0
212,74,4,19.52,90.35,2
212,75,1,10.4,27.5,1
212,76,2,33.5,101.0,2
212,78,2,3.65,30.83,1
212,80,1,0.0,40.5,1
212,81,1,5.52,22.6,2
212,87,2,25.35,105.9,0
212,88,1,14.54,56.9,1
212,92,1,10.4,25.5,1
212,107,1,10.2,34.5,1
212,116,2,10.1,55.0,2
212,121,1,12.1,42.5,1
212,126,1,1.7,16.73,0
212,127,2,15.53,52.98,1
212,128,1,6.3,27.5,1
212,135,1,10.8,42.5,1
212,136,1,5.3,25.5,1
212,137,3,24.5,105.5,3
212,140,2,22.6,61.0,2
212,141,4,27.6,130.38,3
212,142,1,0.1,38.5,1
212,143,1,11.73,39.07,0
212,144,1,12.5,62.77,0
212,150,1,23.0,68.5,1
212,151,1,8.88,31.04,0
212,159,2,7.04,40.4,2
212,163,1,11.3,38.5,1
212,164,2,18.46,74.5,1
212,165,1,19.0,56.5,1
212,168,3,13.26,53.23,1
212,170,3,27.49,111.6,2
212,174,1,3.6,22.5,1
212,180,1,16.57,47.19,0
212,182,2,1.3,31.0,2
212,186,1,9.2,35.5,1
212,197,1,13.9,40.5,1
212,200,1,0.0,33.82,0
212,208,1,3.3,19.5,1
212,209,1,15.7,41.5,1
212,212,10,0.15,173.9,9
212,213,3,5.4,68.5,3
212,230,1,11.5,35.5,1
212,231,1,13.8,43.5,1
212,232,1,14.4,39.5,1
212,233,1,9.0,34.5,1
212,235,2,8.65,49.79,1
212,237,1,10.4,29.5,1
212,241,1,4.86,18.93,0
212,242,1,2.2,23.5,1
212,243,1,0.0,27.75,0
212,244,3,18.6,79.5,3
212,246,2,10.2,81.0,2
212,248,6,5.0,76.6,7
212,250,2,1.8,34.0,2
212,261,1,13.1,42.5,1
213,7,2,20.5,57.0,2
213,8,1,0.0,46.5,1
213,10,2,30.9,85.0,2
213,17,2,31.7,98.0,2
213,20,3,7.82,62.6,2
213,25,1,0.0,46.5,1
213,29,1,22.2,68.5,1
213,32,2,8.35,30.77,0
213,33,1,20.7,45.5,1
213,35,1,16.0,48.5,1
213,37,1,13.2,44.5,1
213,38,1,13.35,52.31,0
213,41,2,0.0,60.5,2
213,42,12,62.35,321.41,8
213,43,1,7.6,37.5,1
213,45,4,44.8,157.0,4
213,47,1,3.1,21.5,1
213,48,6,51.6,236.5,6
213,50,3,36.2,118.5,3
213,51,3,17.51,88.5,3
213,55,1,0.0,68.5,1
213,60,3,6.9,58.5,3
213,61,1,0.0,60.09,0
213,63,2,19.82,108.98,1
213,68,2,13.5,76.0,2
213,69,2,0.0,59.25,0
213,74,4,17.7,107.0,4
213,75,8,52.58,256.39,5
213,76,1,21.5,50.5,1
213,78,5,12.09,99.98,3
213,79,1,9.2,35.5,1
213,81,3,14.23,87.32,1
213,87,2,22.7,83.0,2
213,88,6,70.1,257.0,6
213,90,1,12.0,40.5,1
213,91,1,20.6,62.5,1
213,97,1,9.6,43.5,1
213,100,2,20.4,69.0,2
213,107,1,2.9,35.5,1
213,113,1,9.87,49.05,0
213,116,1,0.0,42.58,0
213,117,1,21.6,61.5,1
213,119,2,12.17,45.0,0
213,125,9,89.4,387.5,9
213,126,2,3.7,32.33,1
213,127,1,12.6,32.5,1
213,130,1,0.0,39.0,1
213,134,1,10.9,36.5,1
213,137,5,20.7,176.0,5
213,138,1,10.08,41.22,0
213,139,13,144.0,619.0,13
213,140,5,38.5,156.5,5
213,142,1,7.4,34.5,1
213,143,2,17.4,76.0,2
213,145,1,3.5,30.5,1
213,146,1,8.4,32.5,1
213,147,2,5.9,40.0,2
213,159,3,14.3,69.5,3
213,161,3,25.5,100.5,3
213,162,3,30.4,99.5,3
213,163,1,12.4,35.5,1
213,164,3,25.5,117.4,3
213,166,7,36.28,214.36,6
213,167,2,6.53,37.45,0
213,168,3,6.9,73.24,2
213,169,1,4.74,21.5,0
213,170,12,95.7,405.0,12
213,174,5,22.02,117.47,4
213,179,1,5.4,27.5,1
213,181,1,0.0,52.5,1
213,182,2,3.61,26.95,1
213,183,1,0.0,13.3,0
213,185,1,2.9,24.5,1
213,186,2,23.56,100.3,0
213,191,1,12.4,47.5,1
213,197,1,10.5,36.5,1
213,208,5,9.04,86.95,3
213,209,6,27.7,250.0,6
213,212,4,7.89,63.82,2
213,213,22,46.8,406.75,19
213,215,1,23.8,40.5,1
213,219,1,15.5,47.5,1
213,220,2,16.34,55.58,1
213,229,4,14.8,129.0,4
213,230,2,15.4,75.0,2
213,231,2,21.8,86.0,2
213,232,4,57.41,171.5,4
213,233,2,19.0,69.0,2
213,235,1,3.6,24.5,1
213,236,3,15.7,92.0,3
213,237,3,14.6,93.5,3
213,238,4,33.1,128.0,4
213,239,3,40.1,113.6,3
213,241,1,11.0,27.5,1
213,242,10,29.11,204.48,9
213,243,1,7.7,26.5,1
213,244,6,20.4,168.5,7
213,246,1,12.2,39.5,1
213,247,1,5.5,26.5,1
213,248,1,1.4,17.5,1
213,250,3,2.08,44.82,1
213,254,3,9.64,64.93,1
213,261,3,31.0,132.5,3
213,263,1,6.4,29.5,1
214,21,1,8.26,23.88,0
214,22,1,8.0,29.24,0
214,89,1,11.38,21.56,0
214,178,1,9.63,20.29,0
215,4,2,28.01,113.5,2
215,7,2,47.08,77.3,2
215,10,4,1.98,53.22,2
215,13,4,68.93,287.25,9
215,14,5,76.7,269.5,5
215,17,5,50.42,219.97,4
215,18,2,32.4,97.0,2
215,24,1,14.51,70.0,1
215,25,1,21.2,43.5,1
215,26,1,12.0,50.5,1
215,28,8,11.06,159.63,6
215,29,1,13.2,48.5,1
215,35,3,9.4,107.85,1
215,36,2,21.09,100.8,2
215,37,1,8.8,37.5,1
215,38,4,11.3,82.0,4
215,39,1,8.0,32.5,1
215,40,1,16.12,70.9,3
215,41,2,26.94,118.5,3
215,42,3,47.9,132.5,3
215,43,2,30.89,140.0,3
215,45,3,43.92,190.5,3
215,47,2,28.2,94.0,2
215,48,9,123.43,730.0,19
215,49,4,48.18,194.1,6
215,50,3,13.1,130.5,3
215,51,1,13.5,43.5,1
215,56,1,5.21,24.0,1
215,60,1,14.1,44.5,1
215,61,5,32.1,198.0,5
215,63,1,9.3,28.5,1
215,68,9,124.79,616.29,14
215,71,1,13.9,45.5,1
215,72,2,16.9,67.0,2
215,74,5,69.56,294.0,8
215,75,11,169.13,595.9,10
215,76,6,26.6,157.0,6
215,77,1,0.7,29.5,1
215,78,1,13.93,74.1,2
215,79,8,108.47,557.5,9
215,80,4,39.8,171.0,4
215,82,8,55.22,169.06,6
215,83,2,22.0,73.0,2
215,85,1,14.3,46.5,1
215,86,1,0.0,35.0,1
215,87,10,152.45,616.5,11
215,88,2,32.38,154.0,6
215,90,3,39.94,214.04,3
215,91,1,11.9,40.5,1
215,92,2,19.4,47.0,2
215,93,4,15.22,75.7,5
215,94,1,0.7,48.5,1
215,95,5,16.73,160.84,4
215,97,3,35.46,133.5,3
215,98,1,2.5,19.5,1
215,100,3,36.8,156.0,4
215,101,1,8.96,33.27,0
215,107,10,115.3,454.0,10
215,112,3,5.8,122.62,2
215,113,3,27.07,224.69,4
215,114,2,28.83,140.0,5
215,116,7,68.89,376.0,8
215,117,2,21.05,71.58,1
215,121,2,3.7,37.0,2
215,122,1,0.0,21.0,1
215,124,1,5.7,26.5,1
215,125,3,48.56,210.0,4
215,129,2,18.46,114.6,2
215,130,19,13.33,260.55,18
215,131,4,7.5,66.9,5
215,132,3,14.3,71.27,5
215,134,2,3.81,35.99,1
215,136,6,102.6,303.0,6
215,137,5,63.81,267.5,5
215,138,6,40.14,370.1,7
215,139,2,2.78,38.14,1
215,140,6,59.54,331.0,6
215,141,3,44.23,166.0,3
215,142,5,76.42,186.5,5
215,143,4,66.41,274.69,4
215,144,4,57.81,280.0,7
215,145,8,87.35,333.44,7
215,146,1,10.72,62.2,1
215,147,1,14.18,53.4,1
215,148,4,56.12,257.5,8
215,151,3,44.15,188.5,3
215,158,2,30.38,140.0,3
215,161,12,158.95,761.0,17
215,162,9,116.33,547.5,15
215,163,7,97.41,515.0,10
215,164,9,111.21,636.39,12
215,168,2,23.6,84.0,2
215,169,1,0.0,49.81,0
215,170,17,222.42,1003.5,22
215,174,1,14.9,49.5,1
215,179,2,21.27,70.51,1
215,183,1,12.5,39.5,1
215,186,3,42.75,223.94,3
215,188,3,39.42,136.42,1
215,189,1,17.1,43.5,1
215,191,2,7.1,43.0,2
215,193,1,12.2,39.5,1
215,195,1,23.1,67.5,1
215,197,5,9.22,75.68,2
215,200,3,60.0,62.5,3
215,201,2,19.7,73.0,2
215,203,3,16.7,78.5,3
215,205,8,16.28,147.21,7
215,208,1,11.9,40.5,1
215,209,2,32.11,141.69,2
215,211,1,13.84,70.0,1
215,212,3,37.9,126.5,3
215,213,6,71.5,255.0,6
215,215,41,16.04,808.71,52
215,216,7,9.38,319.65,7
215,218,6,10.8,115.5,6
215,219,2,3.3,46.55,1
215,222,1,0.6,29.5,1
215,223,7,68.79,201.92,6
215,225,3,31.1,116.5,3
215,226,7,60.91,183.3,8
215,227,1,12.6,62.5,1
215,228,1,13.5,54.5,1
215,229,5,68.23,362.0,9
215,230,17,236.11,1257.5,36
215,231,6,89.75,435.05,11
215,232,3,40.25,197.19,5
215,233,7,89.13,332.5,8
215,234,6,84.59,394.5,10
215,235,1,16.9,51.5,1
215,236,4,62.48,257.5,5
215,237,5,70.84,361.59,13
215,238,3,48.74,210.0,2
215,239,6,81.64,413.5,6
215,242,1,12.6,41.5,1
215,243,3,52.0,210.0,3
215,244,9,126.05,519.0,12
215,246,5,69.66,223.94,9
215,249,5,73.49,375.3,5
215,250,1,11.8,39.5,1
215,252,2,23.16,77.2,2
215,255,1,11.47,44.3,1
215,258,2,8.14,44.97,1
215,260,3,29.29,99.46,2
215,261,3,47.4,197.5,3
215,262,4,59.12,280.0,4
215,263,1,19.8,46.5,1
216,1,6,211.32,1145.9,6
216,4,1,14.9,44.5,1
216,10,8,25.41,365.5,11
216,11,2,25.1,69.0,2
216,13,2,49.96,140.0,4
216,14,2,35.22,149.9,4
216,16,1,9.96,30.47,0
216,17,4,33.4,126.0,4
216,18,2,30.6,95.0,2
216,19,1,7.7,36.5,1
216,20,1,0.0,49.0,1
216,22,1,15.3,27.5,1
216,28,4,10.69,66.42,2
216,29,1,11.2,38.5,1
216,31,1,16.47,58.76,0
216,33,1,21.4,80.0,0
216,35,2,9.8,55.0,2
216,36,2,11.43,54.7,2
216,37,2,14.1,59.0,2
216,38,1,4.0,22.5,1
216,39,3,16.33,72.2,3
216,40,1,22.4,83.5,1
216,41,1,15.2,77.0,1
216,43,1,0.0,46.5,1
216,45,3,37.5,132.5,3
216,48,2,14.32,105.74,1
216,49,1,8.7,40.5,1
216,51,1,14.9,46.5,1
216,53,1,10.96,40.85,0
216,55,3,37.62,134.5,3
216,56,2,14.89,70.2,2
216,61,8,59.33,285.42,8
216,62,1,7.3,32.5,1
216,63,5,19.03,87.89,2
216,64,1,11.7,39.5,1
216,65,3,44.24,195.9,3
216,67,1,19.14,74.4,2
216,68,2,28.41,140.0,2
216,71,1,7.7,31.5,1
216,72,4,30.19,125.63,3
216,73,1,7.59,40.83,0
216,74,2,0.0,96.98,1
216,75,5,29.07,240.35,5
216,76,6,26.33,126.43,10
216,77,1,6.42,28.2,1
216,79,3,42.6,159.0,3
216,82,2,12.58,0.0,2
216,86,2,18.22,82.21,1
216,87,2,50.38,0.0,6
216,88,2,51.08,0.0,6
216,89,6,58.51,318.84,5
216,91,1,9.11,34.5,1
216,92,5,35.57,140.47,4
216,93,3,12.0,17.0,3
216,95,6,16.87,150.04,3
216,97,1,0.0,32.5,1
216,101,1,9.23,51.61,0
216,102,5,18.28,120.35,4
216,107,5,76.12,130.5,7
216,108,1,12.35,66.4,1
216,114,2,29.93,114.5,2
216,115,1,22.62,83.5,2
216,117,1,8.29,35.9,1
216,120,1,7.0,51.5,1
216,121,2,9.6,47.27,1
216,122,1,5.87,32.49,0
216,123,1,12.2,44.5,1
216,124,4,4.81,70.21,2
216,125,1,20.58,87.0,1
216,126,1,13.2,42.5,1
216,129,1,0.0,34.11,0
216,130,12,30.37,215.16,7
216,131,1,0.0,26.39,0
216,132,175,474.12,10859.33,294
216,133,1,14.77,57.6,1
216,134,2,3.99,25.71,0
216,135,1,4.8,33.1,1
216,137,7,90.2,287.5,7
216,138,3,23.88,95.8,4
216,139,1,6.2,25.1,0
216,140,6,61.9,292.0,6
216,141,2,28.6,96.0,2
216,142,2,26.8,137.5,2
216,145,1,22.31,70.0,1
216,148,2,30.67,144.6,1
216,150,3,28.55,107.8,3
216,152,1,16.1,45.5,1
216,155,2,17.94,76.3,2
216,161,1,14.5,70.0,2
216,162,1,17.27,70.0,2
216,164,1,13.19,70.0,3
216,165,4,45.93,168.5,3
216,166,2,28.65,113.5,2
216,167,2,29.32,101.5,3
216,168,2,30.18,0.0,2
216,169,1,0.4,48.5,1
216,170,4,52.98,170.4,3
216,171,2,22.69,78.15,0
216,173,2,16.75,73.82,0
216,174,1,13.3,48.5,1
216,177,3,19.78,97.2,5
216,178,1,14.2,46.5,1
216,180,4,10.97,63.76,1
216,181,4,54.16,257.54,3
216,183,1,13.61,42.53,0
216,186,3,42.47,85.0,5
216,188,6,51.46,247.7,10
216,189,1,9.2,38.7,1
216,190,1,12.15,75.0,1
216,192,1,6.1,26.5,1
216,193,1,0.0,50.0,1
216,195,1,10.2,59.5,1
216,196,1,0.0,25.5,1
216,197,14,18.04,202.47,8
216,203,1,5.53,22.6,1
216,205,6,18.37,121.66,5
216,209,2,18.31,136.5,4
216,211,1,12.5,70.0,1
216,215,7,2.7,107.82,2
216,216,193,155.26,8333.88,236
216,218,1,1.5,17.5,1
216,219,1,3.2,14.9,1
216,221,2,43.82,0.0,2
216,222,4,16.4,122.0,4
216,223,1,9.57,30.9,0
216,225,6,40.3,186.9,5
216,226,1,9.8,36.5,1
216,227,2,41.91,136.69,1
216,228,2,38.08,131.6,6
216,229,1,12.15,70.0,1
216,230,2,28.26,101.1,3
216,231,1,12.2,50.5,1
216,232,1,15.1,61.1,1
216,236,3,43.0,139.5,3
216,246,1,13.7,70.0,1
216,249,1,0.0,45.5,1
216,250,8,89.6,300.0,8
216,257,1,24.74,89.8,1
216,258,9,23.15,161.39,7
216,261,2,36.9,123.5,2
217,7,1,0.0,30.5,1
217,13,2,18.3,76.0,3
217,17,7,5.81,63.44,5
217,25,1,2.3,17.7,1
217,26,5,31.14,162.56,1
217,29,1,14.1,45.5,1
217,33,4,9.18,58.27,1
217,34,2,1.24,65.8,6
217,35,1,4.86,37.09,0
217,36,1,1.57,10.7,2
217,37,7,12.28,123.01,6
217,40,2,6.91,45.64,1
217,43,1,10.88,56.77,0
217,48,1,0.0,29.61,0
217,49,2,3.55,30.46,0
217,50,2,14.29,100.68,2
217,53,2,25.91,89.64,0
217,61,1,2.49,25.37,0
217,62,1,0.0,20.82,0
217,65,2,4.05,29.16,1
217,75,2,21.28,84.98,1
217,76,1,5.9,27.5,1
217,80,1,0.1,3.7,1
217,82,1,6.33,22.81,0
217,86,2,39.0,113.0,2
217,89,1,4.9,25.5,1
217,90,1,5.43,24.26,0
217,91,1,6.23,33.53,0
217,95,4,26.69,113.5,5
217,97,3,7.7,68.5,3
217,100,2,7.2,60.83,1
217,107,3,7.12,50.8,2
217,112,2,4.78,40.25,0
217,113,1,3.5,21.5,1
217,114,1,3.62,26.97,0
217,121,1,10.43,32.04,0
217,132,1,15.24,83.5,4
217,133,1,7.72,32.7,0
217,134,5,43.3,182.5,5
217,137,1,2.2,21.5,1
217,141,2,14.93,59.25,1
217,148,1,2.25,11.3,0
217,157,1,4.52,18.4,1
217,161,5,25.7,143.5,5
217,162,1,0.0,31.11,0
217,165,2,16.5,68.4,2
217,170,4,17.16,121.38,1
217,178,1,8.3,33.5,1
217,186,2,11.57,38.34,0
217,191,1,13.5,44.5,1
217,192,1,0.0,33.5,1
217,196,1,6.2,43.5,1
217,197,1,16.11,37.69,0
217,198,2,2.92,37.67,1
217,203,1,13.1,50.5,1
217,216,2,27.71,87.63,0
217,217,21,4.15,591.87,20
217,222,1,9.8,28.5,1
217,225,4,8.39,75.72,3
217,229,2,5.2,61.01,1
217,230,1,8.52,42.2,1
217,231,1,3.4,23.5,1
217,232,2,5.9,39.0,2
217,239,1,12.0,53.5,1
217,244,1,0.0,45.5,1
217,246,1,9.71,52.0,2
217,255,2,2.12,18.6,3
217,256,10,5.09,83.69,11
217,261,3,14.3,74.54,2
218,7,1,12.3,41.5,1
218,9,2,6.6,77.5,2
218,10,19,19.69,283.42,15
218,14,1,17.4,50.5,1
218,16,2,15.0,70.0,2
218,17,1,10.3,36.5,1
218,19,1,9.6,28.5,1
218,22,1,18.3,47.5,1
218,24,1,13.2,52.5,1
218,25,3,23.6,115.5,3
218,33,1,23.7,66.5,1
218,35,1,8.5,30.5,1
218,36,1,9.2,31.5,1
218,37,3,18.9,100.5,3
218,39,5,33.98,157.13,4
218,41,1,15.0,48.5,1
218,42,11,136.8,524.0,11
218,45,3,48.2,151.5,3
218,49,1,10.5,69.5,1
218,55,3,48.4,142.5,3
218,56,1,0.0,42.5,1
218,60,1,19.3,54.5,1
218,61,2,19.2,70.0,2
218,65,10,145.03,457.96,9
218,68,1,17.32,66.41,0
218,72,1,7.9,32.5,1
218,73,2,7.5,72.54,1
218,74,1,16.0,47.5,1
218,75,6,44.3,301.0,6
218,76,11,59.76,253.84,10
218,78,2,20.0,104.0,3
218,79,2,14.9,98.5,2
218,80,5,32.2,209.5,5
218,82,2,17.8,66.0,2
218,87,1,0.0,53.5,2
218,89,2,21.9,86.0,2
218,91,1,10.9,35.5,1
218,92,1,0.0,32.7,0
218,95,2,13.7,59.0,2
218,98,2,8.4,49.0,2
218,101,2,14.8,65.0,2
218,106,2,40.9,66.5,2
218,107,3,44.1,141.5,3
218,112,1,13.6,42.5,1
218,116,1,18.69,70.77,0
218,117,2,15.9,63.0,2
218,121,3,11.0,68.5,3
218,122,1,3.83,18.11,0
218,124,1,4.97,32.14,0
218,126,1,22.5,48.5,1
218,130,13,30.0,249.8,7
218,131,4,16.23,92.65,2
218,132,12,35.64,207.5,12
218,134,1,4.2,28.5,1
218,137,4,66.6,175.0,4
218,138,2,19.74,70.02,0
218,139,5,7.2,78.64,3
218,140,6,60.2,314.5,6
218,141,1,15.5,51.5,1
218,142,1,16.3,49.5,1
218,143,2,15.4,129.0,2
218,151,3,53.3,157.5,3
218,157,1,9.9,35.5,1
218,161,1,18.5,47.5,1
218,162,2,27.7,97.0,2
218,163,1,14.2,48.5,1
218,167,2,33.35,105.1,1
218,168,3,28.5,149.5,3
218,169,2,20.0,109.0,2
218,170,5,62.5,235.5,5
218,175,17,107.3,602.0,17
218,177,2,17.2,78.0,2
218,181,2,40.2,107.0,2
218,189,1,11.0,37.5,1
218,191,3,5.01,58.93,1
218,194,1,13.4,47.5,1
218,195,2,39.2,133.0,2
218,197,4,12.4,136.52,2
218,198,1,9.1,32.5,1
218,203,3,6.19,56.12,1
218,205,8,10.49,128.45,4
218,215,11,20.41,179.37,8
218,216,5,5.29,63.25,4
218,218,27,2.67,973.08,29
218,219,6,4.94,82.91,3
218,220,1,23.1,85.6,1
218,222,5,32.1,154.5,5
218,225,1,0.0,35.0,1
218,226,1,13.51,50.11,0
218,227,1,12.3,48.5,1
218,228,1,10.9,60.5,1
218,230,2,27.8,95.0,2
218,231,4,75.5,260.0,4
218,232,1,15.6,47.5,1
218,233,1,13.7,45.5,1
218,236,2,33.29,126.53,1
218,244,11,164.5,612.5,11
218,254,1,17.4,51.5,1
218,258,1,5.3,25.5,1
218,260,1,9.6,20.5,1
218,263,1,15.7,52.5,1
219,3,1,15.65,58.3,1
219,4,1,16.6,70.0,1
219,7,1,12.45,48.5,1
219,10,6,8.03,82.9,9
219,13,1,17.14,70.0,1
219,14,1,19.05,70.9,1
219,15,1,13.05,50.6,1
219,16,3,32.34,142.4,4
219,17,2,21.86,84.8,2
219,20,1,19.8,59.5,1
219,25,5,61.9,210.4,5
219,28,2,10.23,42.07,0
219,31,1,19.4,75.8,1
219,32,1,14.8,50.5,1
219,35,1,8.14,37.39,0
219,37,1,9.1,40.8,1
219,38,3,9.13,60.1,3
219,39,4,35.57,141.96,3
219,40,1,23.91,88.4,1
219,41,2,29.67,133.39,2
219,43,1,15.5,82.0,1
219,45,9,112.3,546.5,9
219,47,1,18.7,49.5,1
219,48,11,167.98,694.56,17
219,50,4,77.13,291.63,3
219,52,2,27.47,133.1,2
219,53,1,14.06,73.4,1
219,55,2,16.77,113.2,2
219,61,5,36.99,188.0,5
219,63,2,11.77,54.1,2
219,65,13,166.8,654.5,13
219,67,5,75.7,273.0,5
219,68,5,77.17,350.0,6
219,70,1,10.92,34.06,0
219,71,2,17.41,68.6,2
219,72,4,40.5,137.0,4
219,74,1,15.48,58.3,1
219,75,14,177.51,770.0,14
219,76,2,12.32,54.02,0
219,79,3,51.17,210.0,4
219,81,1,18.4,69.5,1
219,82,4,41.44,181.3,5
219,83,2,21.89,127.5,2
219,87,3,57.82,210.0,6
219,88,3,44.2,189.5,3
219,89,1,10.84,52.0,2
219,90,4,63.36,304.47,7
219,91,2,10.4,77.0,2
219,92,1,8.17,38.0,1
219,93,1,5.81,70.0,2
219,97,1,12.4,40.5,1
219,100,2,31.12,140.0,2
219,101,1,9.3,42.2,1
219,106,1,19.37,91.6,1
219,107,6,104.47,407.5,5
219,108,1,13.62,51.3,4
219,112,3,39.82,180.2,3
219,114,1,16.23,70.0,1
219,122,1,4.26,22.07,0
219,124,2,2.61,33.37,1
219,125,2,35.15,156.0,5
219,129,1,12.52,73.0,1
219,130,10,34.62,169.43,11
219,132,19,34.95,558.6,29
219,134,1,4.07,20.5,3
219,138,2,17.6,68.3,3
219,139,1,1.95,8.64,0
219,140,5,65.96,317.19,5
219,141,6,97.98,420.0,7
219,142,4,68.5,282.5,4
219,144,1,17.3,87.0,1
219,145,1,13.81,59.0,1
219,148,4,66.04,289.56,5
219,152,1,16.26,70.0,1
219,155,1,10.25,42.9,2
219,158,4,67.49,294.69,8
219,161,5,79.21,378.5,7
219,162,6,94.27,411.8,6
219,163,2,30.17,140.0,2
219,164,5,71.75,372.91,7
219,166,2,34.01,140.0,6
219,169,1,19.1,56.5,1
219,170,8,129.51,525.0,17
219,174,1,21.49,82.8,1
219,175,1,9.97,59.4,1
219,177,3,25.11,112.0,3
219,179,1,14.18,42.91,0
219,180,1,7.09,25.19,0
219,181,2,35.9,139.7,2
219,186,5,73.3,291.4,10
219,188,6,50.5,256.0,6
219,189,1,9.86,45.7,1
219,191,2,16.35,57.06,1
219,195,2,49.44,156.0,3
219,196,2,7.74,68.3,2
219,198,1,7.52,31.82,0
219,201,1,9.82,41.5,1
219,203,2,0.19,149.0,3
219,209,3,55.25,210.0,4
219,210,1,12.9,56.5,1
219,211,1,17.3,70.0,1
219,213,1,18.97,69.5,1
219,215,3,8.5,62.5,3
219,216,5,5.4,25.8,6
219,217,1,11.2,51.5,1
219,218,3,1.14,26.0,3
219,219,46,29.48,1097.18,66
219,223,1,13.3,63.5,1
219,224,1,15.8,90.0,1
219,225,1,9.24,41.47,0
219,226,1,12.4,72.5,1
219,228,2,29.2,115.0,2
219,229,4,59.91,280.0,6
219,230,2,31.46,140.0,3
219,231,5,94.72,350.0,5
219,232,2,32.95,166.5,3
219,233,1,0.0,50.0,1
219,234,1,16.0,70.0,3
219,236,1,17.34,70.0,1
219,237,1,16.4,70.0,1
219,238,6,109.92,420.0,12
219,239,1,17.52,70.0,1
219,243,1,18.18,70.0,1
219,244,2,40.98,138.13,5
219,249,3,50.38,210.0,4
219,250,1,0.0,51.0,1
219,252,1,13.66,51.3,4
219,254,1,15.9,55.5,1
219,255,3,43.45,215.8,6
219,256,2,28.21,115.2,2
219,257,2,37.76,142.5,2
219,258,3,25.5,25.5,3
219,260,1,11.0,42.9,1
219,263,5,82.17,378.85,6
220,1,1,26.88,88.35,0
220,3,2,5.3,54.84,1
220,4,1,1.6,26.5,1
220,7,2,20.35,73.25,1
220,10,1,18.6,54.5,1
220,13,1,14.09,60.4,2
220,18,2,3.5,43.0,2
220,21,1,20.0,29.5,1
220,24,1,7.45,26.79,0
220,27,1,32.0,80.5,1
220,31,1,2.9,28.5,1
220,41,2,9.9,53.79,1
220,42,5,29.3,125.5,5
220,48,1,10.1,35.5,1
220,50,1,9.8,40.5,1
220,61,1,24.38,72.53,0
220,68,1,10.6,38.5,1
220,70,2,22.8,77.0,2
220,73,1,16.52,57.95,0
220,74,3,23.31,87.32,2
220,75,4,30.75,132.5,4
220,78,1,4.21,18.91,0
220,80,1,16.19,45.15,0
220,81,1,5.91,24.45,0
220,92,1,14.6,58.5,1
220,94,1,1.9,18.5,1
220,116,1,4.98,27.38,0
220,120,1,2.93,31.25,0
220,125,1,12.9,40.5,1
220,127,6,10.54,110.21,8
220,128,1,0.0,16.5,1
220,130,3,55.3,171.5,3
220,131,1,4.0,64.5,1
220,132,2,45.87,180.3,2
220,136,1,2.4,34.43,0
220,140,1,8.6,37.5,1
220,141,1,10.3,37.5,1
220,142,3,32.3,105.5,3
220,151,2,18.6,62.0,2
220,152,1,5.26,22.6,1
220,157,1,15.1,51.5,0
220,161,2,20.4,74.0,2
220,162,2,18.2,74.0,2
220,163,2,21.1,78.4,2
220,164,1,11.6,39.5,1
220,166,2,11.58,47.0,2
220,170,1,13.3,39.5,1
220,174,1,3.0,0.0,1
220,181,1,18.1,54.5,1
220,185,2,14.42,51.51,0
220,186,1,12.3,38.5,1
220,197,1,16.6,53.5,1
220,200,5,7.51,59.95,6
220,220,22,36.36,2843.9,35
220,228,1,27.9,58.5,1
220,230,3,31.8,122.6,4
220,231,4,64.6,171.0,4
220,233,1,12.3,39.5,1
220,234,1,13.4,51.71,0
220,235,1,3.72,15.51,0
220,236,3,25.09,101.35,2
220,237,3,16.5,104.0,3
220,238,2,18.94,64.16,1
220,239,4,40.2,130.0,4
220,241,2,1.94,25.39,1
220,243,3,4.5,54.0,3
220,244,9,31.85,187.48,8
220,246,1,0.0,37.0,1
220,262,1,8.0,34.5,1
220,263,2,16.1,68.0,2
221,29,1,0.0,34.9,0
221,221,3,0.4,21.58,2
222,3,1,27.8,56.5,1
222,7,1,16.2,46.5,1
222,10,1,5.6,30.5,1
222,13,1,19.1,55.5,1
222,14,5,51.27,225.5,1
222,17,1,4.2,25.5,1
222,18,1,19.2,72.5,1
222,21,3,27.0,116.8,3
222,22,1,9.9,35.5,1
222,25,2,12.8,97.0,2
222,26,4,41.78,158.29,3
222,28,1,6.9,43.5,1
222,29,5,29.7,156.76,4
222,32,1,24.3,57.5,1
222,33,2,28.2,103.6,2
222,35,9,18.31,160.4,8
222,37,2,7.5,43.0,2
222,39,7,10.86,141.6,7
222,48,1,13.8,46.5,1
222,49,5,23.0,135.06,4
222,60,7,120.9,374.5,7
222,61,3,14.3,73.5,3
222,62,1,4.5,23.5,1
222,63,2,9.35,41.26,1
222,65,3,24.8,88.5,3
222,70,4,56.5,166.0,4
222,71,1,3.0,22.5,1
222,72,11,21.15,231.07,9
222,75,3,52.8,166.5,3
222,76,14,16.49,231.27,12
222,85,1,4.5,24.5,1
222,86,5,46.0,196.5,5
222,87,12,134.8,669.5,12
222,91,5,25.8,138.5,5
222,92,1,10.2,36.5,1
222,95,2,18.7,68.0,2
222,97,1,7.13,38.39,0
222,107,2,31.4,111.0,2
222,108,1,8.9,33.5,1
222,112,1,0.0,40.5,1
222,117,1,8.1,34.5,1
222,121,3,15.7,92.5,3
222,123,1,8.0,31.5,1
222,130,1,9.95,29.5,0
222,131,1,10.1,33.5,1
222,132,1,0.0,14.88,0
222,135,2,9.0,70.0,2
222,136,1,20.2,64.5,1
222,137,5,72.2,263.5,5
222,140,7,68.84,422.09,6
222,142,1,13.3,53.5,1
222,145,1,11.0,40.5,1
222,147,2,0.1,106.0,2
222,148,3,15.8,92.5,3
222,149,3,20.2,92.5,3
222,154,2,8.12,0.0,2
222,155,1,2.6,20.5,1
222,159,1,18.5,55.5,1
222,161,2,20.9,84.0,2
222,165,2,11.4,71.0,2
222,167,2,35.1,109.0,2
222,169,1,25.6,69.5,1
222,170,7,83.2,372.49,6
222,177,1,2.6,22.5,1
222,181,4,23.9,110.0,4
222,186,1,16.4,44.5,1
222,188,5,19.3,116.8,5
222,189,2,10.2,51.0,2
222,191,3,32.1,116.5,3
222,196,5,35.9,147.5,5
222,197,5,33.8,159.5,5
222,198,1,4.0,23.5,1
222,201,1,9.5,34.5,1
222,209,4,38.6,239.0,4
222,210,1,7.86,23.15,0
222,213,1,29.3,53.5,1
222,216,5,19.6,122.56,5
222,222,5,2.67,69.83,4
222,224,2,24.2,111.0,2
222,225,5,21.2,113.83,4
222,226,1,11.5,38.5,1
222,227,1,14.39,63.48,0
222,228,5,43.7,248.5,5
222,230,2,25.2,110.0,2
222,231,1,18.6,59.5,1
222,233,1,16.2,43.5,1
222,234,2,24.2,96.0,2
222,238,1,17.3,56.5,1
222,244,1,20.3,63.5,1
222,258,1,0.0,20.88,0
222,261,1,19.3,59.5,1
223,3,2,21.48,72.35,1
223,4,1,8.57,41.5,3
223,7,48,58.07,503.1,36
223,8,2,1.93,121.4,2
223,9,1,12.22,49.2,1
223,14,5,72.2,247.0,5
223,15,1,8.72,34.75,0
223,17,1,0.0,28.52,0
223,18,1,8.0,31.5,1
223,24,1,7.28,29.15,0
223,26,1,11.5,42.5,1
223,33,1,9.4,33.5,1
223,36,1,6.61,32.15,0
223,37,1,8.8,39.47,0
223,41,6,28.04,235.26,5
223,42,5,22.73,176.1,6
223,43,2,11.34,62.51,1
223,47,1,7.0,26.61,0
223,48,7,54.96,319.63,8
223,49,1,7.3,50.0,1
223,50,3,21.96,164.6,3
223,51,2,25.05,98.38,1
223,54,1,12.11,48.77,0
223,56,1,6.66,22.91,0
223,60,1,5.7,48.49,0
223,61,3,22.59,119.01,1
223,64,2,24.51,93.6,2
223,65,1,0.0,52.85,0
223,66,2,18.45,73.2,2
223,68,1,9.93,40.87,0
223,69,1,6.74,28.62,0
223,70,4,10.12,59.8,5
223,71,1,8.5,46.5,1
223,73,1,8.96,1.3,0
223,74,16,59.86,295.29,16
223,75,20,107.03,608.44,11
223,76,2,12.2,90.5,2
223,77,1,0.0,48.0,1
223,78,1,7.44,30.3,1
223,79,3,23.73,135.5,3
223,82,3,6.0,47.06,0
223,83,2,6.64,46.06,1
223,87,2,24.8,87.8,2
223,89,1,11.8,59.0,3
223,91,1,13.9,46.5,1
223,92,1,5.66,23.3,1
223,93,8,43.35,140.5,11
223,94,1,7.97,30.05,0
223,100,3,19.61,127.22,2
223,107,5,39.04,162.8,4
223,112,1,5.85,25.4,1
223,114,1,8.7,38.7,1
223,116,6,21.44,210.0,6
223,121,2,17.95,71.1,2
223,126,3,13.38,60.62,2
223,127,4,33.58,198.94,2
223,129,18,27.53,542.07,22
223,130,1,7.6,30.5,1
223,132,13,183.21,748.13,10
223,134,3,21.78,87.4,3
223,137,6,26.8,187.66,5
223,138,32,107.59,1021.86,40
223,140,9,35.36,368.02,6
223,141,12,73.99,528.64,12
223,142,7,43.37,277.06,4
223,143,3,27.26,151.6,4
223,144,1,8.3,39.4,1
223,145,11,35.19,249.06,4
223,146,7,17.77,89.2,7
223,151,4,16.42,192.31,2
223,152,1,5.6,70.0,0
223,157,5,20.1,116.95,4
223,159,3,15.15,80.45,2
223,160,1,4.26,29.51,0
223,161,8,54.07,312.16,4
223,162,7,33.75,181.33,6
223,163,2,11.26,57.8,6
223,164,2,12.15,57.97,1
223,165,1,0.0,48.5,1
223,166,13,65.1,568.58,13
223,167,1,4.0,24.5,1
223,168,5,21.39,117.6,6
223,170,2,6.8,89.71,1
223,171,1,5.39,3.69,0
223,173,2,8.44,37.15,1
223,174,3,29.64,128.76,0
223,177,2,24.8,85.0,2
223,179,24,31.73,380.04,19
223,181,2,26.41,113.1,2
223,182,1,0.0,30.67,0
223,183,1,12.6,38.5,1
223,184,1,11.94,30.73,0
223,186,5,30.99,222.11,2
223,193,9,20.3,137.7,10
223,194,2,3.74,112.5,2
223,196,1,0.0,39.0,0
223,197,1,6.96,26.8,1
223,198,2,11.43,55.15,0
223,200,1,10.87,42.9,1
223,202,1,2.41,64.0,1
223,207,1,2.71,14.2,1
223,208,3,26.2,100.5,3
223,209,1,9.6,39.5,1
223,211,2,19.08,81.37,1
223,212,2,13.41,56.0,2
223,215,1,13.8,36.5,1
223,216,4,29.6,117.0,4
223,222,3,37.3,124.5,3
223,223,105,74.94,2339.61,107
223,225,1,8.2,29.91,0
223,226,5,17.44,86.78,2
223,229,1,8.16,35.09,0
223,230,10,82.49,408.08,18
223,231,1,12.73,47.02,0
223,232,1,11.52,44.3,1
223,233,3,12.2,89.7,2
223,234,2,19.31,86.5,2
223,236,5,24.08,264.17,4
223,237,7,31.41,340.3,8
223,238,8,53.42,542.43,13
223,239,7,52.37,347.64,8
223,240,1,10.8,40.8,1
223,243,5,37.66,165.4,7
223,244,6,36.76,252.96,6
223,246,2,20.09,89.37,1
223,249,2,14.99,103.47,1
223,252,1,8.5,32.5,1
223,253,1,5.59,25.4,1
223,255,1,4.74,30.37,0
223,256,3,14.12,27.5,2
223,259,1,11.8,45.7,1
223,260,6,11.34,78.98,3
223,261,2,24.72,126.5,2
223,262,11,61.62,581.08,11
223,263,7,40.96,275.9,8
224,1,13,201.4,1105.22,10
224,4,62,55.63,520.56,76
224,7,2,14.8,66.2,2
224,10,1,21.2,70.0,2
224,13,28,117.82,615.19,26
224,14,3,35.58,139.2,3
224,17,1,4.8,36.5,1
224,21,1,11.0,39.5,1
224,24,5,25.39,151.52,2
224,25,4,19.75,113.2,5
224,26,3,32.48,134.52,3
224,33,4,18.89,89.0,7
224,36,1,6.17,31.7,1
224,37,1,5.7,26.1,1
224,40,3,18.49,89.5,3
224,41,6,22.19,166.98,5
224,42,6,46.31,194.62,4
224,43,13,36.61,309.15,13
224,45,24,58.41,395.71,21
224,48,47,130.14,976.79,48
224,49,6,37.15,190.9,6
224,50,16,49.69,355.02,11
224,52,1,5.12,23.3,1
224,54,1,7.2,30.3,1
224,55,2,14.3,97.0,2
224,61,4,26.34,152.75,3
224,62,2,12.44,68.17,1
224,65,3,13.7,63.6,3
224,66,4,19.07,95.88,5
224,68,107,192.51,1596.53,93
224,69,1,7.9,30.5,1
224,71,1,18.7,75.8,0
224,72,1,11.3,55.5,1
224,74,13,74.38,359.21,13
224,75,38,180.23,867.97,34
224,76,1,7.88,35.2,1
224,79,161,153.62,1387.18,178
224,80,3,16.8,83.2,3
224,82,4,19.98,126.21,3
224,85,1,10.45,42.9,1
224,87,47,147.61,861.61,35
224,88,26,103.47,510.65,19
224,89,2,22.27,95.6,2
224,90,75,101.14,848.53,81
224,97,3,18.37,93.0,6
224,100,28,52.62,413.86,21
224,106,1,6.81,31.0,1
224,107,206,150.11,1505.21,259
224,112,9,40.3,213.17,9
224,113,86,87.71,871.3,99
224,114,65,98.87,806.18,77
224,116,2,16.5,69.0,3
224,117,1,13.3,72.5,1
224,119,1,9.57,38.7,1
224,125,11,26.36,227.5,5
224,126,2,17.52,0.0,4
224,127,3,32.74,135.78,1
224,131,1,16.41,63.9,1
224,132,27,457.49,1784.15,19
224,134,1,13.3,38.5,1
224,136,1,0.0,37.5,1
224,137,186,148.59,1345.71,248
224,138,33,296.54,1263.48,25
224,140,112,291.33,1821.32,114
224,141,55,149.46,901.19,54
224,142,37,139.24,886.72,47
224,143,20,81.31,455.17,21
224,144,48,80.3,691.53,41
224,145,9,32.92,140.91,10
224,148,80,104.81,966.34,72
224,149,2,27.02,0.0,2
224,151,14,82.19,374.29,11
224,152,3,16.83,103.56,3
224,158,23,44.32,349.3,20
224,161,104,227.13,1688.67,91
224,162,144,254.25,1855.15,141
224,163,34,83.71,659.33,28
224,164,85,126.28,1125.98,103
224,165,1,12.24,44.43,0
224,166,8,52.58,257.33,7
224,170,245,322.62,2668.03,285
224,179,4,22.68,107.9,5
224,181,2,15.66,67.6,2
224,186,107,166.42,1476.89,93
224,188,2,15.37,74.6,3
224,189,1,6.84,32.4,1
224,190,1,10.19,41.5,1
224,191,1,14.4,53.5,1
224,195,3,23.66,102.1,5
224,197,2,21.1,113.1,2
224,198,2,13.88,79.37,4
224,202,1,5.38,24.0,1
224,209,9,26.82,153.93,6
224,210,1,0.0,56.0,1
224,211,24,47.34,347.17,25
224,223,2,11.91,57.1,2
224,224,101,46.57,2252.7,144
224,225,1,5.5,27.5,1
224,226,7,38.09,127.43,6
224,227,2,19.62,87.2,3
224,228,5,41.35,172.24,1
224,229,108,217.64,1369.73,112
224,230,48,113.38,916.32,43
224,231,60,194.22,1163.87,45
224,232,67,126.68,801.8,71
224,233,124,169.73,1312.46,145
224,234,136,145.97,1369.51,157
224,236,42,177.54,1035.69,49
224,237,52,151.16,977.46,57
224,238,28,151.45,741.97,25
224,239,23,88.32,590.55,17
224,243,2,19.53,85.25,2
224,244,7,60.58,290.74,7
224,246,56,129.76,1007.98,51
224,247,1,7.98,32.4,1
224,249,91,156.57,1142.79,81
224,255,5,21.04,129.1,8
224,256,7,28.22,208.92,7
224,260,2,12.16,66.9,2
224,261,20,77.9,454.02,20
224,262,46,162.69,963.6,40
224,263,53,206.14,1104.57,59
225,1,2,29.97,150.47,0
225,4,5,18.4,150.5,1
225,7,5,37.7,180.43,1
225,10,2,20.9,65.0,2
225,14,2,16.0,70.0,2
225,16,4,51.4,176.0,4
225,17,10,8.89,243.84,8
225,18,2,15.0,125.5,1
225,20,1,17.0,53.5,1
225,22,1,6.77,35.9,1
225,24,3,28.7,182.89,2
225,25,6,19.12,122.45,5
225,26,6,33.21,204.53,5
225,32,2,24.8,95.0,2
225,33,9,23.9,217.02,8
225,34,2,5.62,35.67,0
225,35,5,8.47,85.2,4
225,36,6,10.15,73.27,4
225,37,17,18.07,329.62,10
225,39,7,31.8,186.8,8
225,41,3,44.6,124.5,3
225,42,4,49.34,189.7,3
225,43,1,0.0,30.5,1
225,45,1,4.1,23.5,1
225,48,3,25.1,96.5,3
225,49,20,38.53,328.66,13
225,51,1,19.3,50.5,1
225,52,2,3.4,44.73,1
225,53,6,73.37,234.65,5
225,55,1,7.9,44.5,1
225,56,1,6.8,32.5,1
225,61,18,28.98,278.65,15
225,62,5,8.42,97.73,3
225,63,1,2.1,18.5,1
225,65,14,45.02,313.29,13
225,66,1,2.8,14.01,0
225,68,3,13.9,103.61,2
225,69,1,13.3,48.5,1
225,70,1,13.5,39.5,1
225,71,3,10.11,65.47,2
225,72,7,16.9,145.5,7
225,74,4,22.55,187.64,0
225,75,11,95.49,429.52,10
225,76,9,29.2,190.66,8
225,77,5,18.37,126.47,4
225,79,4,12.21,116.71,2
225,80,7,16.35,136.19,4
225,82,1,4.97,31.44,0
225,85,1,2.4,13.5,1
225,86,1,16.42,78.89,0
225,87,2,10.53,61.72,0
225,88,3,16.5,77.5,3
225,89,3,13.55,78.03,2
225,90,1,6.47,55.8,0
225,91,7,37.73,173.84,6
225,92,5,47.3,190.5,5
225,94,1,18.6,54.5,1
225,96,1,2.71,21.9,1
225,97,19,54.9,368.76,13
225,100,6,48.1,173.0,6
225,102,3,8.6,70.0,3
225,106,1,4.47,27.96,0
225,107,3,20.0,85.82,2
225,112,2,5.61,37.03,0
225,113,2,15.2,53.0,2
225,116,1,10.9,41.5,1
225,117,8,103.5,338.0,8
225,119,1,18.2,54.5,1
225,121,2,8.4,68.5,2
225,122,1,9.9,34.5,1
225,123,1,6.9,29.5,1
225,125,2,27.66,81.3,3
225,129,2,7.0,57.8,2
225,130,2,17.0,66.0,2
225,131,1,0.0,37.0,1
225,132,10,94.87,441.62,0
225,133,3,11.23,78.0,4
225,134,1,7.4,31.29,0
225,136,1,13.2,49.5,1
225,137,9,59.09,265.43,8
225,138,10,106.17,396.17,0
225,139,1,12.6,29.5,1
225,140,13,76.12,408.53,12
225,141,3,22.57,99.79,2
225,142,3,19.85,127.94,1
225,143,1,0.0,77.34,0
225,144,2,5.1,60.58,1
225,145,2,9.47,57.67,0
225,146,2,10.2,51.0,2
225,148,3,7.69,87.63,1
225,152,1,12.7,40.5,1
225,154,1,8.62,40.0,0
225,155,1,4.1,23.5,1
225,160,1,2.9,20.5,1
225,161,2,14.0,59.0,2
225,162,1,6.65,37.05,0
225,164,7,55.3,256.54,6
225,165,1,8.1,25.5,1
225,166,1,0.0,39.0,1
225,167,1,19.12,51.54,0
225,170,6,48.24,173.79,5
225,177,10,16.62,162.76,9
225,178,1,5.8,29.5,1
225,181,6,20.62,135.73,5
225,182,4,49.5,198.5,4
225,188,9,22.7,174.9,9
225,189,4,8.38,73.48,2
225,190,2,6.69,27.96,0
225,195,6,20.1,158.5,6
225,197,3,12.7,89.4,3
225,198,1,0.0,17.2,0
225,200,2,21.6,112.0,2
225,205,8,92.84,314.32,7
225,207,5,37.5,162.5,5
225,208,1,17.5,53.5,1
225,209,2,11.7,51.0,2
225,210,4,35.0,126.0,4
225,215,2,8.7,67.0,2
225,216,9,54.82,269.1,10
225,222,3,13.1,64.5,3
225,223,1,14.35,74.08,0
225,225,55,15.21,1198.89,57
225,226,1,4.07,29.25,0
225,227,4,30.2,131.0,4
225,228,2,14.91,61.74,0
225,230,2,16.63,76.06,1
225,231,6,25.11,147.6,6
225,232,2,8.94,59.19,0
225,234,5,32.77,132.22,3
225,235,1,17.9,54.5,1
225,236,1,12.71,10.39,0
225,237,1,2.9,31.5,1
225,238,1,10.77,69.35,0
225,246,1,0.0,44.38,0
225,255,3,8.01,64.47,0
225,256,2,4.39,34.81,2
225,258,1,22.3,22.5,1
225,259,1,21.0,59.5,1
225,260,1,0.5,33.5,1
225,261,3,9.5,79.54,2
225,262,1,11.18,51.76,0
226,1,2,52.63,261.2,5
226,4,20,114.21,439.3,24
226,7,131,187.78,1454.15,138
226,9,2,11.1,70.94,1
226,10,1,11.21,44.3,1
226,11,1,12.5,47.5,1
226,14,1,13.88,61.8,1
226,17,1,3.8,70.0,5
226,18,2,22.4,76.0,2
226,19,1,13.53,52.7,1
226,20,1,0.0,45.58,0
226,25,1,6.62,43.96,0
226,26,1,8.64,49.9,0
226,28,8,58.25,230.04,5
226,33,2,12.62,53.6,2
226,35,2,26.64,89.58,0
226,36,4,18.06,95.08,1
226,37,5,16.88,115.55,5
226,38,5,66.4,217.5,5
226,41,2,16.49,66.53,1
226,42,30,209.36,953.4,32
226,43,7,22.9,108.06,7
226,45,8,51.45,240.56,5
226,47,2,19.83,79.0,2
226,48,12,44.09,406.65,13
226,49,3,18.72,93.66,1
226,50,8,31.25,323.88,10
226,52,1,8.0,35.9,1
226,53,4,42.39,166.59,3
226,55,1,18.2,51.5,1
226,56,8,39.5,212.24,7
226,61,4,18.32,145.42,2
226,63,2,15.42,78.34,1
226,65,3,17.37,86.0,3
226,66,1,6.01,26.1,1
226,68,14,65.17,525.8,22
226,69,2,13.5,63.0,2
226,70,3,14.47,109.2,6
226,71,1,16.3,29.5,1
226,72,1,0.0,50.89,0
226,73,2,16.89,64.98,2
226,74,10,59.53,284.2,8
226,75,27,143.57,733.9,24
226,76,7,59.35,293.04,5
226,77,1,5.3,28.5,1
226,78,2,23.07,95.82,1
226,79,15,61.83,592.67,15
226,80,5,10.34,135.56,3
226,82,42,106.73,668.82,39
226,83,21,39.2,389.89,28
226,87,3,23.21,141.94,3
226,89,2,25.02,86.68,0
226,90,9,48.32,302.66,16
226,91,1,13.65,80.5,0
226,92,9,61.26,289.48,8
226,93,17,96.74,216.7,21
226,94,1,10.7,95.0,1
226,95,23,111.98,569.38,21
226,97,6,32.04,109.9,5
226,98,8,59.9,278.43,6
226,100,19,78.1,800.15,18
226,101,1,14.8,46.5,1
226,102,5,31.3,123.55,3
226,107,12,50.19,302.02,12
226,108,1,0.0,50.5,0
226,112,19,40.01,228.16,17
226,113,6,27.56,313.08,5
226,114,4,20.35,144.84,2
226,116,2,18.3,0.0,2
226,119,3,20.2,86.4,3
226,121,5,43.2,165.99,1
226,122,1,12.13,41.2,0
226,123,1,14.93,50.2,0
226,124,1,0.0,43.79,0
226,125,2,14.51,78.8,2
226,126,1,12.21,42.31,0
226,127,1,12.54,52.45,0
226,129,54,142.36,1065.92,54
226,130,24,217.11,880.82,21
226,132,139,1841.38,10015.62,240
226,134,9,62.05,251.0,10
226,135,6,37.58,200.51,3
226,137,17,64.52,414.86,13
226,138,69,399.55,3415.62,106
226,139,1,10.5,54.5,1
226,140,20,55.09,449.98,22
226,141,65,186.71,1263.55,61
226,142,25,96.18,584.91,20
226,143,8,33.9,294.65,10
226,144,6,34.89,229.24,5
226,145,72,98.78,865.65,81
226,146,60,67.92,833.57,64
226,147,1,9.75,40.8,1
226,148,8,34.3,175.63,6
226,149,3,27.0,155.5,3
226,151,3,12.92,151.7,3
226,155,2,36.5,138.6,2
226,157,14,28.45,167.63,24
226,158,3,19.16,94.83,2
226,159,2,14.32,76.15,1
226,160,4,14.68,29.58,2
226,161,85,317.69,2149.45,72
226,162,47,153.28,973.9,66
226,163,22,74.23,810.18,25
226,164,24,82.92,999.11,28
226,166,19,123.58,653.5,27
226,167,2,8.3,63.0,2
226,168,2,14.7,65.6,3
226,169,1,8.5,32.5,1
226,170,26,96.06,767.65,38
226,171,2,19.81,94.2,1
226,173,11,57.36,277.77,12
226,175,1,11.0,35.6,0
226,179,42,89.32,631.01,36
226,180,4,32.73,178.04,3
226,181,3,18.91,94.1,4
226,183,2,27.26,80.99,0
226,185,1,11.33,47.8,1
226,186,21,88.83,627.7,15
226,188,4,25.93,120.83,3
226,189,1,10.3,18.5,1
226,191,3,38.61,37.4,3
226,192,2,15.79,66.9,2
226,193,26,40.68,391.29,24
226,194,1,8.22,29.09,0
226,195,1,8.22,29.95,0
226,196,7,26.14,154.11,7
226,197,7,52.69,145.14,9
226,198,12,52.92,336.33,8
226,200,2,31.89,111.85,0
226,202,13,23.37,290.86,15
226,203,2,17.4,100.68,1
226,205,8,77.1,353.13,7
226,207,1,3.6,18.4,1
226,209,1,7.34,70.0,2
226,211,7,37.57,219.74,9
226,212,1,10.54,42.9,1
226,213,1,11.2,31.5,1
226,215,2,20.9,96.3,2
226,216,11,110.61,533.72,17
226,218,2,23.23,77.17,1
226,223,54,144.42,887.02,51
226,224,5,24.42,160.37,5
226,225,2,9.45,55.1,2
226,226,446,230.46,6014.66,487
226,227,2,21.3,85.0,2
226,228,2,21.25,69.53,0
226,229,63,177.7,1190.81,63
226,230,24,91.51,807.14,27
226,231,10,60.32,370.24,7
226,232,5,24.87,272.1,5
226,233,24,71.87,643.57,20
226,234,9,45.3,238.28,10
226,236,28,106.9,652.83,31
226,237,58,182.5,1250.24,55
226,238,8,44.48,252.2,8
226,239,13,57.84,409.49,16
226,240,1,13.1,45.5,1
226,241,3,28.6,107.5,3
226,243,2,22.26,89.08,1
226,244,6,59.72,262.48,3
226,246,12,62.16,262.98,9
226,247,1,11.81,52.7,1
226,249,10,57.73,357.11,7
226,252,4,29.8,134.0,4
226,254,3,41.65,150.99,2
226,255,9,32.41,129.25,13
226,256,5,16.26,123.28,4
226,258,3,21.7,97.72,1
226,260,71,86.49,943.7,78
226,261,5,38.33,213.6,5
226,262,15,57.33,321.48,17
226,263,23,86.14,463.07,25
227,11,2,11.19,48.0,2
227,14,3,4.03,53.91,2
227,25,1,6.3,22.5,1
227,26,5,10.68,83.89,3
227,33,1,9.3,24.5,1
227,37,1,7.7,31.5,1
227,39,1,15.2,47.5,1
227,42,2,17.7,95.0,2
227,49,1,4.8,23.5,1
227,50,1,8.1,32.5,1
227,55,2,6.0,65.02,1
227,61,2,11.3,62.82,1
227,65,2,8.6,46.22,1
227,66,1,10.7,40.5,1
227,69,1,5.8,50.5,1
227,71,1,4.0,27.5,1
227,72,3,18.81,79.15,2
227,76,1,8.12,63.06,0
227,85,1,5.9,22.5,1
227,86,1,17.1,68.5,1
227,89,3,10.6,69.5,3
227,91,6,45.0,156.0,6
227,92,1,16.54,53.68,0
227,97,2,9.4,53.0,2
227,106,1,2.92,21.69,0
227,107,1,8.45,43.84,0
227,111,3,4.07,71.5,5
227,124,1,15.9,53.5,1
227,125,1,9.5,30.5,1
227,126,1,17.61,59.57,0
227,132,1,24.3,91.2,1
227,137,2,12.3,72.0,2
227,138,1,13.4,55.94,0
227,140,3,24.2,122.82,2
227,141,2,22.6,81.0,2
227,145,1,9.3,41.5,1
227,148,1,7.27,33.38,0
227,151,1,13.7,42.5,1
227,152,1,13.8,44.5,1
227,155,2,10.4,50.0,2
227,162,1,10.7,40.5,1
227,163,1,8.8,47.5,1
227,165,1,3.1,19.8,3
227,166,1,13.3,47.5,1
227,177,2,12.5,58.0,2
227,181,1,2.0,19.5,1
227,196,1,12.4,41.5,1
227,198,1,10.3,39.5,1
227,210,2,17.51,69.3,2
227,216,2,28.3,110.0,2
227,217,1,6.6,29.5,1
227,227,8,3.47,387.28,7
227,228,6,9.3,112.5,7
227,230,1,8.14,54.07,0
227,232,2,18.1,69.0,2
227,242,1,15.2,60.5,1
227,258,1,15.3,36.5,1
227,263,1,12.4,41.5,1
228,10,1,22.0,83.52,0
228,11,1,4.4,25.5,1
228,13,2,13.4,55.0,2
228,14,8,15.34,152.16,6
228,17,1,7.5,35.9,1
228,19,2,12.7,146.0,2
228,22,3,13.01,60.96,2
228,23,1,12.3,56.2,1
228,26,3,8.7,45.21,1
228,29,3,24.62,96.38,2
228,32,1,20.6,58.5,1
228,33,6,19.81,146.64,5
228,35,1,15.0,50.5,1
228,37,2,11.9,53.0,2
228,39,1,12.9,38.5,1
228,40,2,6.44,35.42,0
228,42,2,27.7,93.0,2
228,47,1,16.7,47.5,1
228,48,1,7.9,30.5,1
228,49,3,13.59,75.2,2
228,52,1,3.2,19.1,1
228,55,2,14.7,57.79,1
228,61,5,27.01,144.3,2
228,62,1,0.0,14.56,0
228,63,1,7.64,35.2,2
228,65,1,5.13,35.35,0
228,66,1,4.3,21.5,1
228,67,1,2.66,14.9,1
228,68,2,10.15,71.42,0
228,71,2,10.2,45.1,2
228,72,1,16.8,50.5,1
228,74,1,12.5,44.5,1
228,76,3,11.74,70.52,3
228,79,7,38.27,276.03,2
228,82,2,12.5,105.08,1
228,88,1,2.3,28.96,0
228,89,3,10.15,73.77,2
228,91,2,19.0,73.0,2
228,92,2,14.8,107.0,2
228,97,1,4.0,42.5,1
228,100,1,9.0,34.5,1
228,106,3,4.35,31.4,7
228,107,5,43.82,181.58,1
228,108,1,6.2,39.4,1
228,113,3,26.72,131.88,1
228,117,1,21.9,55.5,1
228,126,1,0.0,52.5,1
228,127,1,22.29,84.2,2
228,129,3,22.6,136.65,2
228,132,4,93.02,326.35,2
228,137,10,88.52,364.34,5
228,138,2,28.46,107.18,1
228,139,2,37.0,121.0,2
228,140,3,30.0,115.5,3
228,141,1,9.8,36.5,1
228,142,2,14.59,100.46,2
228,145,2,22.89,46.68,0
228,146,2,15.3,89.0,2
228,149,1,10.5,34.5,1
228,150,3,29.48,36.5,3
228,155,1,0.7,43.5,1
228,158,1,6.64,29.6,1
228,161,3,32.01,147.09,2
228,162,2,22.4,74.0,2
228,170,3,19.42,123.22,1
228,173,1,15.29,44.91,0
228,177,1,6.3,32.5,1
228,181,5,6.51,48.89,6
228,186,1,8.38,46.4,0
228,188,2,8.9,45.32,1
228,195,1,5.45,49.5,0
228,198,2,11.46,45.29,1
228,200,1,19.7,60.5,1
228,205,2,45.1,126.0,2
228,216,1,20.9,59.5,1
228,219,1,20.7,60.5,1
228,224,1,7.64,32.96,0
228,225,1,5.6,26.5,1
228,227,2,1.83,62.55,1
228,228,21,45.43,449.07,21
228,230,2,20.82,94.68,3
228,231,1,6.15,26.89,0
228,232,1,4.4,26.5,1
228,233,2,20.81,73.93,1
228,234,1,10.03,48.09,0
228,237,2,20.7,83.0,2
228,238,1,14.5,40.5,1
228,243,2,40.16,128.27,1
228,250,3,47.7,160.5,3
228,255,1,9.99,33.57,0
228,257,2,6.85,37.6,2
228,262,1,9.1,47.02,0
228,263,2,12.37,96.11,0
229,1,44,821.07,3990.79,62
229,3,3,17.67,135.7,3
229,4,168,500.32,2748.07,207
229,7,162,586.5,3197.48,183
229,8,1,4.19,20.5,1
229,9,1,15.7,64.6,1
229,11,1,16.3,64.6,1
229,12,3,17.94,81.1,8
229,13,172,1150.68,5060.81,203
229,14,11,156.99,637.1,11
229,17,15,121.48,522.7,17
229,20,3,35.63,146.2,3
229,22,1,13.42,56.9,1
229,23,1,24.55,94.7,1
229,24,75,310.63,1696.62,85
229,25,29,214.55,967.86,36
229,26,3,37.89,154.6,3
229,28,3,32.44,132.4,3
229,29,2,39.63,150.9,2
229,33,75,506.06,2281.1,78
229,35,1,16.35,66.0,1
229,36,7,50.0,237.3,6
229,37,13,97.85,434.96,14
229,38,2,35.5,153.0,2
229,39,3,39.1,197.1,3
229,40,24,182.19,791.22,25
229,41,118,499.27,2608.51,144
229,42,74,386.53,1904.04,84
229,43,561,1018.63,7749.69,758
229,45,101,484.36,2393.35,113
229,47,2,13.72,59.9,1
229,48,812,1290.72,11064.13,1010
229,49,17,139.53,635.11,21
229,50,257,467.27,3946.85,304
229,51,6,77.88,181.4,6
229,52,12,89.14,413.74,15
229,53,2,23.71,108.9,2
229,54,3,26.74,118.9,3
229,55,1,19.57,77.9,1
229,56,1,7.49,41.5,1
229,61,10,89.9,426.58,10
229,62,11,110.47,427.4,12
229,65,22,155.69,711.4,28
229,66,21,145.59,708.6,25
229,67,6,85.68,340.21,4
229,68,604,1512.81,10831.49,735
229,69,4,25.05,113.5,5
229,70,5,40.49,183.7,7
229,71,3,25.62,154.7,2
229,72,2,19.44,93.6,2
229,74,201,688.36,3598.15,249
229,75,613,1629.66,10053.63,729
229,78,3,0.0,99.0,3
229,79,1114,2739.88,15728.5,1435
229,80,30,168.94,797.3,39
229,81,1,14.65,57.6,1
229,82,20,118.98,549.76,23
229,83,4,20.09,52.2,5
229,87,232,1250.74,5987.18,265
229,88,131,730.28,3440.64,163
229,89,8,95.71,456.8,9
229,90,360,932.56,6236.69,455
229,91,1,1.51,16.3,1
229,92,7,66.74,326.7,10
229,93,4,31.88,95.3,5
229,94,1,10.6,48.5,2
229,95,50,438.42,1853.01,73
229,97,23,171.13,804.0,39
229,98,4,46.26,167.0,6
229,100,593,1042.52,8762.49,748
229,102,6,49.11,246.2,6
229,106,6,52.8,239.9,6
229,107,1336,2460.69,15762.98,1649
229,111,1,11.9,49.2,1
229,112,69,267.89,1417.43,84
229,113,434,1164.85,7302.74,515
229,114,298,910.93,5608.43,375
229,116,34,224.89,1106.3,38
229,119,3,20.75,95.4,4
229,120,4,30.85,128.2,4
229,121,5,62.86,219.89,1
229,123,3,30.02,178.1,3
229,125,61,254.05,1520.27,69
229,126,1,6.81,33.8,1
229,127,22,190.39,822.0,20
229,128,1,9.47,39.4,2
229,129,72,396.88,1713.7,82
229,130,1,13.0,52.7,1
229,131,3,37.5,135.8,3
229,132,403,6782.11,27660.68,552
229,133,2,22.14,89.3,2
229,134,12,131.45,467.4,18
229,135,1,10.41,42.2,1
229,136,2,18.88,76.7,3
229,137,1710,2317.5,16379.1,2034
229,138,552,5266.63,21824.43,605
229,140,3548,3492.55,31288.72,4313
229,141,3609,3402.55,29187.95,4498
229,142,1236,2292.62,17802.39,1468
229,143,459,1010.97,7530.71,550
229,144,164,552.21,3373.77,216
229,145,150,352.59,2354.49,189
229,146,79,196.5,1081.4,90
229,147,5,31.0,141.0,5
229,148,261,847.45,4832.06,308
229,151,190,727.91,4222.9,244
229,152,14,79.5,441.0,17
229,155,1,16.4,77.2,1
229,157,15,80.64,361.7,16
229,158,139,545.03,3250.29,172
229,159,14,78.41,357.7,14
229,160,9,63.77,254.94,9
229,161,2647,2351.48,25712.52,3215
229,162,2700,1953.69,21564.01,3278
229,163,1638,1552.1,16507.75,2044
229,164,1108,1752.32,14007.61,1435
229,166,107,509.04,2794.68,128
229,168,22,117.02,574.9,25
229,169,3,26.52,109.1,3
229,170,2406,2708.2,22898.68,2898
229,171,2,23.64,97.7,2
229,173,4,26.56,71.8,10
229,174,1,11.72,47.1,1
229,175,2,13.63,107.8,2
229,177,6,58.82,260.2,6
229,179,61,223.36,1153.1,78
229,180,1,10.2,43.6,1
229,181,61,567.21,2549.3,97
229,182,2,22.81,98.4,3
229,183,3,30.1,112.5,3
229,186,874,1773.69,13629.6,1097
229,188,11,107.07,444.65,9
229,189,10,80.43,390.9,13
229,190,1,9.1,42.9,1
229,191,1,13.6,45.5,1
229,192,1,9.21,38.7,1
229,193,15,45.25,254.7,19
229,195,2,18.83,87.9,3
229,196,16,104.85,346.8,20
229,197,1,10.19,46.4,2
229,198,10,63.02,323.1,11
229,200,3,36.21,165.1,3
229,202,84,291.12,1562.48,104
229,208,1,5.03,27.5,1
229,209,133,677.35,3333.96,152
229,210,2,43.12,185.2,2
229,211,158,559.79,3357.28,210
229,212,5,45.65,106.3,6
229,213,2,6.6,64.0,2
229,216,5,81.36,332.9,10
229,217,8,54.68,289.3,12
229,218,2,1.08,71.2,2
229,220,3,31.51,131.05,2
229,223,56,298.72,1367.75,77
229,224,296,634.84,3815.94,358
229,225,8,66.57,320.41,4
229,226,122,409.35,1997.31,152
229,228,7,76.06,322.0,7
229,229,1856,1009.82,16280.55,2456
229,230,1222,1559.05,15248.15,1650
229,231,308,1729.71,8783.15,336
229,232,163,613.57,3363.26,195
229,233,2082,1598.23,14460.29,2589
229,234,1109,2402.12,16611.28,1326
229,235,5,40.96,104.7,7
229,236,3027,5793.53,41953.78,3791
229,237,4088,4184.81,39071.73,4992
229,238,643,2059.65,12676.53,779
229,239,828,2247.37,14774.61,1056
229,240,1,13.38,52.0,1
229,241,1,9.3,31.5,1
229,242,3,32.08,137.8,4
229,243,42,354.78,1589.95,48
229,244,60,474.0,2065.94,77
229,246,404,1101.52,7747.04,499
229,247,3,19.79,88.1,3
229,248,2,17.0,71.1,3
229,249,419,1350.11,8480.3,490
229,251,1,18.75,100.0,1
229,252,3,44.0,181.9,3
229,254,2,25.03,91.4,2
229,255,41,230.21,1171.28,52
229,256,26,156.69,812.12,29
229,257,11,115.89,509.29,13
229,258,3,31.46,159.5,3
229,259,6,68.54,318.9,14
229,260,53,229.39,1239.8,66
229,261,113,684.74,3187.68,158
229,262,1747,3004.78,20549.39,2157
229,263,2297,3965.22,26316.79,2844
230,1,912,16463.58,80673.0,1701
230,3,4,59.14,236.0,5
230,4,183,613.27,3779.1,223
230,7,271,1220.15,6596.57,342
230,8,3,15.94,90.2,3
230,9,3,37.27,157.4,3
230,10,20,339.88,1222.45,41
230,11,2,34.02,146.7,2
230,12,252,1355.71,6921.32,495
230,13,978,4754.78,25323.44,1511
230,14,25,301.25,1311.2,28
230,15,4,67.06,139.0,8
230,16,4,59.9,235.3,9
230,17,27,223.37,1025.59,30
230,18,14,167.77,682.9,21
230,19,1,18.38,73.0,4
230,20,13,155.61,601.2,18
230,21,2,31.88,132.7,2
230,22,8,102.17,430.1,10
230,23,2,45.11,257.3,2
230,24,284,1000.22,5478.32,366
230,25,70,545.41,2579.8,87
230,26,10,128.09,622.2,14
230,28,4,49.36,210.8,4
230,29,8,141.84,536.2,8
230,31,10,130.01,547.3,18
230,33,168,1195.43,5778.55,243
230,34,5,40.36,216.28,4
230,36,20,172.94,832.1,24
230,37,30,236.51,1163.3,35
230,38,2,42.39,180.3,3
230,39,3,51.43,174.77,2
230,40,30,258.31,1200.9,42
230,41,521,2172.22,11648.57,679
230,42,403,2115.54,10364.58,474
230,43,1855,3232.08,22913.25,2925
230,44,1,30.6,116.4,1
230,45,221,940.09,5498.66,330
230,47,1,8.38,40.1,1
230,48,3250,2478.3,26359.35,4524
230,49,43,352.29,1825.46,61
230,50,1923,1944.05,17594.11,2598
230,51,3,27.9,156.1,3
230,52,41,316.28,1541.65,45
230,53,1,15.0,61.1,2
230,54,20,174.38,818.1,25
230,55,2,31.41,117.4,2
230,56,16,157.02,686.4,23
230,58,1,14.54,55.5,1
230,60,6,63.85,180.7,6
230,61,50,508.35,2447.71,61
230,62,11,104.95,504.1,14
230,63,3,27.83,141.2,3
230,65,71,486.84,2470.4,99
230,66,113,773.52,3972.36,184
230,67,8,104.11,446.4,11
230,68,3960,5350.66,43136.71,5668
230,69,20,164.29,664.07,23
230,70,45,430.84,1836.29,78
230,71,4,57.62,260.5,6
230,72,1,11.0,50.6,1
230,73,3,34.5,193.4,3
230,74,241,1050.36,5244.91,316
230,75,552,1882.24,10837.12,672
230,76,9,74.3,440.0,9
230,77,1,17.2,65.3,0
230,78,5,53.94,136.4,5
230,79,1031,3086.5,19895.39,1387
230,80,36,231.56,1215.85,52
230,81,3,48.58,183.5,6
230,82,37,282.91,1311.1,57
230,83,20,132.87,676.7,29
230,85,9,91.76,425.31,9
230,86,1,22.61,94.0,1
230,87,562,3063.06,15996.27,735
230,88,520,3011.9,14664.39,832
230,89,34,405.9,1819.3,43
230,90,1602,2401.36,18063.36,2141
230,91,6,76.28,323.8,7
230,92,14,180.29,705.9,25
230,93,5,68.61,317.4,10
230,94,4,55.29,227.6,7
230,95,91,873.49,4027.84,121
230,97,38,299.0,1512.32,47
230,98,4,56.28,240.2,5
230,100,2873,2236.47,23021.08,4266
230,101,3,66.1,73.0,3
230,102,4,27.18,120.3,5
230,106,12,106.48,509.2,14
230,107,1295,2667.11,18990.73,1703
230,108,3,52.28,194.9,3
230,112,135,672.24,3678.27,177
230,113,879,2092.86,14251.91,1181
230,114,677,1831.08,12091.54,961
230,115,1,0.3,4.4,1
230,116,212,1315.28,6026.28,237
230,117,6,126.2,358.1,6
230,119,6,44.98,154.6,8
230,120,6,47.91,188.16,6
230,121,4,49.32,207.3,4
230,123,4,63.91,250.8,4
230,124,6,74.42,356.04,7
230,125,391,1172.13,7271.33,564
230,126,6,42.66,202.1,6
230,127,51,455.81,1971.36,62
230,128,6,58.26,266.5,7
230,129,81,552.61,2812.47,113
230,130,13,177.13,756.7,21
230,131,7,78.32,424.9,11
230,132,2785,48678.87,193575.77,5159
230,133,15,155.62,652.4,19
230,134,18,210.96,918.6,27
230,135,6,66.71,293.8,6
230,136,7,55.9,271.0,8
230,137,730,1375.95,10200.21,884
230,138,3712,41488.87,178741.86,5594
230,140,1311,2875.17,20849.24,1654
230,141,1864,3584.41,25760.38,2384
230,142,4283,4998.2,40702.45,5805
230,143,2220,3384.39,25631.44,2821
230,144,758,2565.03,16392.21,1225
230,145,183,643.53,3709.66,253
230,146,59,204.51,1206.32,84
230,147,4,37.76,187.1,5
230,148,581,2232.14,13626.53,829
230,149,1,13.6,80.0,1
230,150,1,18.9,78.6,2
230,151,791,2602.66,14640.09,1007
230,152,104,543.78,2609.87,130
230,153,4,43.53,180.7,6
230,155,6,118.8,487.0,10
230,157,15,112.56,477.7,27
230,158,809,2007.48,13211.55,1108
230,159,23,157.19,743.6,26
230,160,28,228.37,1089.5,33
230,161,4179,3321.1,35316.77,5997
230,162,3311,3212.75,31871.36,4721
230,163,3769,3062.25,31063.54,5608
230,164,2940,3388.28,30112.68,4464
230,165,5,65.97,296.4,10
230,166,467,2014.85,10642.91,583
230,167,7,64.43,295.1,8
230,168,25,168.85,780.2,40
230,169,8,83.13,283.4,13
230,170,2703,3359.12,29500.19,3801
230,171,4,53.41,232.5,6
230,172,1,20.13,77.9,1
230,173,7,76.17,330.4,11
230,174,7,101.78,414.4,10
230,175,4,67.8,118.0,4
230,177,6,66.63,314.45,6
230,178,4,50.55,238.1,4
230,179,108,540.3,2884.8,127
230,180,1,11.48,51.3,1
230,181,110,950.71,4653.17,176
230,182,3,24.21,136.2,4
230,183,1,12.84,54.1,2
230,185,7,94.69,252.0,11
230,186,5944,5911.44,55865.73,8663
230,188,39,326.65,1751.2,47
230,189,41,359.6,1731.57,51
230,190,8,77.73,384.5,11
230,192,3,37.61,167.2,6
230,193,28,121.52,667.1,46
230,194,1,12.27,56.9,1
230,195,30,276.86,1265.2,48
230,196,17,127.49,647.2,20
230,197,3,42.91,188.9,4
230,198,24,168.74,873.5,30
230,200,41,473.11,1923.13,43
230,202,52,246.8,1400.58,77
230,203,3,52.0,157.5,3
230,205,3,48.86,82.1,3
230,209,180,941.15,5127.49,263
230,210,13,270.96,1013.9,13
230,211,646,2056.38,13018.42,950
230,212,3,33.0,140.6,5
230,213,7,72.29,215.2,7
230,214,2,34.64,0.0,2
230,215,3,40.1,180.3,7
230,216,22,336.38,1273.0,29
230,217,10,65.32,319.8,15
230,219,7,137.28,493.4,16
230,220,44,470.82,1850.1,50
230,222,4,56.06,209.58,3
230,223,143,899.83,4567.94,191
230,224,227,601.09,3967.19,274
230,225,24,198.57,1071.56,27
230,226,162,712.41,3600.17,222
230,227,9,95.14,348.2,9
230,228,22,219.96,1012.46,26
230,229,2086,2578.24,22501.27,2790
230,230,4156,2291.87,58669.95,6356
230,231,1207,4677.19,27568.81,1706
230,232,332,1506.39,8275.75,493
230,233,1606,2009.46,17973.26,2184
230,234,2090,3541.67,27127.31,3000
230,235,1,9.42,44.3,1
230,236,2997,7452.29,48222.63,3989
230,237,2899,4341.55,34651.82,3954
230,238,2223,5764.86,35524.85,2846
230,239,3556,6963.99,47351.94,4719
230,241,13,148.08,532.9,22
230,242,2,27.03,109.6,2
230,243,238,1991.77,8670.99,287
230,244,255,1803.56,7949.52,294
230,245,2,38.4,152.3,2
230,246,4212,5985.83,48645.68,5714
230,247,21,176.42,653.7,36
230,248,6,71.98,171.8,12
230,249,1401,3121.78,21282.81,1925
230,250,6,74.01,234.6,10
230,252,3,43.21,179.8,4
230,253,1,10.7,47.8,1
230,254,4,59.14,127.1,6
230,255,122,808.13,4074.2,188
230,256,105,690.73,3426.13,166
230,257,12,109.4,524.6,21
230,258,3,32.47,146.2,3
230,259,3,34.38,187.5,3
230,260,58,316.33,1513.0,75
230,261,621,3288.08,17566.64,984
230,262,983,2939.99,18303.08,1251
230,263,1274,3539.71,22021.27,1634
231,1,122,1750.98,9552.97,167
231,3,1,18.45,71.6,6
231,4,204,505.44,3204.12,252
231,7,17,161.07,745.36,19
231,9,1,0.0,47.0,1
231,10,5,82.66,301.0,5
231,11,5,60.61,255.8,6
231,12,52,59.2,495.08,88
231,13,1204,1106.51,10116.3,1475
231,14,55,471.3,1816.99,69
231,17,38,176.57,1002.46,46
231,18,1,13.59,61.1,3
231,19,1,18.75,72.3,1
231,20,2,32.21,129.2,2
231,21,2,23.98,0.0,2
231,22,6,56.65,232.9,6
231,23,1,18.9,72.3,1
231,24,53,365.76,1813.17,49
231,25,99,295.99,1669.23,131
231,26,6,49.87,217.4,6
231,28,3,33.46,156.0,5
231,29,2,29.05,120.1,3
231,31,1,18.1,49.5,1
231,32,1,18.56,73.7,2
231,33,244,579.43,3610.54,305
231,34,3,11.63,69.9,4
231,35,3,23.13,127.3,4
231,36,20,122.84,567.49,23
231,37,28,145.81,824.26,37
231,38,1,25.8,57.5,1
231,39,4,42.1,167.9,4
231,40,76,279.59,1504.27,87
231,41,67,516.5,2631.98,66
231,42,61,570.21,2499.07,66
231,43,117,660.42,3509.34,157
231,45,397,337.23,3636.01,500
231,47,1,13.48,56.2,1
231,48,630,2324.69,13670.86,840
231,49,67,254.89,1405.32,79
231,50,212,778.15,4516.52,267
231,51,2,37.4,142.6,2
231,52,69,195.93,1147.01,84
231,53,2,27.71,117.71,1
231,54,13,40.07,258.04,13
231,55,4,40.83,215.3,4
231,56,3,36.41,148.2,3
231,60,3,37.0,124.5,3
231,61,46,243.3,1296.25,40
231,62,30,158.18,806.8,39
231,63,2,27.47,124.3,4
231,65,96,224.17,1352.7,137
231,66,164,340.55,2356.58,213
231,67,4,36.31,153.4,6
231,68,1203,2979.67,18351.45,1512
231,69,2,23.49,89.1,2
231,70,2,11.38,87.3,2
231,71,9,67.23,354.9,9
231,72,3,23.66,136.4,3
231,74,35,305.39,1375.15,37
231,75,85,668.85,3185.1,92
231,76,6,54.8,245.6,6
231,77,2,20.4,79.11,1
231,78,2,28.41,132.0,4
231,79,1192,2420.57,17048.45,1475
231,80,38,181.63,938.93,46
231,81,1,10.7,53.5,1
231,82,9,84.43,381.43,12
231,83,2,19.22,106.8,2
231,85,6,36.45,202.58,6
231,86,2,49.44,0.0,2
231,87,1020,1119.25,9482.8,1281
231,88,425,535.44,4235.88,524
231,89,51,369.86,1623.59,65
231,90,830,1701.13,10874.86,1040
231,91,4,37.9,134.8,4
231,92,6,88.35,374.2,6
231,94,3,27.05,146.1,3
231,95,12,123.47,459.71,14
231,97,80,253.11,1506.5,95
231,100,375,1188.14,7374.48,528
231,102,4,33.89,162.5,4
231,106,13,56.0,249.11,12
231,107,771,1995.48,12605.85,1029
231,108,3,37.65,144.8,3
231,109,1,17.81,69.5,1
231,112,60,347.42,1742.38,75
231,113,1082,1686.58,11819.56,1366
231,114,897,1052.3,8551.16,1182
231,116,24,205.28,1039.2,24
231,117,5,90.49,362.0,5
231,118,1,12.87,52.7,1
231,120,1,11.6,42.5,1
231,122,1,16.81,68.8,1
231,123,2,25.17,114.5,2
231,125,734,576.17,5456.32,1001
231,127,14,184.78,725.22,16
231,128,4,39.3,162.0,4
231,129,28,253.77,1190.11,36
231,130,6,78.13,340.28,5
231,131,5,74.81,295.9,9
231,132,264,5383.92,18435.97,369
231,133,15,119.35,523.8,16
231,134,4,36.31,174.2,4
231,135,1,11.5,38.5,1
231,136,2,26.73,120.8,3
231,137,301,1049.55,6055.39,349
231,138,203,2602.11,10500.81,239
231,140,299,1953.56,9407.73,296
231,141,367,2312.13,11165.37,419
231,142,361,1739.34,9648.58,413
231,143,313,1481.06,7804.72,360
231,144,1042,999.88,9762.04,1360
231,145,38,267.26,1293.32,40
231,146,8,60.1,278.8,8
231,148,864,1241.31,10446.15,1144
231,150,2,17.0,113.9,2
231,151,83,560.65,2754.31,104
231,152,17,119.11,564.04,13
231,154,1,10.87,62.5,1
231,155,5,67.68,290.1,9
231,157,2,15.7,65.36,1
231,158,1139,1584.12,11060.14,1411
231,159,2,22.8,94.2,2
231,160,4,38.43,160.9,4
231,161,910,3800.56,22474.8,1179
231,162,725,3692.61,18767.47,926
231,163,470,2041.56,12197.63,597
231,164,625,1854.67,11705.65,792
231,165,5,45.88,225.8,6
231,166,58,442.14,2231.19,63
231,167,2,24.52,97.0,2
231,168,3,33.53,143.4,10
231,169,1,13.45,56.2,2
231,170,867,3287.13,19128.35,1080
231,171,3,46.39,187.5,4
231,173,2,23.57,94.9,3
231,174,3,52.18,74.4,2
231,175,1,16.91,65.3,2
231,177,4,24.85,124.7,4
231,178,2,16.2,70.53,1
231,179,16,169.26,733.83,20
231,180,1,13.68,56.9,1
231,181,150,666.18,3533.18,179
231,182,2,13.7,88.5,2
231,185,1,15.09,69.5,1
231,186,954,2501.13,15693.04,1176
231,188,24,137.37,617.96,28
231,189,55,218.28,1281.38,60
231,190,7,35.33,184.1,8
231,191,2,32.66,122.5,4
231,193,2,15.48,88.53,1
231,195,23,105.26,528.5,34
231,196,6,63.2,270.0,7
231,197,14,163.83,658.8,17
231,198,8,68.51,320.1,11
231,200,12,180.02,710.1,12
231,201,1,19.2,65.5,1
231,202,9,81.34,374.2,11
231,203,2,7.9,134.5,2
231,204,1,23.0,87.0,1
231,205,1,16.4,51.5,1
231,209,314,279.61,2756.26,392
231,210,1,15.96,70.2,2
231,211,1158,934.98,9345.92,1535
231,212,2,27.42,113.1,2
231,213,1,0.0,42.5,1
231,214,1,14.72,61.1,1
231,215,2,33.79,114.6,2
231,216,6,97.78,421.3,11
231,217,12,42.11,269.1,15
231,218,2,32.8,141.0,2
231,220,6,72.02,341.0,11
231,221,2,27.96,108.2,2
231,223,12,134.33,610.0,12
231,224,135,415.24,2453.73,159
231,225,30,167.06,907.16,39
231,226,15,125.88,503.8,27
231,227,7,47.29,219.01,14
231,228,10,62.43,298.1,11
231,229,346,1812.84,9294.03,401
231,230,898,3404.02,20644.74,1261
231,231,2350,1367.2,23510.33,2973
231,232,419,745.4,5430.8,533
231,233,299,1374.93,6984.6,360
231,234,1273,2868.36,18801.16,1519
231,235,2,28.98,99.4,2
231,236,385,2586.72,13100.84,474
231,237,450,2513.86,13497.99,578
231,238,288,1772.37,8881.51,332
231,239,465,2505.1,13265.02,499
231,242,1,14.0,47.5,1
231,243,16,193.57,862.81,15
231,244,31,302.02,1295.55,23
231,245,1,14.6,56.2,1
231,246,1118,3023.24,17642.72,1376
231,247,3,34.36,151.17,2
231,249,1902,2515.31,17953.8,2315
231,251,1,14.57,55.5,1
231,254,4,68.62,105.0,4
231,255,93,410.67,2380.1,115
231,256,93,350.01,2104.4,106
231,257,31,196.6,810.1,36
231,258,5,32.8,213.5,5
231,259,2,43.2,168.6,2
231,260,6,57.66,259.5,7
231,261,661,637.61,5856.51,859
231,262,175,1256.9,6090.2,194
231,263,233,1687.29,8104.1,261
232,1,4,66.56,335.31,1
232,4,64,54.91,618.85,73
232,7,5,37.56,171.59,6
232,10,1,14.2,40.5,1
232,12,3,7.25,41.9,4
232,13,46,132.73,883.67,66
232,14,4,35.06,157.0,5
232,17,14,46.98,271.3,18
232,18,1,13.46,80.41,0
232,21,2,10.2,81.0,2
232,22,2,9.0,78.5,2
232,23,1,0.0,70.0,0
232,24,6,49.39,209.82,5
232,25,13,45.31,224.06,17
232,26,7,46.1,228.5,7
232,29,1,13.8,47.5,1
232,33,21,75.87,413.18,23
232,35,1,6.7,28.5,1
232,36,8,44.44,220.91,9
232,37,8,26.64,166.27,9
232,40,3,12.52,76.15,2
232,41,15,109.92,583.2,8
232,42,12,94.05,431.71,9
232,43,5,33.94,155.0,7
232,45,63,57.84,670.44,81
232,48,58,257.91,1595.16,61
232,49,20,73.73,446.38,22
232,50,23,104.82,659.26,23
232,51,3,31.0,148.0,3
232,52,5,19.84,103.0,13
232,53,3,26.4,22.6,9
232,54,1,7.39,35.9,3
232,55,2,25.9,89.0,2
232,56,1,9.0,45.0,1
232,61,10,49.4,281.88,16
232,62,6,30.49,161.94,6
232,63,3,22.5,117.5,3
232,65,10,23.7,177.85,11
232,66,13,42.31,243.4,22
232,67,1,10.03,44.3,1
232,68,81,271.37,1773.36,100
232,74,17,112.3,581.59,12
232,75,23,122.96,689.53,20
232,79,232,242.0,2657.93,272
232,80,27,80.75,406.1,32
232,81,1,18.9,73.0,1
232,82,2,16.7,60.0,2
232,83,3,19.17,73.68,1
232,85,1,6.1,34.5,1
232,87,88,156.09,1077.48,108
232,88,33,69.36,412.97,41
232,89,2,15.9,69.0,2
232,90,39,108.75,694.84,46
232,91,3,36.9,113.5,3
232,92,2,12.27,91.9,2
232,93,1,7.67,29.6,1
232,95,3,27.98,47.8,3
232,97,16,58.1,334.84,16
232,100,54,206.62,1271.78,63
232,106,1,4.3,24.7,1
232,107,115,206.27,1542.54,143
232,112,21,76.12,385.98,25
232,113,52,89.61,754.09,59
232,114,75,93.77,879.93,107
232,116,5,49.56,129.6,5
232,123,1,13.5,47.5,1
232,125,27,45.68,331.1,42
232,126,1,11.1,36.5,1
232,127,2,24.33,81.39,0
232,129,2,14.18,59.2,3
232,132,37,614.83,2443.36,39
232,133,5,38.96,177.8,10
232,137,86,189.24,1351.64,90
232,138,24,236.85,923.13,10
232,140,86,386.62,1947.57,89
232,141,40,168.87,880.03,41
232,142,41,215.09,1327.42,41
232,143,25,146.27,765.38,23
232,144,99,111.51,1025.05,136
232,145,4,20.09,105.1,5
232,148,132,97.46,1831.04,176
232,149,1,11.2,38.5,1
232,151,12,78.61,409.53,13
232,152,4,40.3,172.82,1
232,153,1,14.1,41.5,1
232,155,6,50.8,246.0,6
232,156,1,23.09,89.1,1
232,158,37,91.93,686.74,39
232,159,1,0.0,35.0,1
232,161,50,204.21,1120.52,75
232,162,63,220.02,1223.68,81
232,163,27,131.09,765.12,33
232,164,55,174.42,1129.54,93
232,165,1,8.1,35.5,1
232,166,7,44.27,250.47,1
232,167,3,36.2,116.5,3
232,168,5,32.25,163.5,5
232,170,96,285.72,1735.93,113
232,174,1,15.1,46.5,1
232,177,3,14.81,77.8,3
232,179,2,17.3,82.1,1
232,180,1,10.99,78.9,0
232,181,17,88.19,467.42,23
232,185,1,16.32,85.6,1
232,186,63,209.86,1308.36,75
232,188,7,46.9,236.1,6
232,189,2,8.23,49.4,1
232,193,2,11.77,53.6,5
232,195,6,32.2,115.7,7
232,196,4,29.7,137.02,2
232,198,2,12.53,49.22,1
232,200,1,16.55,61.1,1
232,203,2,18.3,112.0,2
232,205,5,57.8,228.5,5
232,208,2,30.4,90.0,2
232,209,53,71.99,546.69,81
232,210,2,27.97,126.9,2
232,211,65,94.64,778.67,76
232,213,3,31.77,107.6,3
232,217,8,14.36,134.1,8
232,222,1,9.63,59.0,1
232,223,3,25.13,38.7,4
232,224,29,46.6,339.2,39
232,225,10,45.05,174.86,10
232,226,11,56.07,225.58,10
232,227,5,44.3,165.5,5
232,228,8,73.93,312.4,9
232,229,42,145.78,824.68,51
232,230,76,350.52,2014.02,117
232,231,116,210.04,1604.14,146
232,232,207,103.89,3445.38,241
232,233,55,169.11,886.22,69
232,234,65,169.44,1160.73,73
232,235,1,13.88,56.2,1
232,236,37,209.05,1110.37,36
232,237,31,147.77,744.64,33
232,238,19,120.29,627.09,15
232,239,39,226.09,1299.86,26
232,243,8,65.58,337.37,6
232,244,15,125.69,646.02,9
232,246,47,194.84,1262.12,40
232,247,1,9.1,19.5,1
232,249,78,161.37,1278.76,92
232,250,1,11.7,41.5,1
232,252,1,20.8,44.5,1
232,255,30,81.68,458.97,36
232,256,56,118.5,781.3,77
232,257,1,6.2,31.5,1
232,260,4,24.37,102.3,5
232,261,50,120.44,867.05,58
232,262,24,119.74,615.68,23
232,263,48,256.21,1267.95,62
233,1,141,2643.22,13323.35,237
233,4,169,383.08,2352.31,198
233,7,66,260.74,1455.94,74
233,9,2,20.9,83.8,2
233,10,2,14.7,101.5,2
233,11,2,29.33,109.7,2
233,12,13,68.78,307.8,27
233,13,173,995.7,4698.93,194
233,14,9,104.91,489.47,6
233,16,3,43.41,184.0,3
233,17,12,85.97,380.0,12
233,18,1,10.5,39.4,1
233,19,1,15.9,68.1,1
233,20,2,21.66,107.54,1
233,21,2,29.24,109.2,2
233,22,4,55.46,219.6,4
233,24,37,165.25,960.3,46
233,25,26,170.86,789.9,34
233,26,5,64.97,163.7,5
233,28,4,36.04,139.8,4
233,29,1,12.2,51.5,1
233,33,79,496.9,2219.99,92
233,34,5,33.15,91.6,7
233,35,2,18.5,93.6,2
233,36,16,112.25,482.32,16
233,37,18,122.56,584.79,24
233,39,2,34.2,141.2,2
233,40,14,105.12,477.4,18
233,41,85,405.16,2209.81,89
233,42,61,369.73,1589.68,63
233,43,242,555.6,4081.49,368
233,45,96,393.45,2007.66,129
233,47,2,7.54,71.5,2
233,48,603,894.29,8507.16,793
233,49,22,167.48,809.9,26
233,50,183,344.98,3110.21,243
233,51,5,64.92,226.9,5
233,52,11,62.05,320.7,13
233,54,4,31.35,153.4,4
233,55,1,18.24,70.2,2
233,56,3,14.29,97.8,4
233,60,1,10.32,49.9,2
233,61,9,67.99,301.3,8
233,62,2,19.3,88.2,2
233,64,2,15.1,101.8,2
233,65,33,197.42,915.9,34
233,66,20,122.36,579.8,35
233,67,1,13.36,59.0,1
233,68,693,1328.59,10795.14,903
233,69,8,63.49,270.7,8
233,70,3,30.1,121.0,5
233,71,2,21.73,92.2,2
233,72,2,23.9,78.0,2
233,74,108,437.42,2247.68,119
233,75,228,735.51,4259.76,270
233,76,2,23.0,83.0,2
233,77,5,46.18,229.4,5
233,79,934,1781.39,11188.38,1115
233,80,10,61.31,298.8,13
233,81,2,14.38,96.8,2
233,82,5,30.92,161.3,6
233,83,6,42.02,195.8,7
233,86,1,20.9,58.5,1
233,87,207,1005.93,4818.1,236
233,88,147,734.79,3387.61,212
233,89,7,84.35,354.2,9
233,90,290,585.12,4172.62,339
233,91,3,33.1,128.5,3
233,92,4,34.79,166.7,4
233,93,5,39.27,41.5,5
233,95,19,149.79,679.54,32
233,97,21,129.23,648.76,23
233,98,1,17.86,68.8,1
233,100,583,680.99,6918.43,733
233,101,2,33.9,193.2,2
233,102,3,30.18,118.0,3
233,106,5,39.32,185.1,6
233,107,1193,1526.34,11122.31,1454
233,108,2,27.1,102.0,2
233,111,1,10.69,43.6,1
233,112,53,208.75,1085.41,76
233,113,366,754.92,5054.17,435
233,114,305,762.75,4964.68,380
233,116,19,130.21,623.96,18
233,121,1,13.67,64.6,2
233,122,3,46.21,139.9,3
233,123,2,26.64,0.0,2
233,125,58,200.16,1202.69,71
233,126,4,33.79,172.6,4
233,127,5,48.9,199.8,9
233,129,17,109.62,541.8,24
233,130,2,26.35,113.1,2
233,132,704,11555.75,48288.16,1120
233,133,3,32.85,132.2,4
233,134,4,38.7,78.8,5
233,135,1,10.63,44.3,1
233,136,2,20.71,86.5,2
233,137,1172,1005.04,8460.71,1425
233,138,750,51502.59,30209.64,947
233,140,1443,2257.39,16480.28,1682
233,141,1556,2204.83,15868.23,1906
233,142,542,1265.91,9335.93,659
233,143,205,553.63,4091.86,240
233,144,198,552.56,3431.36,268
233,145,94,259.42,1537.4,113
233,146,25,76.31,476.19,28
233,148,295,818.3,4913.44,343
233,149,20,233.95,903.2,20
233,150,1,19.6,77.2,1
233,151,96,413.28,2399.51,120
233,152,8,58.27,282.3,8
233,153,1,10.86,43.6,1
233,157,1,5.14,21.9,1
233,158,139,391.64,2746.57,155
233,159,4,25.37,117.7,5
233,160,19,159.43,705.7,20
233,161,1639,1544.66,16325.9,2060
233,162,1332,971.97,10836.52,1590
233,163,794,1115.49,9892.94,1000
233,164,934,1000.56,9375.91,1201
233,165,5,51.26,268.6,7
233,166,54,296.14,1619.12,47
233,167,2,18.11,90.7,3
233,168,6,31.64,153.4,6
233,170,1339,944.05,10559.86,1653
233,171,2,23.86,94.9,3
233,173,1,7.64,47.8,5
233,174,1,14.36,59.0,6
233,177,3,25.84,121.7,3
233,179,24,106.44,560.2,31
233,181,51,421.6,1942.8,66
233,182,1,13.4,35.5,1
233,185,2,26.32,107.5,8
233,186,1044,1567.02,14019.9,1302
233,188,6,56.26,266.3,7
233,189,10,76.42,354.18,9
233,190,2,15.6,76.2,2
233,191,2,26.56,99.4,2
233,193,32,106.32,720.75,18
233,194,1,6.05,36.75,0
233,195,7,61.37,293.9,13
233,196,12,88.92,392.3,13
233,197,12,120.36,477.25,2
233,198,4,28.09,128.2,6
233,200,9,121.74,467.71,6
233,202,36,145.77,817.7,43
233,208,2,44.45,113.6,2
233,209,78,342.01,1661.91,104
233,210,2,34.6,110.0,2
233,211,157,465.49,2900.67,185
233,212,2,20.32,80.9,2
233,213,1,9.8,40.1,2
233,214,1,16.92,64.6,1
233,215,2,28.2,94.3,3
233,216,4,54.45,235.8,4
233,217,16,90.52,427.7,19
233,218,1,13.4,44.5,1
233,219,3,49.05,164.0,4
233,220,6,72.93,312.7,6
233,221,1,15.4,70.9,1
233,222,1,21.8,42.5,1
233,223,23,161.93,764.7,25
233,224,369,561.94,3809.01,443
233,225,10,71.58,342.2,9
233,226,50,194.74,1046.14,70
233,227,1,12.04,55.5,1
233,228,13,132.5,581.55,7
233,229,1767,1426.43,12778.14,2146
233,230,1089,1270.73,13770.46,1504
233,231,283,1399.54,7079.32,362
233,232,186,574.2,3003.99,211
233,233,976,530.94,13856.88,1237
233,234,854,1348.93,10228.29,1021
233,235,3,28.79,114.7,3
233,236,849,2026.46,13695.43,1036
233,237,1383,1992.86,16203.73,1676
233,238,248,935.34,5705.9,286
233,239,345,1074.4,6979.96,444
233,241,1,14.8,38.5,1
233,242,1,13.35,54.1,1
233,243,17,136.62,609.7,14
233,244,40,312.71,1506.26,39
233,246,363,754.34,6028.18,443
233,247,2,12.04,0.0,2
233,248,1,9.45,39.4,2
233,249,336,898.54,5890.92,413
233,251,1,19.14,72.3,1
233,254,2,26.82,104.7,2
233,255,43,234.26,1155.42,56
233,256,27,141.84,750.9,34
233,257,3,30.81,135.7,4
233,258,1,10.19,39.35,0
233,259,1,0.0,45.5,1
233,260,18,81.03,450.2,24
233,261,127,687.91,3160.17,167
233,262,688,1629.47,10275.7,837
233,263,881,1997.08,12929.6,1103
234,1,95,1596.78,8129.96,142
234,4,454,763.89,5689.91,545
234,7,103,589.09,3119.72,132
234,10,4,61.91,258.89,4
234,11,3,41.82,183.12,3
234,12,31,118.87,656.81,55
234,13,567,1945.74,11370.25,677
234,14,14,175.19,720.4,16
234,16,1,15.83,70.9,1
234,17,43,262.43,1480.0,54
234,18,4,49.05,208.0,6
234,20,1,0.0,25.4,1
234,22,1,11.1,52.0,1
234,24,84,447.01,2428.75,94
234,25,91,474.57,2522.0,108
234,26,10,102.21,449.72,12
234,27,1,23.96,90.5,1
234,28,4,49.1,204.5,4
234,29,2,29.1,114.2,2
234,32,3,13.14,144.2,3
234,33,226,1073.17,5628.79,273
234,34,8,33.41,213.0,11
234,35,2,11.6,106.9,2
234,36,21,153.76,782.6,29
234,37,18,113.44,585.3,21
234,39,1,0.0,38.5,1
234,40,56,350.72,1729.04,62
234,41,159,888.18,4705.32,189
234,42,145,1022.24,4829.06,147
234,43,393,1152.36,7762.91,587
234,45,156,401.59,2677.43,218
234,48,1566,3018.76,22818.29,2003
234,49,73,390.31,2095.77,79
234,50,695,1604.7,11184.55,838
234,51,1,15.6,59.7,1
234,52,42,222.04,1171.8,47
234,54,12,67.81,366.4,14
234,55,4,67.55,272.4,5
234,56,2,17.84,75.2,2
234,57,2,21.75,92.1,3
234,58,1,13.33,72.3,1
234,60,1,11.05,-45.0,3
234,61,42,309.84,1518.66,50
234,62,9,60.61,337.8,10
234,63,1,12.0,38.5,1
234,64,1,16.0,66.0,1
234,65,54,235.45,1229.8,63
234,66,94,433.98,2399.91,115
234,67,7,82.32,351.4,7
234,68,3320,3585.09,31459.7,4202
234,69,5,45.12,198.4,5
234,70,7,60.66,256.2,8
234,71,2,18.22,90.7,7
234,72,4,26.95,177.0,6
234,74,141,770.16,3623.02,149
234,75,285,1263.96,6925.72,329
234,76,2,18.1,90.0,2
234,77,1,8.23,40.1,2
234,78,2,22.98,102.66,3
234,79,2817,3537.9,28642.32,3553
234,80,57,289.5,1546.36,88
234,82,10,78.58,396.73,7
234,83,7,43.06,217.0,7
234,84,1,27.0,102.4,1
234,85,4,52.22,179.1,4
234,87,583,1968.35,11423.79,651
234,88,217,914.52,4792.22,286
234,89,18,181.83,699.7,21
234,90,1807,1347.75,13706.24,2245
234,91,1,14.0,57.6,1
234,92,3,37.65,157.4,5
234,93,2,31.93,91.5,2
234,95,30,279.98,1311.21,34
234,97,90,414.29,2455.73,112
234,100,1558,1762.75,15871.46,2112
234,102,3,26.9,135.7,3
234,106,13,83.17,433.8,16
234,107,2184,1581.07,16587.22,2722
234,108,2,31.88,124.3,2
234,109,1,22.47,94.0,1
234,112,111,523.32,2824.87,134
234,113,2654,2094.09,19212.72,3348
234,114,1769,2035.27,16248.79,2252
234,116,57,426.48,2101.53,59
234,119,7,70.62,315.87,5
234,120,2,18.97,40.14,2
234,121,5,67.48,293.62,4
234,123,2,28.25,94.8,2
234,124,3,45.81,192.4,3
234,125,727,1232.28,8599.65,863
234,126,1,10.5,48.5,1
234,127,26,277.97,1024.04,33
234,128,2,21.04,79.76,1
234,129,46,338.62,1505.7,59
234,130,3,38.44,157.4,6
234,131,2,26.53,110.55,1
234,132,321,5525.43,22324.11,437
234,133,5,49.82,210.3,6
234,134,3,35.63,210.7,3
234,135,4,49.54,101.2,10
234,136,4,47.27,182.6,5
234,137,1632,1577.22,14546.67,2016
234,138,375,3821.7,16277.66,442
234,140,744,2357.17,14787.98,888
234,141,1110,3130.37,20039.55,1351
234,142,1129,3229.62,21830.46,1373
234,143,649,2118.11,13387.91,764
234,144,1282,2035.24,15228.31,1657
234,145,130,470.46,2744.37,169
234,146,26,107.44,626.79,25
234,147,1,9.2,42.2,2
234,148,1044,1977.58,14895.76,1292
234,149,3,41.37,182.6,4
234,150,1,18.0,69.5,1
234,151,282,1423.41,7706.28,331
234,152,50,332.51,1754.46,49
234,157,7,45.96,142.4,11
234,158,1420,1905.18,14952.16,1733
234,159,3,25.13,119.6,3
234,160,6,45.48,202.8,6
234,161,3408,4961.08,40960.68,4428
234,162,1716,2730.01,20837.51,2194
234,163,1400,2785.43,21742.41,1798
234,164,2413,2050.5,19929.72,3061
234,165,4,44.82,207.9,4
234,166,130,744.51,4131.47,152
234,167,4,35.6,161.1,3
234,168,11,96.42,323.8,15
234,169,2,31.3,134.8,1
234,170,4660,4636.73,40818.24,5758
234,171,1,12.0,53.4,1
234,172,3,53.26,223.2,5
234,173,15,149.58,467.7,19
234,174,1,15.7,62.5,1
234,175,2,30.96,123.6,2
234,177,1,6.8,40.8,1
234,179,24,138.68,762.2,36
234,181,124,783.54,4104.98,154
234,182,2,26.98,108.9,2
234,183,1,13.7,52.7,1
234,185,3,36.58,136.49,2
234,186,3049,2478.96,25229.58,3771
234,187,1,22.11,85.6,2
234,188,14,114.19,593.5,27
234,189,58,322.36,1780.5,73
234,190,9,61.95,324.5,12
234,193,7,23.67,183.4,7
234,195,16,119.1,570.9,21
234,196,4,31.42,143.6,4
234,197,2,23.82,115.2,2
234,198,14,112.23,460.5,23
234,200,6,77.58,323.2,7
234,202,13,68.76,368.7,22
234,205,2,14.6,104.7,1
234,208,1,13.5,57.6,1
234,209,210,680.33,4179.15,257
234,211,1274,1929.94,14372.57,1573
234,212,1,0.0,34.5,1
234,216,7,101.47,460.7,7
234,217,25,116.29,720.7,36
234,219,1,15.7,47.5,1
234,220,9,114.18,489.0,14
234,223,38,282.97,1292.21,57
234,224,686,715.19,6120.98,886
234,225,34,215.91,1133.03,39
234,226,53,283.79,1403.92,60
234,227,4,38.74,171.6,5
234,228,14,125.35,567.7,25
234,229,1405,3019.79,20823.62,1682
234,230,2368,3748.11,31616.38,3388
234,231,1756,3915.49,26287.77,2169
234,232,446,1148.8,7465.07,535
234,233,1287,1929.73,14830.31,1613
234,234,2447,1256.2,20994.86,3114
234,235,2,20.78,0.0,4
234,236,1566,5363.89,33828.43,1985
234,237,1885,4627.47,32444.1,2325
234,238,669,2980.04,16969.27,746
234,239,956,3635.6,22230.97,1159
234,240,1,14.43,56.9,1
234,241,2,27.69,106.1,2
234,242,2,27.42,125.7,2
234,243,57,571.15,2465.43,59
234,244,75,655.8,2941.23,75
234,246,2382,3443.03,26878.03,2874
234,247,3,25.01,119.6,4
234,248,1,13.5,56.2,3
234,249,2971,3256.95,26722.5,3715
234,250,1,12.62,49.9,1
234,252,1,14.89,66.7,1
234,254,1,13.5,44.5,1
234,255,100,538.44,3011.85,133
234,256,125,543.71,3204.0,152
234,257,19,170.95,773.8,20
234,258,2,20.24,88.6,2
234,259,1,16.51,70.2,1
234,260,15,94.78,494.59,17
234,261,319,975.54,5949.49,391
234,262,624,2472.94,14345.12,754
234,263,816,2989.51,17771.42,1002
235,3,3,11.5,93.45,2
235,14,2,39.3,140.0,2
235,18,3,5.2,51.5,3
235,25,1,15.3,47.5,1
235,26,1,17.6,58.5,1
235,29,4,73.1,286.0,4
235,32,4,15.6,134.0,4
235,33,2,26.0,117.0,2
235,41,4,15.9,95.0,4
235,42,7,13.77,115.38,4
235,45,1,12.03,41.51,0
235,47,2,2.96,88.4,2
235,48,5,41.62,170.9,5
235,49,2,28.3,91.0,2
235,50,3,29.67,104.86,1
235,51,1,7.7,33.5,1
235,55,4,62.9,280.0,4
235,56,1,0.0,39.5,1
235,61,1,0.0,55.0,1
235,63,1,19.8,52.5,1
235,65,2,18.8,81.0,2
235,68,1,10.61,36.85,0
235,69,4,7.94,63.05,3
235,72,5,90.3,294.5,5
235,74,11,53.54,255.98,8
235,75,8,34.06,243.76,11
235,78,4,8.19,68.37,3
235,81,1,6.1,33.5,1
235,94,1,2.4,13.5,3
235,95,4,60.2,164.0,4
235,97,2,25.3,91.0,2
235,100,4,30.47,139.33,3
235,107,3,29.33,120.28,2
235,108,1,0.0,71.5,1
235,113,1,11.0,39.5,1
235,114,1,10.3,38.5,1
235,116,2,2.8,42.0,2
235,117,2,47.0,131.0,2
235,119,2,2.72,29.33,2
235,126,2,10.0,51.0,2
235,127,3,5.54,41.5,2
235,132,1,19.69,80.0,1
235,136,1,2.06,16.11,0
235,137,2,27.5,73.0,2
235,140,4,33.5,127.0,4
235,142,3,26.1,97.5,3
235,147,1,5.1,25.3,0
235,148,2,22.7,79.0,2
235,149,1,22.0,72.5,1
235,151,4,25.7,100.0,4
235,152,5,15.51,120.29,2
235,153,1,1.9,18.5,1
235,161,3,25.24,100.57,2
235,162,2,16.0,74.0,2
235,163,2,16.9,65.0,2
235,164,1,0.0,33.5,1
235,165,1,22.2,18.5,1
235,166,1,1.6,22.5,1
235,167,3,5.3,55.4,4
235,168,3,12.27,69.28,2
235,169,6,5.86,86.05,4
235,170,1,9.5,35.5,1
235,173,1,6.5,33.1,1
235,174,4,18.71,91.64,3
235,179,1,6.2,27.5,1
235,185,3,6.9,65.25,2
235,186,3,30.3,106.5,3
235,208,1,0.0,32.87,0
235,209,3,38.8,133.5,3
235,213,1,3.6,30.5,1
235,219,1,20.0,57.5,1
235,220,2,5.8,42.0,2
235,225,1,16.6,55.5,1
235,228,2,37.77,130.01,1
235,229,1,11.5,33.5,1
235,231,2,34.1,88.0,2
235,234,12,130.6,448.0,12
235,235,15,18.08,344.96,15
235,236,4,33.25,135.91,3
235,237,1,5.9,29.5,1
235,238,1,7.44,35.71,0
235,239,1,7.19,31.0,1
235,241,2,5.44,47.13,3
235,242,6,29.1,175.0,6
235,243,2,3.21,17.91,1
235,244,11,37.37,208.64,7
235,247,6,9.15,83.61,6
235,249,1,10.1,39.5,1
235,254,3,16.26,78.12,2
235,255,1,13.2,44.5,1
235,259,2,10.7,53.0,2
235,262,1,7.6,48.5,1
236,1,65,1289.68,6342.45,91
236,3,1,9.6,38.7,1
236,4,68,349.9,1636.8,77
236,7,89,437.6,2450.85,104
236,8,2,11.15,55.0,2
236,10,1,16.47,70.0,1
236,11,2,31.96,126.9,2
236,12,5,39.58,189.93,5
236,13,248,2008.74,9366.75,265
236,14,15,208.2,743.99,14
236,16,2,35.8,142.5,1
236,17,16,153.56,740.7,21
236,18,3,25.45,117.5,7
236,19,1,19.17,75.1,1
236,20,4,35.04,154.1,4
236,22,1,15.3,46.5,1
236,24,555,1207.8,7468.36,644
236,25,17,161.2,748.87,17
236,26,8,118.38,492.1,10
236,28,1,14.62,58.3,1
236,29,3,66.82,263.8,4
236,32,4,19.01,135.5,4
236,33,72,628.15,2881.17,85
236,34,1,10.62,56.9,1
236,36,8,72.09,355.1,12
236,37,5,61.3,281.0,6
236,40,26,266.81,1154.95,31
236,41,898,1853.67,11495.58,1118
236,42,445,1331.0,7270.96,506
236,43,2989,3383.06,28064.53,3955
236,45,75,509.91,2542.25,93
236,48,1220,3427.38,22053.73,1542
236,49,19,195.61,934.37,20
236,50,419,1245.15,7930.65,502
236,51,4,57.11,198.8,5
236,52,26,239.47,1045.9,42
236,54,6,58.05,269.3,9
236,55,3,50.7,168.5,3
236,58,1,10.49,47.8,1
236,59,1,5.85,39.4,1
236,60,1,8.92,37.3,1
236,61,15,172.3,781.44,21
236,62,3,34.65,162.1,4
236,63,8,102.99,449.6,10
236,65,28,240.75,1118.9,34
236,66,35,305.19,1310.22,47
236,67,1,14.9,61.8,1
236,68,1085,4184.29,25231.2,1341
236,69,18,84.8,438.53,28
236,70,7,52.49,254.39,4
236,71,1,4.9,46.5,1
236,72,1,17.1,76.5,0
236,74,2143,4007.36,24552.65,2681
236,75,4936,4471.5,37011.85,6159
236,76,3,45.75,213.4,3
236,77,2,26.94,115.7,2
236,78,3,26.62,115.4,7
236,79,437,2091.96,11264.62,540
236,80,18,159.0,780.6,18
236,81,5,66.44,271.2,6
236,82,19,140.9,722.94,19
236,83,13,89.9,503.94,18
236,85,5,65.24,303.06,4
236,86,2,18.9,130.5,2
236,87,175,1277.64,5670.51,196
236,88,143,1092.72,4848.12,160
236,89,3,44.39,188.9,6
236,90,456,1754.59,11158.4,538
236,91,1,14.4,48.5,1
236,92,6,66.73,272.1,9
236,94,2,17.17,83.0,2
236,95,43,455.16,1949.5,48
236,97,21,205.43,960.4,26
236,100,570,1692.44,11786.29,747
236,102,2,19.78,90.7,3
236,106,8,84.3,373.82,11
236,107,803,2920.78,17791.24,981
236,112,62,331.58,1858.64,79
236,113,732,2973.3,18211.56,897
236,114,316,1536.23,8900.13,399
236,116,140,556.04,3078.91,155
236,119,13,71.26,277.3,13
236,120,5,32.11,150.7,5
236,123,1,17.38,77.9,3
236,124,1,20.32,84.2,1
236,125,143,908.6,4834.28,174
236,126,3,14.45,73.7,3
236,127,33,246.83,1051.37,25
236,128,4,24.82,144.65,3
236,129,42,284.33,1415.31,54
236,130,1,14.21,55.5,1
236,132,504,9456.53,35204.97,627
236,133,3,41.94,179.1,3
236,134,2,26.54,108.2,3
236,135,5,52.66,251.61,4
236,136,9,66.93,307.7,9
236,137,479,1711.76,9820.79,528
236,138,949,8278.4,34772.59,1074
236,139,1,17.1,64.62,0
236,140,5190,6994.69,58111.36,6466
236,141,6930,7686.48,66226.94,8964
236,142,5578,10746.38,71515.26,7107
236,143,1927,4343.17,28948.2,2371
236,144,236,1354.77,7494.83,309
236,145,79,291.07,1786.87,90
236,146,25,102.86,614.33,36
236,147,2,11.24,57.1,2
236,148,205,1189.9,6044.04,234
236,149,2,34.44,142.9,2
236,151,1726,3096.17,20839.56,2173
236,152,98,333.36,1973.27,118
236,155,2,30.9,124.5,2
236,157,20,139.49,638.54,20
236,158,306,1661.19,9190.79,388
236,159,12,50.93,275.17,12
236,160,9,79.11,294.0,10
236,161,7115,13665.8,100610.11,8537
236,162,5473,9759.69,74392.58,6874
236,163,3814,6532.45,49654.47,4774
236,164,1162,3251.97,22055.74,1496
236,165,4,61.5,278.08,2
236,166,1011,2614.16,15633.39,1280
236,167,5,19.8,129.5,5
236,168,59,206.37,1027.36,68
236,169,2,14.0,61.3,2
236,170,1945,5109.19,34987.29,2454
236,171,4,51.91,210.8,4
236,173,1,6.86,33.8,1
236,174,6,69.45,281.17,5
236,175,1,11.5,50.5,1
236,177,2,28.4,132.0,2
236,179,31,162.06,847.2,41
236,180,3,41.38,163.9,4
236,181,59,660.41,2886.42,62
236,182,3,18.22,108.93,2
236,183,2,21.34,0.0,2
236,184,2,24.7,106.1,2
236,185,5,50.78,190.1,5
236,186,991,3263.81,22314.8,1278
236,188,6,74.8,283.3,6
236,189,13,138.78,624.09,14
236,190,1,11.95,53.4,1
236,191,2,38.7,104.0,2
236,192,2,24.72,104.7,3
236,193,12,42.13,296.15,9
236,194,26,122.78,549.9,42
236,195,5,54.4,243.2,7
236,196,9,80.04,391.7,9
236,197,3,47.93,179.5,3
236,198,8,68.06,365.22,6
236,200,16,158.1,680.1,27
236,202,33,161.23,913.17,41
236,203,1,10.3,64.5,1
236,205,1,15.7,49.5,1
236,207,1,9.21,38.0,1
236,208,5,49.98,197.87,4
236,209,68,471.45,2320.84,81
236,211,263,1437.41,8153.97,330
236,212,3,21.39,90.2,3
236,213,8,60.46,266.85,9
236,216,12,158.59,682.7,13
236,217,17,145.29,662.4,21
236,218,3,49.8,171.6,4
236,220,25,238.79,969.17,29
236,223,67,413.05,2069.07,77
236,224,130,545.28,2921.28,157
236,225,6,59.67,324.57,5
236,226,79,332.6,1872.4,94
236,228,11,141.88,607.7,14
236,229,2882,5782.78,42229.6,3746
236,230,2046,5161.06,36236.44,2647
236,231,483,3529.89,17376.0,580
236,232,102,603.25,2909.1,114
236,233,854,2231.6,14683.9,1031
236,234,1287,4424.38,28154.29,1564
236,235,9,61.72,157.4,10
236,236,15955,9954.84,109377.58,20641
236,237,19402,20267.32,178006.39,24866
236,238,6385,8949.55,64114.19,8003
236,239,6808,9727.73,68862.28,8605
236,241,9,83.03,348.3,17
236,242,3,31.45,135.0,4
236,243,123,859.5,3957.59,125
236,244,234,1355.43,6753.24,269
236,246,790,3320.74,18996.92,979
236,247,13,60.91,293.6,17
236,248,3,23.92,107.7,3
236,249,480,2312.27,13639.42,573
236,250,5,41.58,174.6,6
236,252,4,48.44,196.7,3
236,254,4,49.77,223.0,5
236,255,39,311.12,1522.52,47
236,256,31,243.59,1187.1,42
236,257,7,89.94,366.1,7
236,258,4,48.89,221.3,5
236,259,4,49.28,203.8,4
236,260,20,125.93,642.25,20
236,261,105,849.71,3868.14,129
236,262,5598,4974.14,45902.2,7362
236,263,5569,3877.53,38885.7,7228
237,1,99,1936.71,9272.51,160
237,4,116,456.79,2544.96,158
237,7,274,982.57,5538.34,346
237,10,3,45.06,181.6,3
237,11,1,14.53,67.4,1
237,12,8,57.92,268.3,12
237,13,277,2017.44,9486.74,354
237,14,11,154.23,681.08,10
237,16,2,30.15,116.6,2
237,17,23,180.33,985.2,34
237,18,1,7.84,35.2,1
237,20,3,33.14,145.5,3
237,21,2,36.8,148.8,2
237,22,1,16.3,66.7,1
237,24,308,946.94,5553.79,393
237,25,50,423.71,1921.3,65
237,26,6,65.32,341.3,6
237,28,5,72.02,287.5,7
237,29,2,41.15,160.7,2
237,31,2,22.25,96.3,4
237,32,1,10.82,46.4,1
237,33,138,1065.22,5195.39,162
237,34,4,34.68,179.3,6
237,36,11,80.55,339.2,14
237,37,13,100.0,511.3,12
237,39,1,23.7,70.5,1
237,40,29,262.85,1190.2,34
237,41,522,1600.49,8965.08,623
237,42,252,980.97,5202.87,313
237,43,2838,3327.6,27855.4,3776
237,45,69,390.43,1953.71,83
237,47,2,11.01,51.5,2
237,48,1601,2903.49,22472.84,1981
237,49,36,312.8,1559.8,47
237,50,544,1112.79,7897.41,671
237,51,1,12.4,41.5,1
237,52,31,263.17,1219.3,40
237,54,1,10.35,49.9,1
237,55,3,39.42,205.1,4
237,56,7,80.21,323.9,10
237,59,2,15.31,85.8,4
237,60,5,37.52,108.3,6
237,61,34,346.77,1565.68,25
237,62,4,45.19,210.8,5
237,63,2,25.48,125.9,3
237,64,1,20.4,78.6,1
237,65,21,165.66,797.0,20
237,66,52,392.69,1867.7,74
237,67,4,57.07,209.3,4
237,68,1370,3919.12,26536.31,1757
237,69,14,82.94,386.3,19
237,70,3,23.48,122.4,3
237,71,2,28.25,110.5,2
237,73,2,23.43,99.8,3
237,74,726,1972.24,11008.22,855
237,75,2430,4225.83,28566.22,3134
237,76,4,49.42,221.32,3
237,78,2,19.1,82.99,1
237,79,701,2480.71,14584.87,865
237,80,16,101.74,533.97,19
237,81,2,29.26,134.8,2
237,82,44,273.48,1443.8,48
237,83,10,51.57,281.3,24
237,86,2,45.6,141.0,2
237,87,198,1271.52,6202.07,236
237,88,169,1124.57,5182.88,209
237,89,15,189.72,829.8,15
237,90,815,2345.71,15945.93,1011
237,91,3,67.2,264.6,3
237,92,4,47.59,199.6,4
237,93,2,22.65,96.3,3
237,95,86,774.21,3755.97,107
237,96,1,11.73,48.5,2
237,97,40,334.06,1613.1,58
237,98,1,15.96,91.9,1
237,100,955,1896.06,14783.22,1236
237,101,1,20.9,84.9,1
237,102,2,18.69,83.0,2
237,106,6,63.44,288.9,7
237,107,1439,3495.69,22980.9,1805
237,108,1,20.09,89.1,1
237,112,94,407.91,2295.9,106
237,113,1125,3419.47,22451.66,1430
237,114,601,2177.95,13579.49,729
237,116,110,578.1,2888.83,135
237,117,2,45.37,195.6,2
237,118,1,23.03,87.0,1
237,119,3,22.46,94.4,3
237,120,1,5.5,27.5,1
237,121,4,45.7,180.3,4
237,123,5,73.71,286.1,6
237,124,1,12.05,58.3,1
237,125,199,876.94,5316.18,248
237,126,4,26.24,127.5,4
237,127,18,146.84,689.94,17
237,128,2,18.15,70.54,2
237,129,74,407.66,2041.62,101
237,130,3,37.19,162.3,5
237,131,2,29.24,118.7,2
237,132,487,8843.89,33714.79,676
237,133,4,53.48,224.8,4
237,134,4,48.69,217.1,5
237,135,2,21.89,95.6,2
237,136,6,50.19,223.8,8
237,137,641,1452.1,9875.56,746
237,138,830,7965.57,34747.5,1040
237,140,5598,5118.41,50072.36,7010
237,141,6668,5081.38,51165.85,8456
237,142,6016,7718.55,62626.18,7643
237,143,2255,3734.52,28871.67,2756
237,144,412,1678.33,10248.26,555
237,145,202,589.39,3590.98,259
237,146,72,186.21,1114.83,75
237,147,4,23.31,114.5,4
237,148,287,1307.46,7193.33,354
237,149,1,15.8,85.6,2
237,151,923,2553.63,15515.59,1179
237,152,66,284.84,1560.4,79
237,153,1,9.23,35.9,1
237,155,3,49.39,193.5,6
237,157,19,104.03,552.6,19
237,158,478,1951.88,11982.89,581
237,159,10,48.49,208.6,10
237,160,2,13.91,61.5,2
237,161,8834,9328.58,85054.12,11156
237,162,7604,7409.28,69755.86,9584
237,163,4331,4020.87,39303.35,5564
237,164,1883,3526.14,26923.05,2417
237,165,3,42.24,201.5,3
237,166,541,1900.25,11008.26,668
237,167,7,42.6,220.6,9
237,168,20,112.17,557.7,22
237,169,7,75.94,193.5,8
237,170,3229,5196.39,40807.06,4058
237,171,3,34.64,60.4,3
237,173,4,29.95,152.0,8
237,174,1,11.4,45.7,1
237,177,2,20.3,87.0,2
237,178,1,10.5,43.5,1
237,179,78,320.0,1632.81,93
237,180,1,16.74,67.4,1
237,181,87,844.69,4010.9,115
237,182,3,20.62,124.2,3
237,183,1,11.02,44.3,1
237,185,6,70.54,203.8,10
237,186,1544,3589.74,26551.53,1937
237,187,1,24.77,93.3,2
237,188,4,47.76,226.9,5
237,189,30,283.19,1356.3,44
237,190,10,110.46,515.8,10
237,192,2,22.29,99.1,2
237,193,36,102.86,530.5,46
237,194,3,18.16,85.3,4
237,195,14,151.2,654.5,19
237,196,14,98.49,439.9,14
237,197,6,76.4,364.1,10
237,198,16,127.8,533.6,17
237,200,24,253.54,996.7,28
237,202,95,364.65,2040.65,129
237,203,1,17.78,69.5,1
237,205,2,28.8,115.1,2
237,208,1,10.7,42.9,1
237,209,109,682.54,3308.99,147
237,210,4,78.32,272.32,3
237,211,491,1996.98,12109.33,650
237,212,3,26.23,97.8,3
237,213,5,38.35,172.4,5
237,214,1,19.37,77.2,1
237,215,1,2.4,41.5,1
237,216,10,152.49,627.7,11
237,217,36,259.83,1382.0,47
237,220,18,185.29,687.1,18
237,222,1,22.2,45.5,1
237,223,97,514.11,2629.36,123
237,224,231,738.89,4294.14,294
237,225,10,88.34,480.9,10
237,226,163,543.08,3082.94,198
237,227,3,36.96,144.5,4
237,228,13,154.09,568.3,17
237,229,4531,4863.77,43898.69,5764
237,230,2303,3416.3,29198.83,3120
237,231,696,4031.32,21579.48,832
237,232,174,860.93,4437.59,203
237,233,1526,2347.19,18472.01,1951
237,234,1934,4713.32,32526.94,2446
237,235,8,64.86,283.7,11
237,236,21883,23152.63,191748.6,28162
237,237,14938,9286.28,109600.76,19224
237,238,3686,8302.04,53035.9,4641
237,239,4675,8320.44,57880.64,5951
237,240,1,13.71,-54.8,2
237,241,9,92.71,431.05,9
237,242,3,33.18,140.68,2
237,243,81,609.86,3001.7,80
237,244,163,1071.26,5182.21,186
237,246,1035,3170.39,20403.54,1250
237,247,12,68.77,356.8,14
237,248,4,31.85,134.31,1
237,249,919,3339.57,21103.22,1150
237,250,5,48.3,202.1,6
237,252,1,14.13,60.4,1
237,255,49,313.62,1642.9,57
237,256,50,348.75,1700.1,65
237,257,5,60.03,241.8,13
237,258,7,79.55,374.5,8
237,259,1,15.11,61.8,1
237,260,62,268.4,1361.1,66
237,261,112,770.47,3655.55,146
237,262,4269,6250.47,47900.78,5495
237,263,5691,6768.06,53373.16,7356
238,1,79,1556.72,7492.24,96
238,4,43,277.11,1303.5,33
238,7,63,364.04,1696.88,70
238,11,1,16.91,70.2,1
238,12,7,54.99,252.7,9
238,13,138,898.71,4375.93,162
238,14,2,25.6,106.8,2
238,15,1,16.4,66.0,6
238,17,3,33.01,148.3,3
238,18,4,35.68,160.4,5
238,20,2,17.26,76.7,1
238,24,1321,1279.01,9906.38,1642
238,25,14,145.95,649.34,15
238,26,1,15.73,64.6,1
238,29,1,21.75,81.4,1
238,31,1,11.75,56.2,1
238,33,24,239.31,1110.77,33
238,34,4,36.64,153.4,4
238,36,2,23.56,104.7,3
238,37,4,43.75,228.45,3
238,38,2,36.5,120.0,2
238,39,1,21.7,66.5,1
238,40,3,31.67,124.2,4
238,41,1233,2114.37,14051.54,1556
238,42,571,1598.1,9243.61,696
238,43,1309,1746.3,12973.26,1748
238,45,43,330.31,1626.26,53
238,47,1,7.8,31.5,1
238,48,1517,3528.98,22499.46,1865
238,49,1,9.76,49.2,1
238,50,626,1496.56,9085.85,726
238,51,4,63.92,271.7,5
238,52,9,90.52,334.2,8
238,53,13,174.79,729.2,13
238,54,10,112.15,552.2,6
238,55,1,21.0,89.1,1
238,59,1,7.87,33.1,1
238,60,5,36.7,189.3,6
238,61,8,105.02,495.69,6
238,62,1,13.71,64.6,1
238,64,1,18.34,67.4,1
238,65,12,122.52,553.5,12
238,66,12,111.3,518.1,16
238,68,867,3019.21,17128.6,1015
238,69,26,139.98,621.77,27
238,70,2,9.19,72.6,2
238,72,1,12.2,66.5,1
238,73,2,24.18,96.3,3
238,74,946,2452.22,14622.94,1112
238,75,1854,2717.65,19698.41,2234
238,78,4,29.74,130.4,5
238,79,204,1211.34,6526.0,207
238,80,4,40.83,201.0,4
238,82,3,28.37,149.5,2
238,83,5,40.95,204.7,5
238,85,1,13.07,77.9,1
238,86,2,20.9,141.0,2
238,87,66,504.53,2436.86,63
238,88,52,408.28,1985.99,43
238,89,10,132.62,536.4,9
238,90,311,1331.79,7508.71,347
238,92,10,113.14,475.9,12
238,94,4,31.55,142.9,5
238,95,9,115.88,495.3,10
238,97,11,105.56,410.54,17
238,100,374,1168.18,7217.74,452
238,101,1,19.8,55.5,1
238,106,2,22.5,103.3,4
238,107,238,1121.15,6488.06,243
238,112,15,98.07,458.82,18
238,113,200,1034.25,5941.22,215
238,114,92,476.74,2833.35,97
238,116,415,1246.64,6864.9,478
238,119,4,26.38,111.05,3
238,120,4,14.79,106.29,2
238,121,5,45.36,274.4,5
238,123,3,51.5,144.5,3
238,125,50,288.27,1551.56,61
238,126,3,28.37,36.6,3
238,127,71,463.33,2000.85,80
238,128,11,63.42,314.63,7
238,129,19,147.02,662.8,24
238,130,2,33.65,134.1,2
238,132,333,6493.7,23149.8,396
238,133,1,15.03,67.4,1
238,134,2,37.42,142.31,0
238,135,1,14.5,61.8,2
238,136,6,45.23,191.27,7
238,137,212,1021.68,5696.61,240
238,138,491,4641.65,20019.0,475
238,140,1281,3353.79,23205.57,1493
238,141,1329,3065.41,21038.61,1579
238,142,5525,41384.9,54908.65,7059
238,143,3025,4094.38,30871.33,3743
238,144,76,504.87,2585.94,103
238,145,20,100.12,526.8,23
238,146,8,31.35,201.2,7
238,147,3,21.36,107.7,5
238,148,74,543.33,2676.33,77
238,150,2,21.2,120.0,2
238,151,3101,2366.05,21100.99,3956
238,152,339,749.35,4528.56,392
238,153,7,55.77,242.7,8
238,157,1,10.52,46.4,1
238,158,156,790.57,4182.98,200
238,159,33,152.64,760.97,33
238,161,1451,4062.64,26279.52,1666
238,162,936,2760.08,18179.92,1039
238,163,1749,3780.38,25671.09,2025
238,164,337,1259.76,7840.47,381
238,165,2,32.5,0.0,2
238,166,2765,3660.34,25512.75,3427
238,167,6,33.2,165.7,6
238,168,50,233.39,975.4,65
238,169,9,63.21,274.4,8
238,170,533,2008.88,12496.18,609
238,173,1,9.3,39.4,1
238,174,1,8.2,43.76,0
238,179,11,74.15,347.84,13
238,181,18,209.13,833.05,27
238,182,4,29.47,162.6,4
238,183,1,10.3,47.8,1
238,185,3,33.8,145.5,5
238,186,474,53280.47,9984.73,583
238,188,4,45.77,222.7,4
238,189,8,90.13,406.9,9
238,191,1,20.2,51.5,1
238,192,2,12.63,90.5,2
238,193,3,8.71,55.2,3
238,194,4,18.5,94.54,3
238,195,2,25.56,113.92,2
238,196,6,54.43,281.6,6
238,200,39,340.16,1310.98,36
238,202,5,28.34,146.6,5
238,208,3,35.08,145.6,3
238,209,24,188.57,933.62,24
238,211,116,712.84,3775.48,132
238,212,3,25.99,109.3,3
238,213,1,6.6,29.5,1
238,215,1,24.02,70.0,5
238,216,4,51.1,261.3,3
238,217,3,27.52,138.5,4
238,219,1,17.6,54.5,1
238,220,59,468.57,1891.34,68
238,223,12,91.47,487.6,13
238,224,38,196.65,1090.69,36
238,225,3,38.32,195.89,1
238,226,14,73.66,464.78,15
238,228,6,76.33,321.5,12
238,229,547,1715.11,10988.64,672
238,230,1244,3000.69,20117.52,1515
238,231,284,1832.98,9175.18,292
238,232,45,312.45,1514.3,49
238,233,279,1085.75,6470.35,317
238,234,422,1854.65,10751.46,483
238,235,6,33.02,168.5,7
238,236,5213,48204.33,52328.9,6417
238,237,2662,5566.67,38388.23,3137
238,238,4273,2458.98,32968.51,5373
238,239,7007,5495.55,49492.24,8903
238,240,1,10.07,42.9,3
238,241,7,66.03,277.2,12
238,242,3,31.49,122.35,2
238,243,233,1278.56,5701.72,241
238,244,598,2588.68,12731.99,650
238,246,638,2314.58,12487.59,716
238,247,19,93.79,492.3,24
238,248,1,9.5,30.5,1
238,249,233,1135.79,6373.94,296
238,250,1,9.92,38.0,1
238,254,6,71.97,316.5,7
238,255,13,117.49,624.2,12
238,256,7,67.75,220.8,12
238,257,11,89.8,461.5,11
238,258,1,12.4,69.5,0
238,259,4,51.22,215.0,5
238,260,5,36.31,184.4,5
238,261,51,352.49,1819.86,55
238,262,871,1717.86,12134.14,1029
238,263,1589,2637.33,19099.02,1889
239,1,129,2467.15,12074.79,179
239,3,3,22.9,135.3,4
239,4,68,398.83,2002.08,67
239,7,60,330.15,1693.2,75
239,10,5,82.22,297.17,7
239,11,2,31.87,126.2,2
239,12,22,138.6,652.08,32
239,13,217,1286.38,6631.39,267
239,14,8,85.91,478.3,9
239,17,2,22.16,103.3,2
239,18,1,8.75,40.8,1
239,20,4,47.15,201.7,5
239,24,1266,1940.56,12603.31,1594
239,25,16,165.07,734.0,26
239,26,1,16.59,69.5,1
239,31,2,24.12,99.8,2
239,32,2,28.8,124.3,6
239,33,40,373.44,1747.88,48
239,35,1,15.54,70.9,1
239,36,6,56.81,269.87,6
239,37,8,73.21,402.1,7
239,39,1,11.7,58.5,1
239,40,10,97.76,440.9,12
239,41,892,2130.31,12777.1,1140
239,42,354,1215.04,6708.82,425
239,43,1823,2352.41,17856.37,2491
239,45,54,376.54,1871.13,59
239,46,1,16.4,61.8,1
239,48,2963,4984.97,35441.93,3962
239,49,7,58.55,323.8,7
239,50,1041,1738.29,12174.96,1298
239,51,1,13.8,43.5,1
239,52,15,145.23,657.77,19
239,54,1,10.08,49.9,2
239,55,2,29.1,142.3,2
239,60,1,8.93,36.6,1
239,61,13,163.4,736.23,14
239,62,2,24.24,104.0,2
239,64,2,43.99,168.4,5
239,65,7,59.8,292.07,9
239,66,27,251.55,1222.7,36
239,67,3,43.7,178.1,4
239,68,1717,4686.02,28845.66,2176
239,69,14,91.86,468.1,16
239,70,4,36.5,196.8,8
239,74,584,1893.62,10363.02,742
239,75,1028,2192.8,14009.69,1279
239,78,4,36.13,153.4,5
239,79,388,2057.17,11251.65,436
239,80,13,100.23,513.81,15
239,82,9,66.99,280.0,13
239,83,7,52.84,274.4,11
239,86,1,32.64,128.3,1
239,87,79,567.29,2856.08,98
239,88,67,495.05,2385.33,88
239,89,8,98.43,485.36,9
239,90,504,1710.85,10170.29,629
239,91,1,20.3,51.5,1
239,92,2,26.34,106.8,4
239,94,6,48.17,139.4,7
239,95,28,368.98,1493.5,30
239,97,8,77.7,400.6,13
239,98,2,0.0,109.0,2
239,100,581,1413.09,9529.86,818
239,106,4,44.1,203.8,5
239,107,452,1874.48,11159.8,583
239,108,2,32.37,134.25,2
239,112,32,191.6,1051.54,46
239,113,405,1775.05,10435.07,494
239,114,209,1017.55,5773.69,242
239,116,432,1607.57,8302.28,501
239,117,4,103.0,155.0,6
239,118,1,18.6,75.8,2
239,119,1,6.99,31.0,1
239,120,4,23.16,108.84,4
239,121,18,222.56,1031.2,28
239,124,1,21.43,82.1,1
239,125,104,501.14,2894.27,120
239,127,94,675.26,2872.47,114
239,128,13,92.86,417.85,17
239,129,22,175.54,853.5,25
239,130,3,41.65,207.8,3
239,131,1,16.57,85.52,0
239,132,524,10683.83,37000.73,739
239,133,1,11.71,51.3,1
239,135,1,15.5,65.3,2
239,136,1,7.27,45.7,1
239,137,263,1060.87,6421.51,337
239,138,740,7760.58,33691.98,853
239,139,1,24.1,91.2,2
239,140,1850,4144.87,29930.55,2171
239,141,2124,4102.09,28702.18,2716
239,142,8675,7633.05,67491.87,11240
239,143,4716,4142.05,36702.53,6000
239,144,165,933.07,5256.54,197
239,145,55,257.62,1475.4,74
239,146,21,96.04,556.57,26
239,147,5,43.78,185.1,6
239,148,148,938.27,5032.23,161
239,149,2,36.64,126.6,2
239,151,3858,4791.65,34030.42,5137
239,152,251,735.42,4053.08,303
239,153,25,224.53,954.2,25
239,155,1,16.42,69.5,1
239,157,5,36.58,130.8,7
239,158,322,1344.02,7511.3,378
239,159,2,11.41,54.3,4
239,160,4,34.77,92.1,8
239,161,2722,6073.89,41840.3,3469
239,162,1684,4090.37,28159.19,2036
239,163,3052,4846.03,35905.47,3905
239,164,722,2149.33,14389.83,976
239,165,2,28.14,120.1,2
239,166,2137,4235.12,26017.28,2746
239,167,1,6.1,35.9,1
239,168,38,215.36,1071.7,37
239,169,8,62.65,211.2,10
239,170,901,2852.76,18612.26,1090
239,171,1,14.73,65.3,1
239,173,6,92.24,82.3,6
239,175,1,20.47,77.9,1
239,177,2,24.6,127.8,2
239,179,22,131.0,680.6,34
239,181,28,309.83,1438.1,33
239,182,2,20.1,71.0,2
239,186,959,2642.45,17268.4,1261
239,187,1,24.93,100.3,2
239,188,2,22.4,104.0,5
239,189,13,118.07,628.6,18
239,190,1,14.53,59.0,1
239,191,3,56.16,57.5,5
239,192,1,13.96,54.8,1
239,193,5,26.04,130.5,8
239,194,7,37.03,205.53,6
239,195,3,21.26,125.7,3
239,196,4,42.42,85.8,6
239,197,1,1.74,14.2,1
239,198,6,59.09,214.8,6
239,200,37,352.28,1426.9,43
239,202,9,48.97,269.2,20
239,209,35,253.81,1272.12,49
239,210,2,46.41,158.3,2
239,211,157,832.31,4638.11,206
239,212,4,31.6,164.4,4
239,213,1,8.27,33.8,1
239,215,3,61.94,188.0,3
239,216,2,36.65,140.0,3
239,217,5,44.44,243.9,10
239,219,1,29.14,70.0,1
239,220,39,335.82,1169.29,53
239,223,28,194.11,830.79,31
239,224,82,396.87,2189.28,92
239,225,3,32.59,154.51,2
239,226,27,153.91,749.75,33
239,227,1,14.64,59.7,1
239,228,3,34.9,155.3,7
239,229,948,2439.63,16414.91,1150
239,230,2708,5010.44,36001.77,3845
239,231,438,2378.68,12947.08,472
239,232,84,541.04,2670.32,85
239,233,437,1394.53,8973.72,535
239,234,745,2734.81,16921.81,953
239,235,2,14.79,64.8,7
239,236,6135,9006.14,64705.84,7835
239,237,4015,21864.66,49510.41,4994
239,238,8445,7042.33,59867.57,10963
239,239,5808,3464.1,43886.99,7435
239,241,3,27.82,98.02,2
239,242,1,10.14,40.8,1
239,243,228,1426.99,6109.58,276
239,244,541,2664.33,12385.02,555
239,246,1105,3027.65,18049.52,1371
239,247,12,72.9,353.29,14
239,248,2,10.61,45.2,3
239,249,488,1994.75,11555.43,595
239,250,2,22.6,0.0,2
239,254,1,14.03,55.5,1
239,255,25,204.95,1062.73,35
239,256,22,196.36,848.2,25
239,257,2,21.57,99.1,1
239,259,1,15.0,49.5,1
239,260,11,63.21,295.2,14
239,261,82,554.78,2727.54,109
239,262,1268,2544.34,17249.18,1532
239,263,2145,3863.64,26724.42,2714
240,4,1,14.9,48.5,1
240,7,3,34.1,107.5,3
240,31,1,0.1,39.5,1
240,48,1,14.0,46.5,1
240,69,1,9.42,30.24,0
240,202,8,76.9,316.0,8
240,232,1,17.1,47.5,1
241,10,1,16.8,48.5,1
241,18,1,0.0,92.0,1
241,19,1,14.4,47.5,1
241,21,1,27.6,75.5,1
241,25,1,0.0,53.5,1
241,26,1,7.2,64.5,1
241,33,1,5.2,52.5,1
241,35,1,16.7,54.5,1
241,36,2,31.95,97.54,1
241,41,4,20.2,110.0,4
241,42,3,15.42,72.6,3
241,45,4,42.9,182.0,4
241,48,3,33.15,125.41,1
241,49,1,16.2,49.5,1
241,50,2,26.3,96.0,2
241,68,1,9.8,38.5,1
241,69,1,3.3,21.5,1
241,74,2,7.2,60.5,2
241,75,3,24.8,87.5,3
241,79,1,12.78,34.26,0
241,81,2,7.9,45.0,2
241,86,1,22.9,66.5,1
241,87,1,14.5,48.5,1
241,88,2,28.4,97.0,2
241,90,2,31.3,81.0,2
241,94,1,1.76,12.1,4
241,100,2,26.5,90.0,2
241,106,1,15.1,55.5,1
241,107,2,22.4,80.0,2
241,112,2,26.3,92.0,2
241,116,1,6.0,27.5,1
241,119,1,5.87,22.62,0
241,125,1,16.4,41.5,1
241,127,6,8.39,69.28,4
241,128,1,1.3,16.5,1
241,129,1,9.9,35.5,1
241,136,1,0.9,13.5,1
241,137,1,12.6,40.5,1
241,140,3,19.1,110.5,3
241,141,1,9.7,38.5,1
241,142,1,10.45,29.8,0
241,146,3,10.6,136.5,3
241,148,1,16.9,46.5,1
241,151,1,8.0,32.5,1
241,152,9,57.1,309.5,9
241,159,1,0.0,28.59,0
241,163,1,12.4,36.5,1
241,164,1,13.6,45.5,1
241,166,1,9.9,34.5,1
241,168,3,20.68,27.5,3
241,169,1,2.19,13.01,0
241,170,2,20.6,78.0,2
241,173,1,11.3,40.5,1
241,174,2,0.6,33.83,1
241,182,1,7.3,29.5,1
241,185,2,10.2,41.0,2
241,186,2,18.5,89.0,2
241,188,1,19.4,59.5,1
241,195,1,16.9,60.5,1
241,200,3,7.75,58.7,2
241,213,1,4.0,25.5,1
241,216,1,14.6,48.5,1
241,220,4,6.34,61.8,4
241,223,2,18.6,91.2,2
241,226,6,12.7,272.0,6
241,228,4,85.3,246.0,4
241,230,2,21.0,84.0,2
241,231,2,31.27,104.33,1
241,233,1,0.0,40.5,1
241,234,1,0.0,41.5,1
241,235,1,2.7,21.5,1
241,236,2,18.25,72.5,2
241,237,2,24.7,73.0,2
241,239,1,7.7,36.5,1
241,240,1,1.6,19.5,1
241,241,9,3.34,109.7,8
241,243,2,4.3,38.0,2
241,244,7,26.8,185.99,6
241,247,3,14.23,68.39,2
241,254,1,3.91,19.25,0
241,258,1,19.82,56.7,0
241,259,1,3.9,22.5,1
241,261,1,0.0,51.5,1
241,263,1,0.9,33.5,1
242,3,3,6.14,55.5,4
242,18,1,0.0,18.95,0
242,20,1,4.0,25.5,1
242,25,1,15.8,51.5,1
242,31,2,3.5,40.0,2
242,32,3,4.1,58.5,3
242,35,1,0.0,49.0,1
242,42,9,65.4,286.5,9
242,46,2,8.5,45.0,2
242,47,1,1.74,12.8,1
242,48,2,28.01,87.99,1
242,50,1,0.0,38.5,1
242,51,10,23.85,209.5,10
242,60,1,2.3,18.5,1
242,61,2,31.9,98.0,2
242,62,2,23.9,108.0,2
242,65,1,0.0,51.5,1
242,66,1,17.9,36.5,1
242,68,1,13.35,44.42,0
242,69,1,3.5,22.5,1
242,73,1,9.0,33.5,1
242,74,2,15.8,59.0,2
242,75,3,22.4,92.5,3
242,76,5,75.7,244.5,5
242,77,1,16.7,47.5,1
242,78,3,8.97,55.52,2
242,81,1,6.8,25.5,1
242,87,1,15.91,61.8,2
242,89,3,65.1,184.5,3
242,91,1,16.0,53.5,1
242,93,2,15.47,60.6,3
242,95,1,11.6,37.5,1
242,107,1,13.8,37.5,1
242,108,1,25.0,69.5,1
242,117,1,26.9,61.5,1
242,119,1,4.3,23.5,1
242,121,11,105.4,399.5,11
242,124,1,15.9,49.5,1
242,126,1,4.4,23.5,1
242,130,1,17.8,41.5,1
242,132,1,16.81,63.9,2
242,137,3,32.5,115.5,3
242,143,1,10.7,38.5,1
242,147,2,6.6,50.0,2
242,151,3,26.4,106.5,3
242,153,1,6.4,22.5,1
242,157,1,0.0,44.58,0
242,159,2,6.64,39.12,1
242,166,1,8.2,32.5,1
242,167,2,8.1,45.0,2
242,168,2,9.94,34.7,0
242,169,2,5.25,52.63,1
242,174,1,2.5,19.5,1
242,179,1,12.13,30.12,0
242,182,4,4.23,48.93,2
242,183,4,3.9,68.0,4
242,185,8,9.6,140.83,7
242,186,1,12.2,40.5,1
242,188,1,17.0,53.5,1
242,197,5,33.8,197.5,5
242,205,1,0.0,45.0,1
242,208,6,21.74,120.76,4
242,209,1,18.8,44.5,1
242,213,3,6.6,60.5,3
242,219,1,17.2,53.5,1
242,220,1,4.9,25.5,1
242,227,3,60.6,172.5,3
242,232,4,37.3,174.0,4
242,234,1,12.6,38.5,1
242,236,1,8.9,35.5,1
242,240,1,6.8,21.5,1
242,241,1,3.5,26.5,1
242,242,20,5.96,357.67,20
242,243,2,12.52,70.52,2
242,247,1,0.0,23.5,1
242,248,2,9.4,41.0,2
242,249,1,17.1,44.5,1
242,250,1,1.1,16.5,1
242,254,6,18.53,121.36,5
242,259,1,4.4,17.0,0
242,262,1,13.2,28.5,1
243,1,1,24.77,94.12,0
243,7,1,0.0,33.0,1
243,13,1,11.51,35.89,0
243,14,2,42.06,184.5,3
243,18,2,5.91,45.2,2
243,21,1,20.0,60.5,1
243,24,6,22.29,139.74,4
243,32,1,4.5,26.5,1
243,41,6,21.39,161.97,4
243,42,13,34.95,232.55,6
243,43,4,19.38,87.76,2
243,47,2,5.72,34.4,2
243,48,12,66.77,359.75,7
243,50,7,48.63,202.61,3
243,51,1,5.4,44.5,1
243,56,1,13.84,46.72,0
243,60,1,4.2,18.4,1
243,61,2,21.5,115.5,2
243,65,2,25.7,91.0,2
243,68,7,46.26,261.33,3
243,69,1,1.8,18.5,1
243,74,8,33.09,170.25,1
243,75,7,34.52,183.97,5
243,79,1,11.82,47.8,0
243,80,1,13.17,60.4,1
243,81,1,6.5,27.5,1
243,85,1,16.7,50.5,1
243,90,2,19.6,76.46,1
243,94,2,3.3,37.0,2
243,100,3,27.09,108.37,2
243,107,1,10.86,41.66,0
243,113,1,10.68,52.7,2
243,116,6,16.06,94.49,4
243,119,2,4.6,28.4,3
243,120,1,0.07,3.0,2
243,123,1,20.0,60.5,1
243,125,1,0.0,48.0,0
243,126,1,3.7,29.5,1
243,127,11,15.87,120.65,16
243,128,1,2.01,14.9,2
243,129,2,0.0,71.5,2
243,132,7,146.23,466.14,0
243,133,1,14.8,66.5,1
243,134,2,28.37,102.1,3
243,135,1,17.9,41.5,1
243,136,2,2.78,41.3,2
243,137,3,29.28,124.5,8
243,138,11,104.12,409.46,5
243,140,10,89.26,317.99,7
243,141,3,21.98,85.41,2
243,142,11,75.37,340.5,9
243,143,9,63.88,217.9,13
243,145,1,9.25,42.55,0
243,151,5,24.13,132.02,0
243,152,3,5.85,59.38,2
243,153,1,3.88,19.8,1
243,159,5,20.45,125.5,6
243,161,7,59.15,248.6,9
243,162,4,34.73,142.61,4
243,163,3,24.34,109.42,3
243,166,9,38.03,224.19,5
243,167,3,14.0,67.94,2
243,168,1,3.8,24.5,1
243,170,3,27.73,124.48,1
243,181,1,16.81,74.4,3
243,185,2,21.08,103.4,3
243,186,2,19.01,75.69,1
243,188,2,16.2,105.0,2
243,191,2,20.5,101.0,2
243,200,1,2.9,20.5,1
243,208,1,7.1,29.5,1
243,210,1,26.0,71.5,1
243,213,1,5.9,25.5,1
243,220,5,16.37,89.69,4
243,225,1,13.8,43.5,1
243,226,1,0.0,31.5,1
243,230,7,50.03,209.43,4
243,231,1,12.7,54.26,0
243,232,1,11.13,47.68,0
243,233,1,8.6,37.3,1
243,234,4,32.37,164.69,2
243,235,2,3.75,27.4,2
243,236,6,37.12,199.57,4
243,237,5,32.58,181.94,4
243,238,9,48.13,273.14,3
243,239,10,60.94,291.9,4
243,241,1,1.4,17.5,1
243,242,1,11.43,48.5,2
243,243,100,112.97,3319.77,104
243,244,72,68.92,797.8,84
243,246,2,19.75,83.59,0
243,247,2,3.01,42.5,2
243,248,2,12.7,58.7,3
243,249,4,29.27,167.52,2
243,252,1,0.0,35.5,1
243,254,1,6.18,29.0,0
243,260,1,7.4,33.5,1
243,262,1,6.72,30.3,1
243,263,4,29.98,121.3,1
244,1,1,23.25,71.14,0
244,3,1,10.7,33.5,1
244,4,2,20.39,88.5,1
244,7,5,37.5,169.91,3
244,8,1,5.4,25.4,1
244,10,3,45.28,173.99,2
244,11,1,5.8,59.5,1
244,13,1,0.0,35.43,0
244,17,4,53.22,229.0,5
244,18,4,22.92,124.2,5
244,19,1,18.0,46.5,1
244,22,1,19.5,91.5,1
244,24,38,113.61,735.15,39
244,25,2,25.57,120.25,1
244,26,2,34.9,126.0,3
244,28,3,40.5,139.5,3
244,31,2,6.6,57.0,2
244,33,1,13.36,56.2,1
244,35,2,29.2,93.0,2
244,37,4,59.4,208.0,4
244,39,2,27.2,129.0,2
244,41,41,141.29,800.39,33
244,42,77,160.99,1067.79,71
244,43,9,34.38,228.14,5
244,45,5,41.95,240.67,3
244,47,4,12.41,80.83,3
244,48,27,158.1,809.39,24
244,49,1,15.0,45.5,1
244,50,15,75.72,417.08,12
244,51,3,17.5,106.7,3
244,55,1,21.8,62.5,1
244,56,5,39.39,228.0,5
244,61,1,15.6,58.5,1
244,62,1,16.65,74.03,0
244,65,1,15.9,63.2,1
244,68,24,179.91,782.07,17
244,69,11,25.3,182.0,16
244,71,1,16.9,64.5,1
244,72,1,17.2,59.5,1
244,74,34,112.35,699.01,29
244,75,31,147.73,825.49,19
244,76,7,75.58,440.44,6
244,78,2,7.32,37.5,2
244,79,7,64.22,299.89,5
244,82,2,18.2,69.0,2
244,85,1,0.0,53.5,1
244,86,1,24.8,61.5,1
244,87,5,57.77,189.95,4
244,88,2,23.16,94.2,2
244,89,1,16.6,55.5,1
244,90,6,50.15,223.3,7
244,92,2,24.5,82.0,2
244,94,4,12.95,85.9,4
244,95,3,37.6,140.6,3
244,100,5,31.14,165.98,3
244,107,8,67.23,290.0,6
244,108,1,1.6,63.5,1
244,113,4,38.17,183.63,4
244,114,7,50.26,279.32,4
244,116,163,169.41,1547.11,203
244,117,2,52.1,137.0,2
244,119,8,17.64,103.1,10
244,120,5,3.87,82.63,4
244,123,1,22.3,62.5,1
244,125,1,9.6,42.2,1
244,126,5,37.52,173.5,8
244,127,29,62.83,438.74,26
244,128,3,11.0,57.3,3
244,129,7,38.48,232.08,6
244,130,2,16.6,100.0,2
244,132,11,206.81,750.9,4
244,134,1,13.8,45.5,1
244,135,1,0.0,45.5,1
244,136,1,1.3,20.5,1
244,137,9,70.17,342.52,9
244,138,20,187.39,753.13,13
244,139,1,19.8,57.5,1
244,140,18,110.89,624.37,8
244,141,11,60.02,363.22,5
244,142,33,196.15,988.73,39
244,143,25,129.79,574.11,23
244,144,6,49.81,265.86,1
244,145,1,10.69,50.6,1
244,147,1,2.9,20.5,1
244,148,3,34.68,145.41,3
244,149,1,20.3,61.5,1
244,151,49,175.3,997.82,50
244,152,64,103.42,722.27,74
244,153,3,13.9,70.0,3
244,155,1,23.7,63.5,1
244,158,2,16.93,76.7,2
244,159,1,2.4,21.9,1
244,160,1,12.17,51.3,1
244,161,21,148.5,739.45,27
244,162,26,185.51,888.58,23
244,163,16,106.2,428.42,14
244,164,7,49.19,260.73,5
244,166,79,28540.91,1347.54,81
244,167,7,25.48,112.3,9
244,168,4,16.75,100.02,3
244,169,11,28.14,122.6,11
244,170,21,162.58,751.71,15
244,173,1,10.62,41.5,1
244,174,3,20.46,92.5,4
244,177,3,47.8,165.5,3
244,178,1,0.0,56.5,1
244,179,1,10.91,48.5,1
244,180,1,16.1,50.5,1
244,182,3,17.45,78.3,3
244,183,2,15.49,72.21,1
244,185,1,6.61,28.9,2
244,186,7,58.58,197.0,9
244,188,1,16.0,49.5,1
244,189,1,14.0,45.5,1
244,191,4,64.2,144.5,4
244,193,1,7.95,46.85,0
244,200,16,82.6,364.3,19
244,202,3,17.1,105.3,3
244,203,1,21.17,95.4,2
244,205,2,34.4,107.0,2
244,208,5,33.68,91.5,7
244,209,1,11.78,42.96,0
244,210,3,62.8,201.5,3
244,211,1,10.19,47.1,1
244,212,2,10.5,51.0,2
244,213,3,16.18,77.8,3
244,215,2,30.2,95.0,2
244,218,5,92.8,302.5,5
244,219,1,28.7,59.5,1
244,220,14,53.99,222.9,19
244,222,1,22.0,61.5,1
244,223,1,6.0,27.5,1
244,224,1,11.12,46.4,1
244,225,1,13.1,42.5,1
244,228,1,14.5,32.5,1
244,229,14,91.94,471.57,14
244,230,25,174.61,807.84,16
244,231,10,98.3,412.22,7
244,232,5,45.27,255.9,2
244,233,4,23.23,127.9,4
244,234,4,35.34,155.62,4
244,235,8,17.38,123.28,13
244,236,26,145.97,725.45,26
244,237,22,141.48,704.93,20
244,238,84,359.23,1797.51,79
244,239,62,326.2,1674.59,73
244,240,1,3.9,29.5,1
244,241,6,27.45,154.4,6
244,242,1,7.92,35.2,1
244,243,83,120.35,1061.73,100
244,244,230,151.53,4599.17,265
244,246,10,66.56,277.32,12
244,247,13,24.8,161.0,23
244,248,3,13.51,80.9,3
244,249,1,9.71,38.56,0
244,254,1,0.1,33.5,1
244,256,2,25.2,83.0,2
244,259,1,7.8,30.5,1
244,260,2,19.19,83.27,1
244,261,2,22.03,101.2,2
244,262,16,83.28,493.73,15
244,263,26,135.17,687.05,20
245,245,2,0.68,0.0,2
246,1,178,3001.82,14744.14,232
246,4,121,363.36,2579.61,143
246,7,67,404.67,2161.81,71
246,10,4,63.57,292.9,6
246,11,1,16.32,70.2,3
246,12,49,192.04,1052.43,92
246,13,736,2303.07,12992.26,998
246,14,16,177.47,734.6,23
246,17,21,149.23,740.59,24
246,18,5,68.59,290.8,4
246,20,2,27.98,112.4,2
246,22,1,10.81,45.0,1
246,24,75,326.19,1650.78,80
246,25,55,339.04,1711.69,70
246,28,1,0.0,43.0,1
246,29,5,45.77,254.4,6
246,32,1,0.0,41.5,1
246,33,107,624.47,3225.66,129
246,34,6,43.23,220.3,7
246,35,1,8.2,34.5,1
246,36,11,91.45,386.8,12
246,37,15,117.57,602.85,18
246,38,1,21.34,85.6,2
246,39,3,38.03,61.1,3
246,40,26,171.54,826.93,30
246,41,165,911.44,4614.16,209
246,42,97,650.77,2846.44,107
246,43,357,1117.06,6984.25,514
246,45,118,420.74,2505.59,169
246,47,3,31.44,198.4,3
246,48,3733,4030.44,35574.59,5141
246,49,40,260.6,1316.28,51
246,50,1499,1649.71,14327.61,1899
246,52,20,127.46,627.7,29
246,54,6,43.86,207.0,7
246,56,2,3.91,31.2,2
246,60,2,24.41,89.1,3
246,61,31,253.01,1119.66,36
246,62,5,48.63,225.0,6
246,65,48,254.75,1423.57,59
246,66,64,348.12,1809.04,86
246,67,8,82.66,344.6,9
246,68,2753,2418.83,21602.25,3725
246,69,1,0.0,34.5,1
246,70,6,63.74,286.8,8
246,71,2,20.2,75.0,2
246,72,2,24.25,114.5,2
246,73,1,14.25,59.0,1
246,74,68,410.77,1966.57,59
246,75,153,767.51,4155.18,176
246,76,1,18.54,69.07,0
246,77,3,22.8,147.0,3
246,78,2,22.0,73.0,2
246,79,783,2035.19,14105.7,960
246,80,28,177.97,884.09,35
246,81,1,16.4,44.5,1
246,82,4,37.2,186.3,8
246,83,1,8.08,38.0,1
246,85,3,28.41,133.6,2
246,87,362,1524.55,8267.03,408
246,88,216,851.3,4768.54,278
246,89,22,231.69,908.19,15
246,90,1515,1827.93,14296.86,1955
246,91,4,51.16,256.3,4
246,92,4,50.85,111.0,6
246,93,1,17.53,70.0,2
246,95,9,102.25,354.28,8
246,97,40,250.97,1359.7,48
246,100,1423,1404.2,14765.37,1942
246,102,2,18.44,90.7,2
246,106,15,116.42,563.0,18
246,107,753,1420.8,10832.98,910
246,108,1,13.4,46.5,1
246,112,49,287.9,1567.41,57
246,113,714,1495.8,10345.13,939
246,114,433,1042.4,7111.04,573
246,115,1,15.93,63.9,1
246,116,85,583.86,2603.1,94
246,118,1,22.52,89.1,2
246,119,2,10.2,43.1,2
246,121,1,12.16,52.7,1
246,122,1,15.81,67.4,1
246,123,4,46.48,201.0,4
246,125,382,917.46,5814.54,493
246,127,22,202.69,861.28,24
246,128,2,20.28,103.3,2
246,129,20,167.79,845.4,20
246,130,5,83.05,338.4,5
246,131,1,13.54,56.9,1
246,132,219,3968.1,15379.26,295
246,133,13,117.64,424.3,18
246,136,4,35.79,73.69,3
246,137,337,604.76,5150.0,424
246,138,340,3911.51,17733.57,397
246,140,305,1105.29,7265.49,368
246,141,550,1875.12,12028.71,695
246,142,1346,2663.2,18756.68,1765
246,143,1164,2286.92,15436.04,1409
246,144,515,1514.82,10274.6,664
246,145,66,297.12,1766.3,85
246,146,31,164.55,817.1,36
246,147,2,20.72,94.2,3
246,148,334,1111.42,7462.94,410
246,149,2,25.05,106.8,2
246,151,258,1053.49,5555.26,322
246,152,48,249.0,1366.04,51
246,153,1,11.15,45.0,1
246,156,3,56.18,225.0,3
246,157,4,37.02,183.41,3
246,158,1137,1678.47,12106.81,1491
246,159,11,89.09,475.4,12
246,160,2,18.46,85.8,4
246,161,1829,3245.7,27935.25,2486
246,162,851,1774.86,14414.16,1138
246,163,1514,3021.07,22439.94,2097
246,164,1625,2056.41,19338.81,2219
246,165,2,20.97,97.0,2
246,166,156,757.87,3855.36,176
246,167,3,86.5,92.31,4
246,168,6,55.57,267.9,8
246,169,6,59.27,223.3,6
246,170,1383,2209.22,19679.74,1789
246,171,2,30.64,134.8,5
246,173,3,29.9,143.4,3
246,175,1,14.14,57.6,1
246,178,1,10.53,47.8,1
246,179,26,163.67,790.89,27
246,181,100,748.63,3700.73,131
246,183,4,63.82,124.3,10
246,185,2,27.0,106.1,2
246,186,1841,1681.43,16208.45,2487
246,188,15,138.79,662.72,19
246,189,18,134.05,680.5,22
246,190,11,83.45,436.2,15
246,192,3,37.47,151.9,3
246,193,3,23.36,24.7,3
246,195,6,42.34,240.95,7
246,196,3,19.55,100.7,4
246,198,6,49.58,266.5,9
246,200,5,62.61,266.3,5
246,201,1,25.24,95.4,1
246,202,3,16.72,91.6,4
246,204,1,28.4,104.5,1
246,206,2,35.18,51.95,1
246,209,117,471.89,2702.13,158
246,210,1,20.93,88.4,1
246,211,572,1530.84,9894.46,792
246,213,2,26.0,115.7,2
246,214,1,14.81,58.3,2
246,216,2,29.08,138.8,2
246,217,11,73.75,427.8,15
246,220,10,109.87,350.9,11
246,223,24,192.45,956.8,31
246,224,129,310.01,2265.3,144
246,225,12,92.64,538.9,13
246,226,28,154.3,859.6,43
246,227,4,38.19,172.3,5
246,228,11,94.07,426.28,12
246,229,486,1292.52,9299.09,607
246,230,3361,4811.99,43197.8,5105
246,231,1292,3597.68,22203.22,1656
246,232,148,641.0,3781.52,186
246,233,412,842.51,6823.32,546
246,234,1595,2367.73,18808.1,2032
246,235,4,38.65,155.79,3
246,236,706,2979.3,17265.83,861
246,237,803,2418.15,16356.66,1035
246,238,725,2497.93,14368.69,889
246,239,1134,3143.89,19290.08,1426
246,241,1,11.79,49.2,1
246,242,2,27.72,117.3,4
246,243,64,561.66,2426.0,62
246,244,111,822.24,3666.83,114
246,245,1,16.46,64.6,1
246,246,2386,1689.99,21446.31,3177
246,247,4,38.79,167.4,6
246,248,5,57.04,213.2,5
246,249,1429,2472.74,17231.17,1882
246,254,3,47.14,210.4,3
246,255,65,432.17,2390.3,82
246,256,39,231.76,1287.67,49
246,257,11,90.86,430.6,17
246,259,4,57.43,118.7,4
246,260,13,90.83,385.8,23
246,261,259,930.45,5401.37,333
246,262,239,1138.57,6584.22,270
246,263,367,1636.18,9526.91,437
247,3,2,16.35,63.42,0
247,4,3,31.4,106.5,3
247,7,2,16.7,63.0,2
247,16,2,25.2,86.0,2
247,18,4,11.74,72.72,5
247,20,2,5.92,52.7,2
247,24,1,2.71,18.66,0
247,28,1,12.7,38.5,1
247,32,1,7.32,23.82,0
247,33,1,12.5,46.5,1
247,36,1,12.1,40.5,1
247,39,1,20.1,54.5,1
247,41,12,25.67,202.93,8
247,42,23,32.29,270.13,25
247,47,4,3.7,62.66,3
247,48,4,23.09,133.28,2
247,49,1,13.2,46.5,1
247,50,7,41.04,220.32,3
247,51,3,33.88,104.76,2
247,56,2,16.4,77.0,2
247,58,1,6.4,28.5,1
247,60,5,19.5,98.7,4
247,61,4,58.8,209.0,4
247,66,1,11.1,31.5,1
247,68,1,8.95,38.54,0
247,69,5,5.16,55.79,4
247,70,1,8.2,37.3,1
247,74,6,10.96,120.03,2
247,75,7,23.29,129.54,8
247,78,1,3.6,24.5,1
247,79,1,9.03,43.87,0
247,81,2,10.26,62.26,0
247,90,1,9.41,42.76,0
247,95,1,12.75,35.29,0
247,97,2,25.0,90.0,2
247,100,1,9.3,34.5,1
247,107,3,22.4,109.0,3
247,116,7,10.07,150.67,4
247,117,1,20.6,60.5,1
247,119,8,7.6,187.52,6
247,126,2,7.16,37.0,2
247,128,1,2.4,23.5,1
247,132,1,19.19,75.1,6
247,134,9,74.76,351.69,8
247,136,3,8.26,54.8,3
247,137,1,8.4,33.5,1
247,138,2,15.08,67.83,0
247,140,2,5.89,60.05,1
247,142,2,14.0,69.0,2
247,143,1,0.0,29.5,1
247,145,1,10.2,47.1,1
247,146,3,15.1,91.29,2
247,147,2,3.65,31.25,1
247,151,1,4.8,29.5,1
247,152,1,2.32,12.1,2
247,158,1,12.63,44.17,0
247,159,7,6.23,97.97,5
247,161,1,8.9,34.5,1
247,162,4,13.77,123.6,4
247,163,1,0.0,33.5,1
247,164,2,19.0,66.0,2
247,166,6,21.09,125.93,5
247,167,4,8.09,60.3,4
247,168,9,36.67,203.07,9
247,169,8,14.73,121.14,7
247,170,4,18.87,126.87,3
247,173,1,9.7,38.5,1
247,174,5,20.82,135.36,4
247,177,1,17.4,51.5,1
247,180,1,16.3,47.5,1
247,182,1,6.88,28.2,4
247,185,2,4.7,60.31,1
247,186,2,17.0,71.1,2
247,189,3,35.2,133.5,3
247,191,1,14.9,45.5,1
247,202,1,15.6,32.5,1
247,203,1,19.58,62.16,0
247,205,1,23.9,47.5,1
247,208,1,5.2,28.5,1
247,220,1,0.0,26.52,0
247,223,1,9.38,33.06,0
247,224,1,9.03,41.15,0
247,229,12,33.0,378.4,11
247,231,4,44.8,154.0,4
247,234,1,7.4,35.5,1
247,235,6,11.38,94.99,5
247,236,4,13.8,91.3,3
247,237,2,9.03,50.4,2
247,238,2,10.39,49.97,1
247,239,1,6.0,29.5,1
247,240,1,6.2,29.5,1
247,241,2,5.8,45.86,1
247,242,3,19.99,92.6,3
247,243,2,5.1,39.0,2
247,244,11,21.47,162.04,20
247,247,21,10.07,253.61,22
247,248,2,9.21,61.1,3
247,249,1,8.9,37.5,1
247,250,1,6.4,26.1,1
247,254,2,15.9,56.01,1
247,257,1,16.6,55.5,1
247,261,1,13.9,45.5,1
247,262,1,3.5,20.5,1
247,263,3,11.63,70.0,1
248,3,1,21.7,21.5,1
248,7,1,7.0,30.5,1
248,18,1,2.81,20.0,1
248,29,1,29.6,67.5,1
248,32,1,2.41,14.4,0
248,37,1,15.1,48.5,1
248,41,3,17.74,89.06,2
248,42,3,11.51,75.4,1
248,47,1,2.84,20.5,2
248,48,2,19.08,73.61,1
248,50,1,9.8,37.5,1
248,51,1,3.2,21.5,1
248,55,2,29.8,139.0,2
248,60,3,2.77,36.48,1
248,61,2,37.5,93.0,2
248,63,1,0.0,44.5,1
248,68,3,23.0,123.29,2
248,69,1,2.54,28.04,0
248,74,2,10.84,58.65,1
248,75,2,17.5,44.0,2
248,76,2,30.3,97.0,2
248,78,3,4.32,15.5,3
248,79,1,11.64,51.3,1
248,88,1,14.91,51.53,0
248,90,1,13.69,60.73,0
248,108,1,24.2,68.5,1
248,116,2,12.54,57.52,1
248,126,4,10.43,94.96,4
248,140,4,32.1,122.0,4
248,141,1,9.4,31.5,1
248,142,1,11.5,56.9,1
248,145,1,0.0,30.5,1
248,146,3,33.3,91.5,3
248,147,1,2.0,17.5,1
248,152,1,0.0,36.0,1
248,157,1,12.48,51.93,0
248,159,5,15.8,96.5,5
248,162,2,19.3,68.0,2
248,163,1,10.9,35.5,1
248,166,1,8.3,30.5,1
248,167,1,0.0,11.49,0
248,174,1,4.83,27.29,0
248,177,2,29.7,93.0,2
248,182,2,1.8,35.0,2
248,185,2,4.8,38.0,2
248,188,1,17.2,54.5,1
248,191,1,18.8,39.5,1
248,193,1,21.6,94.7,1
248,200,1,7.4,30.5,1
248,212,8,6.77,120.4,8
248,213,6,11.1,97.45,3
248,222,1,16.1,54.5,1
248,231,4,61.36,168.87,3
248,235,1,0.0,21.5,0
248,236,1,0.0,27.5,1
248,239,4,28.9,138.0,4
248,242,3,9.4,61.5,3
248,243,3,12.6,73.5,3
248,244,4,10.24,103.19,1
248,247,2,3.5,38.67,1
248,248,11,3.82,288.43,12
248,250,1,2.25,10.39,0
248,254,1,5.1,24.5,1
248,261,3,34.3,130.5,3
248,262,4,0.0,142.0,0
248,263,2,5.9,56.0,2
249,1,64,885.46,4907.57,77
249,4,543,913.66,7191.66,679
249,7,99,696.79,3228.52,130
249,8,1,7.2,33.8,0
249,9,1,14.17,65.3,1
249,11,1,13.9,52.7,1
249,12,35,91.48,528.0,50
249,13,1088,2158.23,13917.99,1327
249,14,42,410.6,1693.9,56
249,16,1,14.82,64.12,0
249,17,50,268.15,1442.09,61
249,18,4,51.03,267.5,3
249,20,6,94.9,338.6,7
249,22,5,57.55,240.4,5
249,24,81,465.17,2420.08,101
249,25,105,444.47,2413.07,140
249,26,6,51.31,229.4,10
249,29,2,31.89,123.6,2
249,31,1,15.4,61.1,1
249,33,216,790.42,4336.81,293
249,34,5,20.85,119.3,5
249,36,41,288.51,1494.46,58
249,37,72,448.85,2423.46,87
249,38,1,15.06,61.1,1
249,40,79,402.36,2014.2,96
249,41,129,876.34,4434.38,148
249,42,108,845.91,3906.05,116
249,43,206,833.11,4856.09,282
249,45,251,462.43,3427.58,339
249,47,6,73.0,333.89,8
249,48,1492,3650.82,23777.53,1939
249,49,110,525.15,2657.04,138
249,50,647,1772.09,10733.73,830
249,52,65,285.8,1537.58,85
249,54,20,100.2,551.4,28
249,55,9,111.89,482.0,9
249,56,21,216.23,764.3,23
249,57,2,27.62,118.7,4
249,61,102,624.18,2962.59,115
249,62,59,379.26,1919.3,72
249,63,4,48.4,222.0,5
249,64,3,53.22,221.1,3
249,65,74,272.6,1547.93,102
249,66,96,353.6,1992.11,123
249,67,3,29.64,38.0,3
249,68,3289,3940.84,30037.68,4308
249,69,7,71.26,315.7,9
249,71,3,26.31,135.0,3
249,72,3,24.43,132.9,3
249,73,1,13.3,51.3,1
249,74,62,402.31,1967.91,80
249,75,175,984.53,5136.62,194
249,79,3691,4520.84,39740.64,4783
249,80,118,600.48,3212.0,164
249,82,10,85.07,339.87,11
249,83,9,73.65,351.8,9
249,85,4,34.08,173.0,5
249,87,977,2354.14,14970.56,1179
249,88,264,736.89,4121.6,329
249,89,49,411.68,1992.31,59
249,90,2815,2506.58,21421.68,3631
249,91,2,19.56,0.0,2
249,92,2,27.25,114.5,2
249,93,2,12.96,60.6,2
249,94,2,25.15,111.0,2
249,95,14,159.56,710.16,15
249,96,1,9.52,41.5,2
249,97,104,431.22,2331.94,140
249,100,702,1173.87,8657.93,929
249,102,2,22.53,96.3,2
249,106,24,138.1,712.15,29
249,107,2307,3288.24,26257.97,2956
249,108,7,77.78,353.5,7
249,111,1,6.67,28.2,1
249,112,131,738.69,3724.23,167
249,113,1832,1405.4,14096.03,2279
249,114,1681,1377.75,13875.49,2362
249,116,86,694.92,3257.41,109
249,119,2,21.0,90.7,2
249,123,2,21.31,90.0,4
249,125,1065,885.18,7868.72,1363
249,126,3,34.29,143.4,3
249,127,40,444.13,1825.8,54
249,128,2,22.75,94.2,2
249,129,50,416.83,1743.05,55
249,131,1,16.46,61.8,1
249,132,122,2285.85,8633.2,147
249,133,15,122.26,532.2,15
249,134,1,13.47,54.1,3
249,135,1,9.6,41.5,1
249,136,4,47.37,197.7,5
249,137,962,1899.02,13715.22,1242
249,138,127,1380.72,6014.92,117
249,140,470,2013.07,11662.85,535
249,141,815,3233.19,18671.59,942
249,142,860,3032.64,18440.34,1090
249,143,606,2242.79,12823.06,749
249,144,1638,2054.21,17437.14,2127
249,145,78,388.77,2045.51,109
249,146,29,177.89,849.18,33
249,148,1374,2161.77,18015.23,1755
249,149,6,93.49,374.3,7
249,150,1,13.69,56.2,2
249,151,263,1484.34,7542.41,327
249,152,49,354.17,1541.05,57
249,155,3,36.81,158.8,3
249,157,3,25.87,142.0,4
249,158,1523,1078.66,11411.07,2035
249,159,1,8.3,45.0,1
249,160,3,28.36,139.9,4
249,161,1355,3227.0,22447.47,1700
249,162,840,2292.22,15050.41,1025
249,163,885,2434.09,16289.02,1209
249,164,1483,2371.74,17747.26,1962
249,165,3,32.38,140.6,3
249,166,211,1414.29,6857.37,227
249,167,2,22.32,93.5,2
249,168,11,100.35,429.7,15
249,170,2173,4549.67,31944.13,2701
249,171,1,15.6,61.8,1
249,173,8,81.33,280.5,11
249,177,7,53.06,203.3,8
249,178,1,9.3,40.1,1
249,179,27,212.2,1012.0,39
249,180,4,58.33,263.13,5
249,181,231,1274.2,6524.31,321
249,182,1,13.0,42.5,1
249,185,4,65.64,260.5,4
249,186,1977,2492.14,18726.22,2532
249,188,51,345.12,1713.7,56
249,189,71,357.7,1956.84,79
249,190,13,75.7,400.68,13
249,193,9,49.56,264.85,12
249,194,1,8.41,33.8,1
249,195,17,105.24,457.3,22
249,196,2,20.65,87.9,2
249,197,1,14.83,57.6,1
249,198,16,122.95,625.77,25
249,200,3,41.44,78.6,4
249,201,2,60.46,229.3,2
249,202,19,121.52,585.55,27
249,205,1,17.2,70.2,0
249,207,1,9.91,49.2,1
249,208,2,34.5,135.5,3
249,209,306,658.01,4349.97,374
249,211,1458,1464.23,12983.29,1978
249,212,3,27.12,157.1,3
249,214,1,14.49,57.6,1
249,217,13,56.0,350.72,19
249,220,8,100.59,412.5,12
249,223,39,338.79,1568.4,56
249,224,371,652.5,5036.58,423
249,225,43,277.24,1440.72,56
249,226,61,384.89,1883.52,68
249,227,15,129.53,484.9,23
249,228,28,216.22,920.03,42
249,229,672,2176.85,13408.72,836
249,230,1248,2807.39,20025.06,1694
249,231,3249,4470.34,33419.34,4182
249,232,459,994.2,7010.75,525
249,233,712,1831.13,12184.66,859
249,234,3078,3244.7,27842.96,3827
249,235,2,22.49,93.16,1
249,236,770,3559.68,20231.42,947
249,237,849,3055.65,19377.96,1072
249,238,605,3034.93,15937.92,749
249,239,945,4127.85,23068.88,1166
249,241,2,27.47,118.7,3
249,242,1,15.41,61.8,1
249,243,75,795.53,3445.17,92
249,244,113,975.88,4140.4,115
249,246,2098,3468.23,23852.61,2699
249,247,4,44.52,193.3,6
249,249,2800,1414.16,22314.02,3696
249,250,1,14.9,59.0,1
249,252,2,30.82,129.2,1
249,254,2,36.42,172.6,2
249,255,189,868.88,5133.68,256
249,256,205,787.39,4672.69,261
249,257,36,270.22,1152.7,48
249,259,1,18.91,77.2,1
249,260,17,126.93,634.4,21
249,261,585,1287.02,8041.68,712
249,262,392,2040.74,10871.51,482
249,263,628,3087.84,16648.31,783
250,17,3,47.9,139.5,3
250,18,2,12.43,46.95,1
250,20,1,0.0,13.75,0
250,25,1,0.0,48.5,1
250,29,1,22.5,67.5,1
250,32,1,2.6,19.5,1
250,34,1,16.84,49.83,0
250,41,2,13.67,57.23,1
250,42,2,12.5,58.0,2
250,48,2,26.0,74.0,2
250,55,1,24.9,71.5,1
250,69,1,0.0,20.52,0
250,72,1,1.1,48.5,1
250,74,1,6.1,29.5,1
250,75,7,40.6,204.5,7
250,78,3,6.91,42.45,5
250,79,1,1.9,39.5,1
250,90,5,57.2,193.5,5
250,100,1,0.4,37.5,1
250,107,1,10.4,37.5,1
250,116,1,7.45,27.35,0
250,119,2,10.16,47.16,4
250,126,1,2.6,20.5,1
250,136,1,6.68,24.61,0
250,137,2,21.0,75.0,2
250,138,1,9.4,38.0,2
250,140,1,6.9,32.5,1
250,141,1,10.0,32.5,1
250,145,1,8.7,53.5,1
250,152,1,8.04,27.69,0
250,159,2,11.3,51.2,0
250,164,1,0.0,43.14,0
250,166,1,15.15,44.3,1
250,167,1,4.2,22.5,1
250,168,2,9.89,45.26,1
250,169,1,0.0,29.66,0
250,170,2,18.9,69.0,2
250,173,1,8.17,33.22,0
250,174,1,5.2,24.5,1
250,179,2,17.7,59.0,2
250,182,4,3.76,61.83,3
250,185,2,2.4,45.0,2
250,188,4,53.0,214.0,4
250,203,1,0.0,47.5,1
250,213,5,5.95,55.84,2
250,216,1,10.8,37.5,1
250,220,1,0.0,29.5,1
250,233,1,13.6,37.5,1
250,235,1,9.0,23.5,1
250,236,1,7.83,26.31,0
250,237,1,7.8,31.5,1
250,238,1,10.1,34.5,1
250,242,2,1.5,26.13,1
250,243,1,4.6,23.5,1
250,247,1,7.19,28.2,1
250,248,1,1.1,17.5,1
250,249,1,0.0,39.5,1
250,250,15,5.05,125.93,15
250,255,1,6.6,28.9,1
250,262,1,6.5,30.5,1
251,25,1,0.0,52.7,0
251,89,1,12.45,31.4,0
251,186,1,17.6,70.2,1
251,251,2,0.0,0.0,2
252,1,1,31.0,109.35,0
252,15,1,2.17,8.67,0
252,16,1,0.0,19.89,0
252,28,1,7.44,29.6,1
252,32,1,6.6,70.0,1
252,38,1,9.2,36.5,1
252,39,4,50.1,170.0,4
252,42,2,18.8,75.0,2
252,51,1,4.93,20.5,1
252,53,1,3.16,21.2,1
252,56,3,15.3,64.68,2
252,57,1,4.75,17.54,0
252,64,1,5.83,35.56,0
252,73,1,4.66,19.86,0
252,75,1,10.3,38.5,1
252,76,1,8.9,38.5,1
252,82,1,6.62,25.08,0
252,92,5,8.28,68.21,0
252,93,2,14.44,0.0,2
252,102,1,0.0,34.5,1
252,116,1,8.34,38.7,1
252,121,2,9.3,53.0,2
252,125,3,35.5,130.5,3
252,136,1,9.4,35.5,1
252,138,1,0.2,3.7,1
252,141,1,13.86,53.4,1
252,145,1,10.41,33.84,0
252,160,1,8.12,25.38,0
252,170,1,11.5,40.5,1
252,171,3,5.33,32.12,1
252,175,1,0.0,22.89,0
252,182,3,14.19,19.8,7
252,208,1,4.1,25.5,1
252,216,1,8.7,32.5,1
252,220,2,15.6,96.0,2
252,226,5,27.07,180.15,1
252,236,1,11.9,41.5,1
252,237,1,14.45,61.1,1
252,252,7,6.18,299.8,17
252,257,1,14.15,54.8,1
253,10,1,7.04,65.0,2
253,28,1,5.87,25.4,1
253,53,1,2.9,17.0,1
253,76,1,11.78,42.18,0
253,92,3,1.86,10.0,3
253,93,2,1.2,0.0,2
253,94,1,11.18,37.34,0
253,241,2,22.6,0.0,2
253,252,1,4.19,19.8,1
254,3,4,5.9,76.83,3
254,4,1,14.8,46.5,1
254,10,1,18.4,58.5,1
254,14,1,8.0,64.5,1
254,18,1,2.2,21.5,1
254,21,1,21.4,33.5,1
254,26,1,22.0,67.5,1
254,32,1,0.8,36.83,0
254,33,3,33.1,169.5,3
254,35,2,37.5,107.0,2
254,37,1,17.5,53.5,1
254,39,1,22.5,62.5,1
254,41,5,42.6,164.5,5
254,42,6,44.42,203.76,5
254,45,1,17.5,47.5,1
254,47,1,4.1,25.96,0
254,48,1,14.4,44.5,1
254,50,3,41.19,88.0,2
254,51,1,2.7,19.5,1
254,55,1,27.5,75.5,1
254,60,2,11.95,73.71,0
254,61,2,32.2,109.0,2
254,63,1,6.0,52.5,1
254,65,1,15.9,56.5,1
254,68,3,38.4,138.5,3
254,69,2,13.05,67.89,1
254,72,1,19.3,58.5,1
254,74,5,45.2,167.5,5
254,75,5,17.8,186.16,4
254,76,6,102.08,373.9,4
254,78,2,5.3,58.82,1
254,79,2,31.4,89.0,2
254,81,2,2.9,35.0,2
254,90,1,2.5,48.5,1
254,92,2,17.7,68.0,2
254,93,1,8.55,33.8,1
254,97,1,16.2,53.5,1
254,100,4,57.1,206.0,4
254,101,1,15.0,47.5,1
254,107,1,14.13,55.28,0
254,116,1,0.0,36.5,1
254,117,1,23.9,69.5,1
254,119,9,57.4,276.5,9
254,126,2,12.72,63.16,1
254,127,2,5.4,53.1,1
254,128,1,4.01,30.46,0
254,136,2,8.02,51.77,1
254,137,8,86.2,337.5,8
254,141,3,21.4,117.0,3
254,142,2,15.3,94.5,2
254,145,2,32.2,97.0,2
254,152,1,12.3,36.5,1
254,159,3,19.7,88.5,3
254,160,1,0.9,46.5,1
254,161,1,0.0,45.5,1
254,162,1,14.0,40.5,1
254,164,1,13.7,45.5,1
254,166,1,11.8,47.5,1
254,167,1,0.0,27.5,1
254,168,1,0.0,3.0,1
254,169,2,0.0,45.67,1
254,170,4,52.89,188.8,5
254,174,3,3.1,40.9,3
254,179,1,13.6,36.5,1
254,183,1,3.0,23.5,1
254,185,2,1.8,38.5,2
254,188,1,20.2,60.5,1
254,197,3,28.3,135.0,3
254,200,1,6.02,25.12,0
254,202,1,0.0,39.5,1
254,205,3,48.0,157.5,3
254,209,2,37.1,95.0,2
254,213,3,10.8,78.5,3
254,216,1,16.39,59.94,0
254,219,2,45.5,109.0,2
254,220,1,3.7,23.5,1
254,225,2,32.3,109.0,2
254,226,2,13.1,85.0,2
254,229,1,10.6,43.5,1
254,231,5,65.6,261.5,5
254,234,1,13.7,43.5,1
254,235,2,10.1,50.0,2
254,236,1,0.0,43.0,1
254,241,2,10.87,41.7,2
254,242,4,11.0,85.05,3
254,243,2,12.56,63.56,1
254,244,10,67.37,330.39,9
254,246,4,61.8,182.0,4
254,247,1,7.8,33.8,2
254,248,1,4.1,21.5,1
254,254,29,29.7,1030.93,33
254,258,1,14.8,49.5,1
254,259,2,2.26,16.43,0
254,261,1,16.4,53.5,1
254,262,1,9.6,40.5,1
255,1,1,16.37,72.55,0
255,4,9,21.48,182.28,10
255,7,10,50.12,286.92,7
255,13,2,12.53,63.49,1
255,14,2,22.14,47.38,0
255,17,16,41.37,263.97,19
255,20,3,30.41,160.0,0
255,22,2,26.04,89.1,0
255,24,3,19.54,141.2,3
255,25,11,37.45,234.89,1
255,26,1,10.14,33.04,0
255,28,1,9.79,34.95,0
255,33,10,42.8,194.54,7
255,34,1,1.62,9.3,1
255,35,2,12.64,60.0,2
255,36,12,33.37,288.16,1
255,37,18,46.52,309.28,11
255,39,1,23.54,47.49,0
255,40,3,9.05,68.37,3
255,41,5,42.31,216.0,1
255,42,2,21.45,96.94,1
255,43,2,10.64,21.96,2
255,45,2,5.89,31.59,0
255,47,1,13.75,43.53,0
255,48,11,61.79,337.47,5
255,49,18,46.95,334.11,12
255,50,7,19.5,256.88,4
255,52,1,4.49,19.24,0
255,55,1,14.85,49.69,0
255,61,16,52.59,351.91,10
255,62,4,17.91,104.39,3
255,63,1,4.7,25.56,0
255,64,2,14.81,98.35,0
255,65,5,17.19,90.45,3
255,66,15,56.63,310.39,14
255,68,15,78.53,425.95,8
255,72,2,11.98,69.09,1
255,74,2,21.62,76.73,0
255,75,3,15.48,97.87,0
255,79,27,77.11,502.22,19
255,80,30,34.9,309.58,30
255,82,5,27.74,129.12,2
255,83,1,4.47,20.73,0
255,85,2,10.28,57.63,1
255,87,12,46.88,289.38,3
255,88,2,9.86,62.82,0
255,89,6,50.43,209.47,1
255,90,12,56.58,262.86,4
255,91,1,7.48,38.75,0
255,95,5,20.72,147.86,0
255,97,15,32.58,293.64,15
255,100,4,22.69,178.63,2
255,102,1,7.69,34.5,1
255,106,2,13.11,54.4,2
255,107,16,58.18,386.94,8
255,112,79,86.1,689.84,87
255,113,16,53.6,397.91,9
255,114,9,31.33,192.61,8
255,116,4,24.27,193.1,0
255,122,1,13.35,45.53,0
255,124,1,15.91,49.05,0
255,125,5,14.57,123.02,0
255,127,1,14.34,56.2,5
255,129,6,35.15,153.63,3
255,130,1,10.37,34.41,0
255,132,10,148.64,591.67,4
255,133,2,8.13,72.14,0
255,134,5,41.54,183.44,0
255,136,1,11.0,44.5,1
255,137,7,30.82,161.49,3
255,138,19,147.0,574.2,6
255,140,9,49.69,234.49,5
255,141,15,70.74,433.35,6
255,142,7,39.2,259.99,0
255,143,1,6.25,38.11,0
255,144,14,42.32,245.66,13
255,145,8,22.05,133.01,4
255,146,1,2.97,17.7,3
255,147,1,13.2,54.1,1
255,148,30,74.97,495.67,18
255,151,1,8.1,38.58,0
255,152,1,10.65,39.99,0
255,157,1,5.16,26.8,1
255,158,4,18.23,97.17,2
255,161,2,12.1,60.42,1
255,162,5,19.4,120.51,2
255,163,5,32.28,160.81,3
255,164,10,44.27,222.97,5
255,166,3,31.68,122.33,2
255,168,1,11.12,36.39,0
255,170,11,44.29,261.24,8
255,177,5,23.51,140.9,0
255,178,1,10.17,46.62,0
255,179,6,41.1,155.81,1
255,181,20,95.18,487.04,14
255,182,1,0.0,51.33,0
255,186,8,29.11,226.51,5
255,188,5,19.77,159.76,0
255,189,10,43.52,269.25,11
255,190,3,18.66,89.82,2
255,193,2,9.07,46.59,1
255,195,1,6.09,40.99,0
255,196,3,12.68,110.68,1
255,198,8,21.83,163.19,4
255,209,5,19.73,129.17,1
255,211,5,19.61,77.78,4
255,212,1,13.03,48.79,0
255,216,1,12.33,41.36,0
255,217,1,1.06,7.2,1
255,223,11,61.64,328.67,2
255,224,7,17.87,139.78,0
255,225,19,40.42,334.56,4
255,226,12,39.52,216.48,6
255,227,1,8.0,32.03,0
255,228,6,37.73,170.44,0
255,229,11,50.13,274.51,4
255,230,8,43.3,251.92,5
255,231,13,31.38,331.62,4
255,232,11,28.22,203.94,4
255,233,8,39.42,166.02,5
255,234,12,45.3,250.86,6
255,236,6,34.85,206.73,3
255,237,2,10.18,65.08,2
255,238,9,69.67,341.72,2
255,239,12,74.37,439.72,2
255,242,1,14.93,49.27,0
255,243,2,28.62,112.06,0
255,244,2,15.44,104.95,1
255,246,8,39.8,254.27,6
255,249,13,43.44,337.96,9
255,255,88,21.07,1885.06,119
255,256,64,53.12,533.47,60
255,257,3,13.49,88.68,1
255,258,3,37.24,40.72,4
255,260,3,9.27,81.01,0
255,261,7,28.33,186.03,1
255,262,12,77.37,378.91,4
255,263,7,40.71,209.24,3
256,4,6,14.83,92.85,3
256,7,13,75.45,360.3,8
256,8,1,7.92,33.1,1
256,11,1,11.93,46.42,0
256,13,5,23.29,150.89,1
256,17,16,28.64,208.24,11
256,24,1,8.82,40.1,1
256,25,11,40.68,248.09,6
256,26,2,17.04,90.7,3
256,31,1,14.7,45.5,1
256,33,6,19.75,95.83,2
256,35,1,4.6,23.5,1
256,36,25,67.54,449.8,16
256,37,15,30.07,250.88,9
256,39,1,7.92,35.01,0
256,40,5,20.42,155.41,1
256,41,3,31.1,123.03,0
256,42,2,24.06,77.53,1
256,43,4,35.17,169.6,7
256,45,3,11.1,32.69,2
256,48,8,44.79,284.52,11
256,49,11,22.09,134.5,7
256,50,3,22.57,112.3,1
256,52,2,9.66,43.8,2
256,56,1,9.13,29.86,0
256,61,10,25.9,198.28,4
256,62,2,3.4,41.0,2
256,63,2,6.44,73.13,0
256,65,5,15.64,93.98,2
256,66,3,8.15,53.12,0
256,68,9,34.76,233.69,3
256,70,1,9.01,28.32,0
256,71,2,9.96,52.28,0
256,74,3,29.29,115.64,3
256,75,6,45.51,199.93,3
256,76,3,16.54,98.32,2
256,77,1,5.1,27.1,0
256,79,35,93.6,669.04,21
256,80,23,21.63,349.68,21
256,82,1,0.0,31.57,0
256,83,3,19.23,87.68,2
256,87,11,46.95,242.43,1
256,88,4,18.3,103.33,1
256,89,3,23.93,82.65,0
256,90,6,22.08,160.97,2
256,93,6,36.14,113.68,9
256,95,3,15.3,110.12,1
256,97,11,32.81,220.18,5
256,100,1,5.28,3.38,0
256,102,1,0.0,28.2,0
256,106,3,14.47,73.22,2
256,107,19,47.76,372.84,20
256,112,31,53.39,310.49,28
256,113,6,19.94,131.96,5
256,114,12,37.32,277.93,16
256,116,2,11.41,94.16,0
256,117,2,16.9,119.0,2
256,122,2,10.5,79.0,2
256,125,1,3.44,31.06,0
256,129,5,28.38,122.71,2
256,130,2,18.95,88.65,1
256,132,13,202.19,864.98,10
256,134,2,18.51,88.1,4
256,137,9,31.45,197.14,6
256,138,23,189.07,727.31,4
256,140,8,42.55,249.24,0
256,141,4,17.27,109.31,1
256,142,3,13.47,101.75,1
256,144,7,18.79,110.95,7
256,145,7,21.74,155.1,5
256,146,2,7.71,49.82,0
256,148,27,58.04,471.21,24
256,151,2,8.4,85.4,1
256,155,1,11.2,40.42,0
256,157,4,15.8,78.31,2
256,158,4,15.3,137.61,1
256,160,1,5.0,25.83,0
256,161,6,32.94,216.03,10
256,162,8,46.14,230.1,2
256,163,5,31.27,117.43,2
256,164,10,41.18,284.73,8
256,165,1,9.87,39.4,2
256,166,3,23.17,193.56,1
256,170,13,55.37,356.2,10
256,171,1,12.71,41.25,0
256,173,1,8.67,-33.1,1
256,177,2,8.42,49.95,2
256,179,1,6.72,17.5,0
256,180,1,0.0,36.88,0
256,181,15,67.95,364.89,16
256,186,10,45.94,276.35,4
256,188,6,17.25,133.51,1
256,189,4,12.92,77.79,4
256,192,1,7.83,70.0,1
256,195,4,21.04,99.6,5
256,196,4,26.21,107.8,8
256,197,1,12.31,85.0,1
256,198,6,17.36,136.94,1
256,202,1,0.0,23.5,0
256,205,1,12.2,41.5,1
256,209,3,14.17,77.24,1
256,211,9,26.62,165.26,2
256,216,3,18.13,143.65,2
256,217,5,3.25,59.94,4
256,223,6,40.62,209.35,4
256,225,19,45.92,321.63,15
256,226,9,34.65,200.54,9
256,227,2,17.65,69.69,0
256,228,3,16.27,91.19,0
256,229,9,49.02,257.4,2
256,230,7,43.29,258.63,7
256,231,7,21.16,187.28,1
256,232,28,42.79,701.3,26
256,233,3,10.74,79.8,2
256,234,9,38.5,249.46,2
256,236,11,76.43,357.0,9
256,237,1,7.4,38.7,2
256,238,6,53.26,245.68,2
256,239,5,38.93,152.03,1
256,241,1,15.68,0.84,0
256,243,2,27.89,63.38,0
256,244,3,36.41,127.33,2
256,246,5,22.44,132.63,0
256,249,11,38.93,318.91,4
256,255,29,22.5,251.08,37
256,256,78,16.05,1602.46,93
256,257,2,16.11,57.2,2
256,258,1,10.56,36.56,0
256,260,1,3.93,25.5,0
256,261,6,29.59,152.09,3
256,262,4,21.96,164.0,4
256,263,12,75.08,382.89,7
257,10,1,10.0,39.5,1
257,14,1,0.0,23.5,1
257,22,1,3.7,21.5,1
257,25,1,1.91,16.71,0
257,33,1,0.0,20.5,1
257,37,2,17.58,61.17,0
257,45,1,7.8,27.5,1
257,50,3,19.1,103.5,3
257,61,1,4.3,22.5,1
257,65,1,4.2,19.8,1
257,67,1,2.53,17.27,0
257,71,1,1.91,9.0,2
257,75,1,0.0,43.0,1
257,79,1,6.82,36.25,0
257,85,1,2.36,15.08,0
257,89,2,2.78,18.6,3
257,91,1,6.07,20.38,0
257,92,2,29.3,101.0,2
257,106,1,2.4,20.5,1
257,121,1,17.2,48.5,1
257,132,1,23.1,82.81,0
257,133,2,2.34,15.8,2
257,137,5,24.87,173.58,4
257,140,2,10.2,77.0,2
257,141,1,8.6,38.5,1
257,142,1,13.38,40.86,0
257,148,2,15.64,67.63,0
257,158,1,7.91,36.6,2
257,161,3,18.15,127.8,4
257,164,1,7.38,34.72,0
257,171,2,26.7,101.0,2
257,181,3,5.19,32.1,4
257,186,1,10.0,31.5,1
257,188,1,2.65,14.07,0
257,190,2,3.94,31.52,0
257,192,1,14.5,45.5,1
257,195,1,1.3,10.0,1
257,227,1,2.27,11.31,0
257,231,1,4.63,34.99,0
257,236,1,13.93,55.5,5
257,238,8,98.9,309.0,8
257,239,1,10.5,37.5,1
257,249,1,7.34,34.08,0
257,257,10,12.96,232.38,7
258,3,2,33.0,93.0,2
258,4,1,10.0,37.5,1
258,10,1,3.4,24.5,1
258,13,1,0.0,46.5,1
258,15,1,10.1,37.5,1
258,16,1,10.5,41.96,0
258,18,2,34.42,111.79,1
258,35,1,3.2,23.5,1
258,36,2,8.8,49.0,2
258,49,1,7.3,29.5,1
258,56,2,0.1,56.13,1
258,61,5,23.1,129.5,5
258,62,1,7.0,25.5,1
258,63,2,2.0,0.0,2
258,65,3,26.57,114.7,2
258,69,1,15.0,48.5,1
258,71,1,5.3,25.5,1
258,72,1,4.3,25.5,1
258,74,1,0.0,49.63,0
258,76,5,12.53,97.36,3
258,82,4,24.93,123.07,3
258,88,7,66.3,298.5,7
258,89,5,39.0,147.5,5
258,90,1,9.9,36.5,1
258,95,4,6.84,73.85,2
258,101,1,10.37,42.07,0
258,102,2,0.0,30.43,1
258,107,5,36.8,187.5,5
258,121,11,49.12,315.61,10
258,122,1,5.5,30.5,1
258,123,1,10.4,40.5,1
258,124,2,4.3,38.0,2
258,129,1,9.5,39.34,0
258,130,3,14.34,65.78,2
258,131,1,0.0,28.5,1
258,132,2,8.51,109.62,2
258,137,6,42.4,226.0,6
258,140,18,153.97,904.0,19
258,141,2,9.7,76.5,2
258,142,2,28.0,77.0,2
258,157,2,15.0,66.95,1
258,162,2,20.9,77.0,2
258,163,1,10.9,70.0,1
258,167,1,15.4,48.5,1
258,175,1,10.99,37.73,0
258,177,1,4.6,25.5,1
258,178,1,12.6,43.5,1
258,179,1,11.3,38.5,1
258,180,1,0.1,3.0,1
258,181,1,6.7,29.5,1
258,186,1,11.6,36.5,1
258,188,2,13.9,61.0,2
258,189,1,5.5,26.5,1
258,192,3,13.0,82.44,2
258,193,1,8.2,31.5,1
258,196,1,2.2,19.5,1
258,197,5,7.17,66.44,1
258,198,1,2.3,19.5,1
258,205,2,14.5,60.0,2
258,216,2,3.92,38.7,2
258,219,1,0.0,26.0,1
258,225,1,0.0,27.62,0
258,226,1,0.0,3.7,1
258,231,7,75.2,246.5,7
258,234,1,10.0,37.5,1
258,237,1,10.4,36.5,1
258,241,1,17.9,56.5,1
258,242,1,20.1,44.5,1
258,248,2,25.6,102.0,2
258,252,1,9.63,27.3,0
258,255,1,8.34,30.36,0
258,256,1,9.47,34.79,0
258,258,19,3.29,344.65,18
258,263,1,12.1,46.5,1
259,7,5,65.2,207.5,5
259,13,1,0.0,67.11,0
259,16,1,14.9,38.5,1
259,17,1,0.0,53.5,1
259,20,1,4.31,19.8,2
259,24,1,12.0,43.5,1
259,31,1,4.3,52.5,1
259,42,4,45.0,132.0,4
259,45,1,16.0,51.5,1
259,48,3,46.44,144.17,2
259,51,2,5.74,46.98,1
259,69,1,8.65,40.61,0
259,74,2,20.7,70.0,2
259,75,3,29.0,107.5,3
259,76,1,15.1,57.5,1
259,79,1,17.3,50.5,1
259,80,1,16.4,47.5,1
259,81,1,2.1,18.5,1
259,86,2,61.6,135.0,2
259,87,5,24.2,262.5,5
259,90,2,31.52,116.31,1
259,92,2,21.6,73.0,2
259,97,1,18.3,56.5,1
259,98,1,4.0,46.5,1
259,100,3,45.1,139.5,3
259,107,2,34.1,95.0,2
259,113,1,15.4,46.5,1
259,116,3,16.2,99.0,3
259,119,1,8.42,26.7,0
259,125,4,46.8,197.0,4
259,127,1,0.63,6.5,1
259,136,1,4.6,34.5,1
259,137,5,57.6,253.0,5
259,139,1,15.8,54.5,1
259,140,5,46.9,209.5,5
259,141,1,12.8,41.5,1
259,142,1,14.1,45.5,1
259,161,1,15.02,64.56,0
259,164,1,14.0,46.5,1
259,166,1,9.66,40.11,0
259,168,1,0.0,40.5,1
259,170,3,22.0,138.5,3
259,171,1,6.2,34.5,1
259,174,5,4.7,72.0,0
259,185,2,9.2,51.0,2
259,186,1,16.7,48.5,1
259,197,1,15.4,50.5,1
259,198,1,20.03,55.12,0
259,200,1,0.0,33.82,0
259,209,1,0.0,53.5,1
259,212,1,6.9,27.5,1
259,213,2,13.13,50.94,1
259,230,1,0.0,51.51,0
259,231,4,26.4,210.0,4
259,236,1,12.3,42.5,1
259,238,2,23.3,83.0,2
259,239,1,2.1,39.5,1
259,242,1,4.6,24.5,1
259,244,1,0.0,34.29,0
259,248,1,5.3,34.0,1
259,250,1,6.6,28.5,1
259,254,2,0.7,30.97,1
259,259,6,1.26,186.34,5
259,263,1,10.3,36.5,1
260,1,2,43.39,189.8,2
260,7,39,86.03,492.7,43
260,17,1,6.22,31.7,1
260,18,1,13.6,36.96,0
260,19,3,38.57,156.7,5
260,20,1,9.2,38.5,1
260,22,3,45.4,130.5,3
260,26,1,15.78,71.6,1
260,28,2,17.61,71.07,4
260,36,1,3.38,21.2,1
260,37,1,0.0,26.79,0
260,41,1,7.5,38.0,1
260,42,5,30.0,152.5,5
260,43,1,7.54,32.58,0
260,45,1,7.35,34.65,0
260,48,7,32.54,248.25,3
260,49,1,10.04,40.1,1
260,50,1,5.42,42.2,1
260,52,2,15.69,68.89,2
260,56,5,20.76,56.84,2
260,57,1,4.44,35.42,0
260,60,1,7.86,47.47,0
260,61,1,6.65,28.85,0
260,63,1,12.92,49.9,1
260,65,1,6.12,36.0,0
260,66,2,12.28,54.89,1
260,68,11,59.4,537.54,7
260,70,5,11.52,48.9,5
260,71,1,9.9,31.5,1
260,74,4,19.4,125.09,2
260,75,7,38.95,195.83,4
260,76,2,24.11,90.21,0
260,77,1,6.86,33.8,1
260,78,1,10.32,48.49,0
260,79,5,31.78,262.82,4
260,82,37,49.17,470.61,32
260,83,18,17.33,152.69,23
260,87,2,7.71,77.13,1
260,88,1,0.0,40.95,0
260,89,3,30.98,116.7,3
260,90,2,10.93,58.45,1
260,92,3,19.13,89.5,3
260,93,3,13.43,15.6,3
260,95,5,13.4,132.5,5
260,97,1,5.61,43.21,0
260,100,3,15.91,168.08,2
260,107,13,13.98,384.71,12
260,112,1,3.0,16.3,1
260,113,1,5.5,70.0,1
260,114,3,21.39,39.43,2
260,121,1,8.77,33.8,1
260,123,1,15.09,54.87,0
260,124,1,7.3,31.5,1
260,127,1,0.0,33.5,1
260,129,49,63.42,598.12,55
260,130,3,28.0,104.68,1
260,132,15,193.41,1166.41,24
260,133,3,36.61,149.0,5
260,134,2,13.3,56.4,3
260,135,4,27.81,121.3,2
260,136,1,8.5,38.5,1
260,137,11,54.0,208.02,9
260,138,18,73.45,673.86,24
260,140,10,45.99,281.1,10
260,141,8,33.26,224.0,12
260,142,5,34.51,164.14,5
260,143,1,6.42,49.07,0
260,144,3,18.23,173.1,4
260,145,16,37.1,545.55,14
260,146,15,26.67,193.16,16
260,148,5,28.48,211.26,3
260,151,1,0.0,42.09,0
260,157,10,18.54,296.54,15
260,158,1,6.52,70.0,1
260,160,4,9.34,64.5,4
260,161,12,60.12,506.68,14
260,162,12,54.94,464.5,18
260,163,6,36.23,232.98,9
260,164,10,49.18,547.99,12
260,166,1,8.7,31.5,1
260,170,12,54.96,542.74,14
260,171,2,7.24,66.93,1
260,173,6,17.27,105.5,6
260,174,1,0.0,41.5,1
260,177,2,4.7,78.34,1
260,179,7,21.11,180.02,5
260,180,1,7.27,41.14,0
260,181,2,9.84,56.46,1
260,186,4,24.15,114.9,4
260,188,1,8.43,47.01,0
260,189,2,14.34,62.0,2
260,191,1,10.66,44.6,0
260,193,2,4.48,29.1,3
260,196,1,2.28,17.0,1
260,197,3,24.45,109.8,3
260,198,2,7.34,59.9,1
260,202,1,2.24,15.6,1
260,203,1,13.0,47.5,1
260,215,2,6.9,70.5,2
260,216,1,11.5,35.5,1
260,217,1,4.92,34.41,0
260,223,5,10.36,84.82,4
260,226,79,87.97,836.89,83
260,228,1,13.12,60.4,1
260,229,10,43.32,312.4,15
260,230,16,82.92,904.29,23
260,231,5,38.95,172.28,4
260,233,8,26.42,403.54,8
260,234,3,14.37,144.39,3
260,236,3,13.74,73.5,3
260,237,10,43.64,237.49,9
260,238,1,6.74,35.18,0
260,241,1,0.0,44.0,1
260,242,1,13.29,54.8,1
260,246,2,11.36,108.54,2
260,248,1,9.71,29.46,0
260,253,1,5.35,22.6,1
260,255,1,3.84,17.7,1
260,256,4,6.03,145.54,2
260,257,1,12.13,57.6,1
260,258,1,0.0,26.75,0
260,260,140,56.27,1490.52,168
260,261,1,8.07,37.3,1
260,262,2,21.15,52.69,1
260,263,6,24.24,152.05,5
261,1,98,1503.87,7966.58,155
261,4,108,326.22,1909.12,124
261,6,2,21.78,84.4,2
261,7,14,149.54,544.2,17
261,9,1,17.51,88.4,1
261,10,2,46.06,154.2,2
261,11,3,33.82,125.1,3
261,12,44,36.09,369.3,66
261,13,243,194.71,2251.39,344
261,14,28,241.64,1032.5,33
261,17,26,118.29,677.5,40
261,21,1,13.17,54.1,1
261,22,3,34.28,40.1,6
261,24,10,77.18,390.29,10
261,25,37,121.37,717.82,38
261,26,2,14.74,72.5,2
261,33,77,192.15,1216.3,93
261,34,4,17.58,111.43,4
261,36,9,65.72,269.02,13
261,37,12,69.33,338.7,18
261,38,1,19.26,84.9,5
261,39,1,8.0,58.5,1
261,40,21,66.48,385.0,26
261,41,21,193.65,901.35,30
261,42,12,117.37,537.46,11
261,43,58,372.78,1985.73,109
261,45,194,260.2,2094.38,293
261,48,376,1616.82,9137.87,560
261,49,24,92.83,568.59,23
261,50,119,509.6,2753.26,172
261,52,24,76.18,449.3,31
261,54,4,13.82,80.6,3
261,55,1,12.8,49.2,2
261,56,1,11.14,46.4,1
261,61,18,100.7,540.5,20
261,62,5,29.28,89.5,8
261,65,34,86.82,484.1,54
261,66,76,180.21,1216.4,119
261,67,6,47.98,203.4,6
261,68,459,1476.54,8673.56,646
261,69,2,29.2,89.4,2
261,70,1,15.56,60.4,2
261,71,2,20.49,111.7,2
261,72,4,30.71,77.4,4
261,74,12,91.3,498.62,13
261,75,26,214.51,937.0,33
261,76,3,25.47,167.6,3
261,77,1,8.6,61.5,1
261,79,304,927.88,5467.33,382
261,80,10,53.34,280.6,11
261,82,5,47.2,225.0,10
261,83,2,20.88,81.6,2
261,84,1,20.4,67.78,0
261,85,5,29.8,180.5,8
261,86,3,67.1,226.5,3
261,87,268,216.95,2334.77,339
261,88,213,187.29,1720.56,333
261,89,16,112.94,562.83,17
261,90,188,529.78,3283.26,237
261,91,1,9.46,49.9,5
261,95,7,75.97,344.3,7
261,97,32,109.65,667.7,40
261,100,268,1034.76,6231.66,419
261,101,1,22.14,99.6,1
261,106,6,27.11,138.4,7
261,107,178,659.66,3807.8,205
261,108,5,59.66,160.2,5
261,112,20,136.44,685.8,25
261,113,210,468.98,3204.2,294
261,114,218,404.85,2923.17,301
261,115,1,16.63,63.9,1
261,116,20,165.26,883.98,18
261,117,2,24.45,154.8,2
261,118,1,15.27,59.7,1
261,119,1,9.8,37.5,1
261,121,1,14.44,60.4,1
261,122,1,17.2,70.9,1
261,123,3,38.53,174.2,3
261,124,1,16.17,70.0,1
261,125,178,237.42,1783.85,234
261,127,6,82.03,334.45,5
261,128,2,14.0,94.6,2
261,129,5,41.28,228.2,6
261,130,11,155.71,666.2,11
261,132,276,5930.75,19509.3,456
261,133,7,45.2,201.6,8
261,136,1,0.0,44.0,1
261,137,85,379.47,1910.61,93
261,138,235,3191.44,13104.64,299
261,139,1,15.7,71.5,1
261,140,87,554.73,2619.8,100
261,141,113,740.14,3478.06,128
261,142,100,557.09,3097.29,134
261,143,82,430.91,2262.25,88
261,144,332,499.63,4207.71,493
261,145,11,75.71,284.23,13
261,146,2,18.35,80.2,4
261,148,327,676.78,4885.98,403
261,149,1,10.28,45.0,1
261,150,3,43.0,175.75,3
261,151,34,244.18,1202.51,32
261,152,4,38.49,167.31,3
261,155,5,56.96,218.4,5
261,158,279,598.24,3791.33,387
261,159,1,11.5,46.4,1
261,160,6,65.08,273.9,6
261,161,376,1959.18,10677.98,589
261,162,262,1462.36,7340.57,353
261,163,226,1242.19,6597.74,361
261,164,279,1166.4,6443.74,448
261,165,5,46.05,124.5,5
261,166,15,124.95,587.5,14
261,167,1,10.3,36.5,1
261,169,1,14.36,57.6,1
261,170,265,1326.64,6875.43,325
261,171,3,45.07,181.9,3
261,173,1,14.87,66.0,1
261,174,1,15.8,51.5,1
261,177,1,10.4,47.1,2
261,178,2,15.49,69.7,6
261,179,3,29.19,123.77,2
261,181,49,227.51,1203.01,58
261,182,1,0.0,44.5,1
261,186,343,1130.21,6635.19,474
261,188,12,82.4,421.2,13
261,189,8,30.23,184.18,11
261,190,3,16.03,90.2,4
261,195,20,87.06,455.11,29
261,196,1,10.45,42.2,1
261,197,1,14.58,60.4,1
261,198,1,11.25,55.5,1
261,200,2,35.35,145.3,2
261,202,4,40.94,199.6,6
261,205,1,4.9,72.5,1
261,207,1,10.93,45.7,1
261,208,1,17.76,71.6,1
261,209,134,141.13,1223.75,169
261,210,1,15.4,62.5,6
261,211,322,409.23,3414.21,439
261,214,2,23.69,95.37,1
261,216,1,16.07,70.2,1
261,217,20,85.18,510.8,29
261,219,1,14.36,72.3,1
261,220,4,59.14,237.4,4
261,223,4,43.5,189.1,4
261,224,51,193.88,1024.44,60
261,225,9,58.64,311.2,17
261,226,6,46.23,213.3,8
261,228,12,58.91,362.0,11
261,229,113,652.91,3142.33,156
261,230,744,3432.28,19967.7,1263
261,231,748,648.04,6040.19,1008
261,232,207,447.72,3051.94,298
261,233,137,709.23,3367.8,190
261,234,290,865.37,5440.7,381
261,236,90,689.17,3361.8,124
261,237,102,662.3,3250.4,123
261,238,63,441.35,2139.42,73
261,239,88,546.85,2824.8,109
261,241,1,0.0,48.0,1
261,242,1,16.28,66.7,4
261,243,21,241.92,1102.27,19
261,244,15,177.83,741.24,14
261,246,407,1371.52,7851.73,579
261,247,3,36.08,144.8,3
261,249,401,785.57,5140.46,575
261,250,1,16.56,65.3,1
261,254,1,18.47,83.5,1
261,255,28,149.52,830.91,37
261,256,28,125.58,639.64,32
261,257,12,66.63,293.6,12
261,259,1,18.47,73.7,1
261,260,4,37.19,159.7,6
261,261,323,186.61,5183.29,471
261,262,65,452.54,2109.77,68
261,263,61,437.45,1988.82,66
262,1,27,586.59,2762.58,30
262,4,89,375.79,1874.36,94
262,7,45,230.81,1188.33,37
262,12,6,44.44,188.44,5
262,13,153,1184.66,5090.26,135
262,14,3,45.46,179.1,3
262,15,1,14.46,55.5,1
262,17,4,35.17,156.19,2
262,18,2,19.39,100.15,1
262,20,2,19.1,84.4,3
262,22,2,33.78,106.2,2
262,24,98,259.85,1633.89,105
262,25,8,71.94,303.74,14
262,26,1,0.0,43.5,1
262,29,1,20.97,80.7,1
262,31,1,9.2,39.4,0
262,33,32,262.24,1119.4,41
262,34,1,9.17,42.9,1
262,36,4,34.71,154.1,4
262,37,10,70.7,427.81,8
262,39,2,51.27,145.17,0
262,40,7,63.57,265.3,10
262,41,212,567.12,3240.72,252
262,42,96,320.97,1810.65,94
262,43,577,892.96,6800.69,707
262,45,79,498.19,2272.6,82
262,47,1,7.74,32.4,1
262,48,280,917.42,5738.77,294
262,49,3,27.99,132.83,1
262,50,104,373.1,2304.57,111
262,51,1,12.01,49.2,1
262,52,1,8.6,34.5,1
262,53,1,11.46,44.3,1
262,55,1,20.2,74.4,1
262,56,2,20.34,89.3,4
262,57,1,8.9,35.9,1
262,61,3,32.76,140.6,3
262,62,2,22.24,92.8,4
262,65,43,352.89,1475.8,44
262,66,12,97.74,420.3,13
262,67,3,47.58,191.7,3
262,68,320,1326.06,8076.27,320
262,69,12,53.84,303.41,16
262,70,1,7.4,30.88,0
262,74,765,1587.99,9288.14,887
262,75,1691,2135.02,16230.43,2012
262,78,4,29.83,133.1,4
262,79,365,1616.14,8020.38,385
262,80,10,77.25,340.1,10
262,82,9,79.67,305.9,13
262,83,5,29.65,141.7,5
262,85,2,23.45,106.1,3
262,87,97,614.43,2862.23,74
262,88,136,898.85,3925.37,142
262,89,3,37.69,171.36,3
262,90,153,663.34,3809.73,154
262,92,7,67.64,322.74,6
262,93,1,6.94,26.8,1
262,94,1,6.7,28.2,1
262,95,3,35.75,43.6,5
262,97,9,81.13,364.4,10
262,100,212,731.66,4655.1,214
262,106,1,9.63,40.8,1
262,107,463,1716.19,9150.39,489
262,112,17,95.03,485.62,17
262,113,204,924.71,4822.92,203
262,114,137,712.6,3662.98,154
262,116,39,174.12,906.06,39
262,119,5,26.07,82.5,7
262,120,1,4.7,24.0,1
262,121,1,12.99,49.2,2
262,125,55,378.89,1762.68,57
262,126,6,30.2,143.21,6
262,127,19,123.74,530.51,17
262,128,4,27.77,103.99,1
262,129,29,204.44,912.79,38
262,131,1,13.4,44.5,1
262,132,356,6502.95,23981.0,428
262,135,3,34.63,144.1,3
262,136,1,8.0,35.2,1
262,137,476,1508.81,7640.11,440
262,138,621,5157.35,20957.95,687
262,140,3822,3309.89,29364.67,4627
262,141,2547,2674.93,22230.95,3115
262,142,994,2504.52,16347.24,1229
262,143,360,1005.98,6555.89,393
262,144,87,484.95,2357.26,95
262,145,39,153.56,852.71,43
262,146,8,30.71,176.6,15
262,147,8,34.68,136.3,9
262,148,108,565.46,2782.56,99
262,149,1,15.92,78.6,1
262,151,252,605.99,3969.06,277
262,152,38,168.11,943.75,48
262,157,6,39.76,195.1,6
262,158,68,420.99,2155.84,69
262,159,12,48.55,251.68,10
262,160,3,29.36,121.0,3
262,161,1595,4009.78,26725.98,1701
262,162,1704,3816.63,24947.85,1863
262,163,683,1573.63,11146.87,800
262,164,366,1190.28,7247.82,384
262,166,184,607.15,3627.19,204
262,167,1,5.32,22.6,1
262,168,26,86.01,449.7,33
262,169,4,26.66,117.0,4
262,170,747,2198.05,12885.62,778
262,171,2,11.51,80.3,2
262,172,1,20.98,77.9,1
262,173,1,10.6,41.5,1
262,174,4,41.88,176.79,4
262,177,2,22.42,104.15,1
262,179,25,131.74,658.68,29
262,181,10,114.89,515.8,16
262,185,3,30.78,120.0,3
262,186,381,22659.9,8774.54,397
262,188,3,33.06,140.6,3
262,189,2,19.28,80.9,2
262,191,2,31.2,97.0,2
262,192,1,11.54,42.9,1
262,193,5,21.48,110.2,5
262,194,7,29.78,139.3,10
262,195,5,54.29,239.0,8
262,196,1,9.82,45.7,2
262,198,1,7.68,40.1,1
262,200,2,19.36,79.5,2
262,201,1,25.9,73.5,1
262,202,2,9.37,50.1,4
262,205,1,17.2,47.5,1
262,208,4,39.66,76.4,4
262,209,60,392.88,1663.83,55
262,210,3,41.66,210.7,3
262,211,78,421.44,2305.95,75
262,212,12,76.65,293.9,12
262,213,3,19.54,88.8,3
262,216,3,43.21,300.0,6
262,217,4,30.48,147.8,4
262,220,8,82.09,360.5,8
262,223,18,102.71,504.76,20
262,224,86,316.47,1575.7,90
262,225,2,19.35,86.5,3
262,226,34,131.86,727.19,45
262,227,1,12.55,45.76,0
262,228,2,23.74,99.1,2
262,229,1676,3061.0,19252.62,1928
262,230,430,1295.14,8696.47,471
262,231,226,1650.1,7565.74,191
262,232,71,366.09,1629.82,79
262,233,905,2292.85,12682.27,1020
262,234,472,1851.81,10369.58,475
262,235,3,18.27,22.87,2
262,236,5881,5127.35,47321.87,7377
262,237,3615,5123.01,41044.83,4369
262,238,896,1775.14,12172.54,1071
262,239,974,1930.79,13186.67,1120
262,240,2,22.71,100.43,2
262,241,1,8.4,40.0,1
262,242,6,51.99,239.9,10
262,243,32,206.04,878.65,31
262,244,118,652.91,3400.34,109
262,246,198,929.78,5495.12,194
262,247,12,60.16,201.9,17
262,249,169,897.45,4784.9,157
262,250,1,8.68,38.0,1
262,252,1,12.55,49.2,1
262,254,1,10.65,42.2,1
262,255,18,138.82,650.04,19
262,256,15,117.92,432.02,18
262,257,2,23.5,98.4,3
262,258,1,17.32,65.3,2
262,259,1,12.52,48.5,1
262,260,2,10.51,50.1,2
262,261,81,592.16,2639.11,86
262,262,1626,1029.67,14239.89,2064
262,263,2592,1709.47,16953.43,3233
263,1,23,475.54,2358.42,18
263,3,11,110.98,457.2,11
263,4,68,317.19,1519.68,70
263,7,160,731.73,3581.85,181
263,8,1,5.85,28.2,1
263,9,1,14.8,61.8,1
263,13,174,1436.83,6248.45,173
263,14,8,120.81,484.6,9
263,16,1,17.63,67.4,1
263,17,11,108.66,535.96,10
263,19,1,17.94,74.4,1
263,20,2,20.89,86.5,2
263,21,1,18.77,78.6,6
263,24,202,482.62,2987.99,246
263,25,17,153.48,654.8,23
263,26,1,14.91,59.0,1
263,28,3,40.89,165.1,4
263,31,2,20.15,81.6,2
263,32,1,8.85,42.2,1
263,33,40,341.42,1532.05,44
263,35,1,15.2,63.9,1
263,36,4,37.0,166.0,7
263,37,13,105.67,518.39,13
263,38,1,16.6,50.5,1
263,39,4,81.4,281.8,4
263,40,9,86.93,369.3,13
263,41,441,1022.11,6213.0,517
263,42,282,904.48,4832.27,325
263,43,786,1063.97,8069.75,1062
263,45,60,386.14,1860.62,63
263,47,8,54.09,248.5,10
263,48,491,1551.36,9255.06,544
263,49,6,69.19,288.9,8
263,50,172,604.01,3459.53,182
263,51,3,32.36,146.4,3
263,52,11,103.37,447.4,18
263,54,1,11.6,52.7,0
263,55,2,39.29,169.8,2
263,56,4,31.51,87.2,5
263,57,1,8.88,35.2,5
263,60,3,18.4,91.6,3
263,61,7,81.58,370.63,12
263,62,3,35.51,154.6,3
263,63,1,12.4,32.5,1
263,64,5,69.43,285.9,5
263,65,8,75.7,318.5,7
263,66,20,175.42,790.8,29
263,68,405,1703.91,10025.04,441
263,69,21,93.25,423.3,24
263,70,6,45.78,209.34,4
263,71,1,14.81,59.0,1
263,72,1,0.0,54.5,1
263,74,1884,3396.26,19451.18,2253
263,75,3165,3146.83,24604.72,3863
263,76,1,19.1,74.4,1
263,78,4,31.87,138.0,8
263,79,484,2143.02,10889.27,551
263,80,14,115.08,525.66,20
263,82,55,373.43,1597.2,58
263,83,19,105.5,409.7,26
263,85,3,44.13,188.2,4
263,87,175,1202.22,5376.78,168
263,88,106,767.62,3385.72,103
263,89,4,55.15,208.35,3
263,90,216,930.84,5281.2,247
263,92,9,88.62,392.45,7
263,93,2,15.27,62.0,2
263,94,4,28.6,122.6,5
263,95,18,199.74,804.4,20
263,96,2,26.51,99.3,2
263,97,10,95.47,426.78,11
263,98,1,14.37,59.7,1
263,100,251,857.31,5534.11,337
263,102,1,9.47,42.2,1
263,106,7,74.91,333.85,1
263,107,566,2113.92,11391.98,656
263,112,43,226.79,1109.19,52
263,113,228,1054.94,5750.41,277
263,114,161,862.86,4398.99,199
263,116,97,423.11,2222.97,102
263,117,3,77.53,324.7,3
263,119,5,25.23,122.8,5
263,120,3,17.57,95.8,3
263,121,2,26.34,70.39,2
263,123,1,16.04,62.5,1
263,124,2,37.51,144.6,2
263,125,56,335.06,1660.46,54
263,126,3,16.71,80.4,4
263,127,43,292.63,1327.93,37
263,129,62,398.03,1859.11,73
263,130,1,13.85,53.4,1
263,132,296,5443.95,20474.17,321
263,133,1,12.7,42.5,1
263,134,4,49.29,196.8,9
263,135,4,49.75,197.05,5
263,136,4,30.4,151.5,4
263,137,698,2299.5,12022.53,830
263,138,585,4815.28,19761.31,617
263,139,1,16.5,60.5,1
263,140,3413,3733.88,30412.49,4217
263,141,6303,5820.53,46665.24,8232
263,142,1678,3813.7,24501.3,1984
263,143,615,1525.21,9816.91,717
263,144,94,553.63,2718.36,117
263,145,81,288.61,1641.62,109
263,146,35,120.6,571.8,49
263,147,4,18.04,48.7,4
263,148,163,904.41,4278.37,178
263,149,1,17.17,73.0,1
263,151,524,1080.74,7052.05,670
263,152,45,162.89,907.77,38
263,153,1,9.5,44.3,1
263,155,2,19.4,123.0,2
263,157,11,77.24,220.5,17
263,158,102,625.85,3286.05,133
263,159,22,85.95,440.08,26
263,160,7,67.56,190.37,5
263,161,1551,3544.05,24536.4,1783
263,162,1588,3248.61,22100.52,1927
263,163,828,1720.08,12126.38,993
263,164,448,1458.21,8990.86,546
263,165,1,15.26,68.8,1
263,166,312,893.36,5478.31,364
263,167,4,21.11,99.7,4
263,168,68,206.91,967.03,85
263,169,5,26.6,76.9,5
263,170,982,2799.18,16873.3,1230
263,171,9,46.89,356.1,9
263,173,19,159.51,752.1,33
263,174,21,209.17,900.2,21
263,175,1,1.1,7.2,2
263,177,1,8.9,45.0,1
263,179,39,216.26,900.4,52
263,181,20,208.55,824.7,25
263,182,10,74.93,342.4,10
263,185,5,48.22,195.05,3
263,186,488,1792.15,11287.72,550
263,188,1,11.71,52.0,1
263,189,3,31.09,142.0,3
263,190,3,35.12,144.8,4
263,191,2,27.1,100.0,2
263,192,1,11.6,44.3,2
263,193,16,64.64,343.49,18
263,194,11,44.12,204.5,16
263,195,1,10.94,54.1,5
263,196,3,24.92,120.5,3
263,197,2,13.8,104.94,1
263,198,2,19.05,91.58,0
263,200,16,164.3,595.0,17
263,201,2,60.49,227.9,1
263,202,22,99.81,534.79,33
263,207,1,5.77,28.9,1
263,208,1,12.1,33.5,1
263,209,59,416.61,1793.4,63
263,210,1,14.5,58.5,1
263,211,101,600.3,3056.85,101
263,212,6,42.51,202.1,6
263,213,5,33.08,150.1,5
263,215,1,22.5,70.0,1
263,216,3,31.42,187.3,4
263,217,4,32.28,154.1,4
263,220,22,212.92,832.5,26
263,222,1,25.1,52.5,1
263,223,44,257.56,1144.58,50
263,224,157,625.82,3078.79,195
263,225,7,67.19,301.7,7
263,226,99,407.0,2107.98,125
263,227,1,13.84,60.4,1
263,228,9,112.83,458.9,9
263,229,2470,4311.62,28628.53,3170
263,230,541,1530.43,10158.89,616
263,231,177,1359.94,6145.58,171
263,232,97,508.39,2436.11,97
263,233,1076,2560.27,15041.26,1373
263,234,456,1779.05,10347.89,513
263,235,3,18.22,93.7,4
263,236,6574,4422.89,43843.05,8349
263,237,4268,5009.94,40765.21,5347
263,238,1721,2959.64,20614.06,2119
263,239,1982,3488.71,23865.09,2479
263,240,1,11.1,43.6,1
263,241,8,72.08,313.0,9
263,242,8,63.17,197.2,12
263,243,68,434.61,2084.22,89
263,244,177,1006.73,5030.12,160
263,245,1,20.1,80.0,1
263,246,270,1184.9,6824.93,296
263,247,9,41.87,192.9,10
263,248,5,28.82,113.7,6
263,249,218,1166.13,6169.68,262
263,250,2,15.24,68.3,2
263,252,1,11.43,44.3,1
263,254,5,40.37,201.7,5
263,255,24,179.66,863.5,34
263,256,41,317.37,1442.74,45
263,257,5,65.32,283.8,5
263,258,2,21.38,103.3,3
263,259,9,103.58,403.51,10
263,260,41,205.01,921.8,60
263,261,63,478.1,2060.99,57
263,262,2857,1887.02,18756.43,3650
263,263,3494,2079.26,25700.29,4505
